test_id,batch_id,category,scenario,expected_result,source_ids,named_controls,execution_status,privacy
R-015-01,B-015,SOURCE_PROVENANCE,"Alle oppgitte kilde-ID-er, egne sider/punkt, original SHA-256 og produkt-/komponentscope",Originalbytes uendret; fact peker på nøyaktig støttende kilde og qualificationSource der nødvendig.,"[""S01""]","[""PC-0091"", ""PC-0092"", ""PC-0093"", ""PC-1724"", ""PC-1725"", ""PC-1726"", ""PC-1727"", ""PC-1728"", ""PC-1729"", ""PC-1730""]",PLANNED_NOT_IMPLEMENTED,Syntetiske avtaler og offentlige katalogkilder; ingen private PDF-er
R-015-02,B-015,SCOPE,"Samme provider/type men annen agreementScope/versjon, samt annen provider og type",Ingen kilde-/fact-/addonlekkasje; ordinary og ukjente versjoner konverteres ikke til andre avtaler.,"[""S01""]","[""PC-0091"", ""PC-0092"", ""PC-0093"", ""PC-1724"", ""PC-1725"", ""PC-1726"", ""PC-1727"", ""PC-1728"", ""PC-1729"", ""PC-1730""]",PLANNED_NOT_IMPLEMENTED,Syntetiske avtaler og offentlige katalogkilder; ingen private PDF-er
R-015-03,B-015,SAME_PRODUCT,Hvert berørt eksakt produkt mot seg selv med samme konfigurasjon,Ingen kunstig forskjell eller uventet unknown på implementerte presise fakta.,"[""S01""]","[""PC-0091"", ""PC-0092"", ""PC-0093"", ""PC-1724"", ""PC-1725"", ""PC-1726"", ""PC-1727"", ""PC-1728"", ""PC-1729"", ""PC-1730""]",PLANNED_NOT_IMPLEMENTED,Syntetiske avtaler og offentlige katalogkilder; ingen private PDF-er
R-015-04,B-015,SIDE_SWAP,Alle batchens berørte sammenligninger A→B og B→A,"Tekst, scope, state, kilde og optionality flytter side uten betydningsendring.","[""S01""]","[""PC-0091"", ""PC-0092"", ""PC-0093"", ""PC-1724"", ""PC-1725"", ""PC-1726"", ""PC-1727"", ""PC-1728"", ""PC-1729"", ""PC-1730""]",PLANNED_NOT_IMPLEMENTED,Syntetiske avtaler og offentlige katalogkilder; ingen private PDF-er
R-015-05,B-015,CUSTOMER_MODE_SYNTHETIC,"Eksakt dokumentfact X mot katalog Y, to alternative X/Y-verdipar, ukjent og eksplisitt avslag",Dokument X beholdes med document-origin; unknown er ikke not_selected; katalogtilgjengelighet er aldri kundens valg.,"[""S01""]","[""PC-0091"", ""PC-0092"", ""PC-0093"", ""PC-1724"", ""PC-1725"", ""PC-1726"", ""PC-1727"", ""PC-1728"", ""PC-1729"", ""PC-1730""]",PLANNED_NOT_IMPLEMENTED,Syntetiske avtaler og offentlige katalogkilder; ingen private PDF-er
R-015-06,B-015,POSITIVE_CONTROL,Alle navngitte kontroller knyttet til batchen i det frosne regression-control-registry,"Ingen utilsiktet betydningsendring. Kontroller beskytter scope/fakta, ikke den feilaktige nøkkelplasseringen som skal rettes.","[""S01""]","[""PC-0091"", ""PC-0092"", ""PC-0093"", ""PC-1724"", ""PC-1725"", ""PC-1726"", ""PC-1727"", ""PC-1728"", ""PC-1729"", ""PC-1730""]",PLANNED_NOT_IMPLEMENTED,Syntetiske avtaler og offentlige katalogkilder; ingen private PDF-er
R-017-01,B-017,SOURCE_PROVENANCE,"Alle oppgitte kilde-ID-er, egne sider/punkt, original SHA-256 og produkt-/komponentscope",Originalbytes uendret; fact peker på nøyaktig støttende kilde og qualificationSource der nødvendig.,"[""S02""]","[""PC-2070"", ""PC-2071"", ""PC-2072"", ""PC-2073"", ""PC-2074"", ""PC-2075"", ""PC-2076"", ""PC-2077"", ""PC-2078"", ""PC-2079"", ""PC-2080"", ""PC-2081"", ""PC-2082""]",PLANNED_NOT_IMPLEMENTED,Syntetiske avtaler og offentlige katalogkilder; ingen private PDF-er
R-017-02,B-017,SCOPE,"Samme provider/type men annen agreementScope/versjon, samt annen provider og type",Ingen kilde-/fact-/addonlekkasje; ordinary og ukjente versjoner konverteres ikke til andre avtaler.,"[""S02""]","[""PC-2070"", ""PC-2071"", ""PC-2072"", ""PC-2073"", ""PC-2074"", ""PC-2075"", ""PC-2076"", ""PC-2077"", ""PC-2078"", ""PC-2079"", ""PC-2080"", ""PC-2081"", ""PC-2082""]",PLANNED_NOT_IMPLEMENTED,Syntetiske avtaler og offentlige katalogkilder; ingen private PDF-er
R-017-03,B-017,SAME_PRODUCT,Hvert berørt eksakt produkt mot seg selv med samme konfigurasjon,Ingen kunstig forskjell eller uventet unknown på implementerte presise fakta.,"[""S02""]","[""PC-2070"", ""PC-2071"", ""PC-2072"", ""PC-2073"", ""PC-2074"", ""PC-2075"", ""PC-2076"", ""PC-2077"", ""PC-2078"", ""PC-2079"", ""PC-2080"", ""PC-2081"", ""PC-2082""]",PLANNED_NOT_IMPLEMENTED,Syntetiske avtaler og offentlige katalogkilder; ingen private PDF-er
R-017-04,B-017,SIDE_SWAP,Alle batchens berørte sammenligninger A→B og B→A,"Tekst, scope, state, kilde og optionality flytter side uten betydningsendring.","[""S02""]","[""PC-2070"", ""PC-2071"", ""PC-2072"", ""PC-2073"", ""PC-2074"", ""PC-2075"", ""PC-2076"", ""PC-2077"", ""PC-2078"", ""PC-2079"", ""PC-2080"", ""PC-2081"", ""PC-2082""]",PLANNED_NOT_IMPLEMENTED,Syntetiske avtaler og offentlige katalogkilder; ingen private PDF-er
R-017-05,B-017,CUSTOMER_MODE_SYNTHETIC,"Eksakt dokumentfact X mot katalog Y, to alternative X/Y-verdipar, ukjent og eksplisitt avslag",Dokument X beholdes med document-origin; unknown er ikke not_selected; katalogtilgjengelighet er aldri kundens valg.,"[""S02""]","[""PC-2070"", ""PC-2071"", ""PC-2072"", ""PC-2073"", ""PC-2074"", ""PC-2075"", ""PC-2076"", ""PC-2077"", ""PC-2078"", ""PC-2079"", ""PC-2080"", ""PC-2081"", ""PC-2082""]",PLANNED_NOT_IMPLEMENTED,Syntetiske avtaler og offentlige katalogkilder; ingen private PDF-er
R-017-06,B-017,POSITIVE_CONTROL,Alle navngitte kontroller knyttet til batchen i det frosne regression-control-registry,"Ingen utilsiktet betydningsendring. Kontroller beskytter scope/fakta, ikke den feilaktige nøkkelplasseringen som skal rettes.","[""S02""]","[""PC-2070"", ""PC-2071"", ""PC-2072"", ""PC-2073"", ""PC-2074"", ""PC-2075"", ""PC-2076"", ""PC-2077"", ""PC-2078"", ""PC-2079"", ""PC-2080"", ""PC-2081"", ""PC-2082""]",PLANNED_NOT_IMPLEMENTED,Syntetiske avtaler og offentlige katalogkilder; ingen private PDF-er
R-018-01,B-018,SOURCE_PROVENANCE,"Alle oppgitte kilde-ID-er, egne sider/punkt, original SHA-256 og produkt-/komponentscope",Originalbytes uendret; fact peker på nøyaktig støttende kilde og qualificationSource der nødvendig.,"[""S03""]","[""PC-0571"", ""PC-0572"", ""PC-0573"", ""PC-0574""]",PLANNED_NOT_IMPLEMENTED,Syntetiske avtaler og offentlige katalogkilder; ingen private PDF-er
R-018-02,B-018,SCOPE,"Samme provider/type men annen agreementScope/versjon, samt annen provider og type",Ingen kilde-/fact-/addonlekkasje; ordinary og ukjente versjoner konverteres ikke til andre avtaler.,"[""S03""]","[""PC-0571"", ""PC-0572"", ""PC-0573"", ""PC-0574""]",PLANNED_NOT_IMPLEMENTED,Syntetiske avtaler og offentlige katalogkilder; ingen private PDF-er
R-018-03,B-018,SAME_PRODUCT,Hvert berørt eksakt produkt mot seg selv med samme konfigurasjon,Ingen kunstig forskjell eller uventet unknown på implementerte presise fakta.,"[""S03""]","[""PC-0571"", ""PC-0572"", ""PC-0573"", ""PC-0574""]",PLANNED_NOT_IMPLEMENTED,Syntetiske avtaler og offentlige katalogkilder; ingen private PDF-er
R-018-04,B-018,SIDE_SWAP,Alle batchens berørte sammenligninger A→B og B→A,"Tekst, scope, state, kilde og optionality flytter side uten betydningsendring.","[""S03""]","[""PC-0571"", ""PC-0572"", ""PC-0573"", ""PC-0574""]",PLANNED_NOT_IMPLEMENTED,Syntetiske avtaler og offentlige katalogkilder; ingen private PDF-er
R-018-05,B-018,CUSTOMER_MODE_SYNTHETIC,"Eksakt dokumentfact X mot katalog Y, to alternative X/Y-verdipar, ukjent og eksplisitt avslag",Dokument X beholdes med document-origin; unknown er ikke not_selected; katalogtilgjengelighet er aldri kundens valg.,"[""S03""]","[""PC-0571"", ""PC-0572"", ""PC-0573"", ""PC-0574""]",PLANNED_NOT_IMPLEMENTED,Syntetiske avtaler og offentlige katalogkilder; ingen private PDF-er
R-018-06,B-018,POSITIVE_CONTROL,Alle navngitte kontroller knyttet til batchen i det frosne regression-control-registry,"Ingen utilsiktet betydningsendring. Kontroller beskytter scope/fakta, ikke den feilaktige nøkkelplasseringen som skal rettes.","[""S03""]","[""PC-0571"", ""PC-0572"", ""PC-0573"", ""PC-0574""]",PLANNED_NOT_IMPLEMENTED,Syntetiske avtaler og offentlige katalogkilder; ingen private PDF-er
R-019-01,B-019,SOURCE_PROVENANCE,"Alle oppgitte kilde-ID-er, egne sider/punkt, original SHA-256 og produkt-/komponentscope",Originalbytes uendret; fact peker på nøyaktig støttende kilde og qualificationSource der nødvendig.,"[""S04"", ""S05""]","[""OVERNIGHT-01"", ""PC-0532"", ""PC-0533"", ""PC-0534"", ""PC-0535"", ""PC-0536"", ""PC-0537"", ""PC-0538"", ""PC-0539"", ""PC-0540"", ""PC-0541"", ""PC-0542"", ""PC-0543""]",PLANNED_NOT_IMPLEMENTED,Syntetiske avtaler og offentlige katalogkilder; ingen private PDF-er
R-019-02,B-019,SCOPE,"Samme provider/type men annen agreementScope/versjon, samt annen provider og type",Ingen kilde-/fact-/addonlekkasje; ordinary og ukjente versjoner konverteres ikke til andre avtaler.,"[""S04"", ""S05""]","[""OVERNIGHT-01"", ""PC-0532"", ""PC-0533"", ""PC-0534"", ""PC-0535"", ""PC-0536"", ""PC-0537"", ""PC-0538"", ""PC-0539"", ""PC-0540"", ""PC-0541"", ""PC-0542"", ""PC-0543""]",PLANNED_NOT_IMPLEMENTED,Syntetiske avtaler og offentlige katalogkilder; ingen private PDF-er
R-019-03,B-019,SAME_PRODUCT,Hvert berørt eksakt produkt mot seg selv med samme konfigurasjon,Ingen kunstig forskjell eller uventet unknown på implementerte presise fakta.,"[""S04"", ""S05""]","[""OVERNIGHT-01"", ""PC-0532"", ""PC-0533"", ""PC-0534"", ""PC-0535"", ""PC-0536"", ""PC-0537"", ""PC-0538"", ""PC-0539"", ""PC-0540"", ""PC-0541"", ""PC-0542"", ""PC-0543""]",PLANNED_NOT_IMPLEMENTED,Syntetiske avtaler og offentlige katalogkilder; ingen private PDF-er
R-019-04,B-019,SIDE_SWAP,Alle batchens berørte sammenligninger A→B og B→A,"Tekst, scope, state, kilde og optionality flytter side uten betydningsendring.","[""S04"", ""S05""]","[""OVERNIGHT-01"", ""PC-0532"", ""PC-0533"", ""PC-0534"", ""PC-0535"", ""PC-0536"", ""PC-0537"", ""PC-0538"", ""PC-0539"", ""PC-0540"", ""PC-0541"", ""PC-0542"", ""PC-0543""]",PLANNED_NOT_IMPLEMENTED,Syntetiske avtaler og offentlige katalogkilder; ingen private PDF-er
R-019-05,B-019,CUSTOMER_MODE_SYNTHETIC,"Eksakt dokumentfact X mot katalog Y, to alternative X/Y-verdipar, ukjent og eksplisitt avslag",Dokument X beholdes med document-origin; unknown er ikke not_selected; katalogtilgjengelighet er aldri kundens valg.,"[""S04"", ""S05""]","[""OVERNIGHT-01"", ""PC-0532"", ""PC-0533"", ""PC-0534"", ""PC-0535"", ""PC-0536"", ""PC-0537"", ""PC-0538"", ""PC-0539"", ""PC-0540"", ""PC-0541"", ""PC-0542"", ""PC-0543""]",PLANNED_NOT_IMPLEMENTED,Syntetiske avtaler og offentlige katalogkilder; ingen private PDF-er
R-019-06,B-019,POSITIVE_CONTROL,Alle navngitte kontroller knyttet til batchen i det frosne regression-control-registry,"Ingen utilsiktet betydningsendring. Kontroller beskytter scope/fakta, ikke den feilaktige nøkkelplasseringen som skal rettes.","[""S04"", ""S05""]","[""OVERNIGHT-01"", ""PC-0532"", ""PC-0533"", ""PC-0534"", ""PC-0535"", ""PC-0536"", ""PC-0537"", ""PC-0538"", ""PC-0539"", ""PC-0540"", ""PC-0541"", ""PC-0542"", ""PC-0543""]",PLANNED_NOT_IMPLEMENTED,Syntetiske avtaler og offentlige katalogkilder; ingen private PDF-er
R-020-01,B-020,SOURCE_PROVENANCE,"Alle oppgitte kilde-ID-er, egne sider/punkt, original SHA-256 og produkt-/komponentscope",Originalbytes uendret; fact peker på nøyaktig støttende kilde og qualificationSource der nødvendig.,"[""S06"", ""S07"", ""S08""]","[""PC-0821"", ""PC-0822"", ""PC-0823"", ""PC-0824"", ""PC-0825"", ""PC-0826"", ""PC-0827"", ""PC-0828"", ""PC-0829"", ""PC-0830"", ""PC-0831"", ""PC-0832"", ""PC-0833"", ""PC-0834"", ""PC-0835"", ""PC-0836"", ""PC-0837"", ""PC-0838"", ""PC-0839"", ""PC-0840"", ""PC-0841"", ""PC-0842"", ""PC-0843"", ""PC-0844"", ""PC-0845"", ""PC-0846"", ""PC-0847"", ""PC-0848"", ""PC-0849"", ""PC-0850"", ""PC-0851"", ""PC-0852"", ""PC-0853"", ""PC-0854"", ""PC-0855"", ""PC-0856"", ""PC-0857"", ""PC-0858"", ""PC-0859"", ""PC-0860"", ""PC-0861"", ""PC-0862"", ""PC-0863"", ""PC-0864"", ""PC-0865"", ""PC-0866"", ""PC-0867"", ""PC-0868"", ""PC-0869"", ""PC-0870"", ""PC-0871"", ""PC-0872"", ""PC-0873""]",PLANNED_NOT_IMPLEMENTED,Syntetiske avtaler og offentlige katalogkilder; ingen private PDF-er
R-020-02,B-020,SCOPE,"Samme provider/type men annen agreementScope/versjon, samt annen provider og type",Ingen kilde-/fact-/addonlekkasje; ordinary og ukjente versjoner konverteres ikke til andre avtaler.,"[""S06"", ""S07"", ""S08""]","[""PC-0821"", ""PC-0822"", ""PC-0823"", ""PC-0824"", ""PC-0825"", ""PC-0826"", ""PC-0827"", ""PC-0828"", ""PC-0829"", ""PC-0830"", ""PC-0831"", ""PC-0832"", ""PC-0833"", ""PC-0834"", ""PC-0835"", ""PC-0836"", ""PC-0837"", ""PC-0838"", ""PC-0839"", ""PC-0840"", ""PC-0841"", ""PC-0842"", ""PC-0843"", ""PC-0844"", ""PC-0845"", ""PC-0846"", ""PC-0847"", ""PC-0848"", ""PC-0849"", ""PC-0850"", ""PC-0851"", ""PC-0852"", ""PC-0853"", ""PC-0854"", ""PC-0855"", ""PC-0856"", ""PC-0857"", ""PC-0858"", ""PC-0859"", ""PC-0860"", ""PC-0861"", ""PC-0862"", ""PC-0863"", ""PC-0864"", ""PC-0865"", ""PC-0866"", ""PC-0867"", ""PC-0868"", ""PC-0869"", ""PC-0870"", ""PC-0871"", ""PC-0872"", ""PC-0873""]",PLANNED_NOT_IMPLEMENTED,Syntetiske avtaler og offentlige katalogkilder; ingen private PDF-er
R-020-03,B-020,SAME_PRODUCT,Hvert berørt eksakt produkt mot seg selv med samme konfigurasjon,Ingen kunstig forskjell eller uventet unknown på implementerte presise fakta.,"[""S06"", ""S07"", ""S08""]","[""PC-0821"", ""PC-0822"", ""PC-0823"", ""PC-0824"", ""PC-0825"", ""PC-0826"", ""PC-0827"", ""PC-0828"", ""PC-0829"", ""PC-0830"", ""PC-0831"", ""PC-0832"", ""PC-0833"", ""PC-0834"", ""PC-0835"", ""PC-0836"", ""PC-0837"", ""PC-0838"", ""PC-0839"", ""PC-0840"", ""PC-0841"", ""PC-0842"", ""PC-0843"", ""PC-0844"", ""PC-0845"", ""PC-0846"", ""PC-0847"", ""PC-0848"", ""PC-0849"", ""PC-0850"", ""PC-0851"", ""PC-0852"", ""PC-0853"", ""PC-0854"", ""PC-0855"", ""PC-0856"", ""PC-0857"", ""PC-0858"", ""PC-0859"", ""PC-0860"", ""PC-0861"", ""PC-0862"", ""PC-0863"", ""PC-0864"", ""PC-0865"", ""PC-0866"", ""PC-0867"", ""PC-0868"", ""PC-0869"", ""PC-0870"", ""PC-0871"", ""PC-0872"", ""PC-0873""]",PLANNED_NOT_IMPLEMENTED,Syntetiske avtaler og offentlige katalogkilder; ingen private PDF-er
R-020-04,B-020,SIDE_SWAP,Alle batchens berørte sammenligninger A→B og B→A,"Tekst, scope, state, kilde og optionality flytter side uten betydningsendring.","[""S06"", ""S07"", ""S08""]","[""PC-0821"", ""PC-0822"", ""PC-0823"", ""PC-0824"", ""PC-0825"", ""PC-0826"", ""PC-0827"", ""PC-0828"", ""PC-0829"", ""PC-0830"", ""PC-0831"", ""PC-0832"", ""PC-0833"", ""PC-0834"", ""PC-0835"", ""PC-0836"", ""PC-0837"", ""PC-0838"", ""PC-0839"", ""PC-0840"", ""PC-0841"", ""PC-0842"", ""PC-0843"", ""PC-0844"", ""PC-0845"", ""PC-0846"", ""PC-0847"", ""PC-0848"", ""PC-0849"", ""PC-0850"", ""PC-0851"", ""PC-0852"", ""PC-0853"", ""PC-0854"", ""PC-0855"", ""PC-0856"", ""PC-0857"", ""PC-0858"", ""PC-0859"", ""PC-0860"", ""PC-0861"", ""PC-0862"", ""PC-0863"", ""PC-0864"", ""PC-0865"", ""PC-0866"", ""PC-0867"", ""PC-0868"", ""PC-0869"", ""PC-0870"", ""PC-0871"", ""PC-0872"", ""PC-0873""]",PLANNED_NOT_IMPLEMENTED,Syntetiske avtaler og offentlige katalogkilder; ingen private PDF-er
R-020-05,B-020,CUSTOMER_MODE_SYNTHETIC,"Eksakt dokumentfact X mot katalog Y, to alternative X/Y-verdipar, ukjent og eksplisitt avslag",Dokument X beholdes med document-origin; unknown er ikke not_selected; katalogtilgjengelighet er aldri kundens valg.,"[""S06"", ""S07"", ""S08""]","[""PC-0821"", ""PC-0822"", ""PC-0823"", ""PC-0824"", ""PC-0825"", ""PC-0826"", ""PC-0827"", ""PC-0828"", ""PC-0829"", ""PC-0830"", ""PC-0831"", ""PC-0832"", ""PC-0833"", ""PC-0834"", ""PC-0835"", ""PC-0836"", ""PC-0837"", ""PC-0838"", ""PC-0839"", ""PC-0840"", ""PC-0841"", ""PC-0842"", ""PC-0843"", ""PC-0844"", ""PC-0845"", ""PC-0846"", ""PC-0847"", ""PC-0848"", ""PC-0849"", ""PC-0850"", ""PC-0851"", ""PC-0852"", ""PC-0853"", ""PC-0854"", ""PC-0855"", ""PC-0856"", ""PC-0857"", ""PC-0858"", ""PC-0859"", ""PC-0860"", ""PC-0861"", ""PC-0862"", ""PC-0863"", ""PC-0864"", ""PC-0865"", ""PC-0866"", ""PC-0867"", ""PC-0868"", ""PC-0869"", ""PC-0870"", ""PC-0871"", ""PC-0872"", ""PC-0873""]",PLANNED_NOT_IMPLEMENTED,Syntetiske avtaler og offentlige katalogkilder; ingen private PDF-er
R-020-06,B-020,POSITIVE_CONTROL,Alle navngitte kontroller knyttet til batchen i det frosne regression-control-registry,"Ingen utilsiktet betydningsendring. Kontroller beskytter scope/fakta, ikke den feilaktige nøkkelplasseringen som skal rettes.","[""S06"", ""S07"", ""S08""]","[""PC-0821"", ""PC-0822"", ""PC-0823"", ""PC-0824"", ""PC-0825"", ""PC-0826"", ""PC-0827"", ""PC-0828"", ""PC-0829"", ""PC-0830"", ""PC-0831"", ""PC-0832"", ""PC-0833"", ""PC-0834"", ""PC-0835"", ""PC-0836"", ""PC-0837"", ""PC-0838"", ""PC-0839"", ""PC-0840"", ""PC-0841"", ""PC-0842"", ""PC-0843"", ""PC-0844"", ""PC-0845"", ""PC-0846"", ""PC-0847"", ""PC-0848"", ""PC-0849"", ""PC-0850"", ""PC-0851"", ""PC-0852"", ""PC-0853"", ""PC-0854"", ""PC-0855"", ""PC-0856"", ""PC-0857"", ""PC-0858"", ""PC-0859"", ""PC-0860"", ""PC-0861"", ""PC-0862"", ""PC-0863"", ""PC-0864"", ""PC-0865"", ""PC-0866"", ""PC-0867"", ""PC-0868"", ""PC-0869"", ""PC-0870"", ""PC-0871"", ""PC-0872"", ""PC-0873""]",PLANNED_NOT_IMPLEMENTED,Syntetiske avtaler og offentlige katalogkilder; ingen private PDF-er
R-021-01,B-021,SOURCE_PROVENANCE,"Alle oppgitte kilde-ID-er, egne sider/punkt, original SHA-256 og produkt-/komponentscope",Originalbytes uendret; fact peker på nøyaktig støttende kilde og qualificationSource der nødvendig.,"[""S04""]","[""PC-0532"", ""PC-0533"", ""PC-0534"", ""PC-0535"", ""PC-0536"", ""PC-0537"", ""PC-0538"", ""PC-0539"", ""PC-0540"", ""PC-0541"", ""PC-0542"", ""PC-0543""]",PLANNED_NOT_IMPLEMENTED,Syntetiske avtaler og offentlige katalogkilder; ingen private PDF-er
R-021-02,B-021,SCOPE,"Samme provider/type men annen agreementScope/versjon, samt annen provider og type",Ingen kilde-/fact-/addonlekkasje; ordinary og ukjente versjoner konverteres ikke til andre avtaler.,"[""S04""]","[""PC-0532"", ""PC-0533"", ""PC-0534"", ""PC-0535"", ""PC-0536"", ""PC-0537"", ""PC-0538"", ""PC-0539"", ""PC-0540"", ""PC-0541"", ""PC-0542"", ""PC-0543""]",PLANNED_NOT_IMPLEMENTED,Syntetiske avtaler og offentlige katalogkilder; ingen private PDF-er
R-021-03,B-021,SAME_PRODUCT,Hvert berørt eksakt produkt mot seg selv med samme konfigurasjon,Ingen kunstig forskjell eller uventet unknown på implementerte presise fakta.,"[""S04""]","[""PC-0532"", ""PC-0533"", ""PC-0534"", ""PC-0535"", ""PC-0536"", ""PC-0537"", ""PC-0538"", ""PC-0539"", ""PC-0540"", ""PC-0541"", ""PC-0542"", ""PC-0543""]",PLANNED_NOT_IMPLEMENTED,Syntetiske avtaler og offentlige katalogkilder; ingen private PDF-er
R-021-04,B-021,SIDE_SWAP,Alle batchens berørte sammenligninger A→B og B→A,"Tekst, scope, state, kilde og optionality flytter side uten betydningsendring.","[""S04""]","[""PC-0532"", ""PC-0533"", ""PC-0534"", ""PC-0535"", ""PC-0536"", ""PC-0537"", ""PC-0538"", ""PC-0539"", ""PC-0540"", ""PC-0541"", ""PC-0542"", ""PC-0543""]",PLANNED_NOT_IMPLEMENTED,Syntetiske avtaler og offentlige katalogkilder; ingen private PDF-er
R-021-05,B-021,CUSTOMER_MODE_SYNTHETIC,"Eksakt dokumentfact X mot katalog Y, to alternative X/Y-verdipar, ukjent og eksplisitt avslag",Dokument X beholdes med document-origin; unknown er ikke not_selected; katalogtilgjengelighet er aldri kundens valg.,"[""S04""]","[""PC-0532"", ""PC-0533"", ""PC-0534"", ""PC-0535"", ""PC-0536"", ""PC-0537"", ""PC-0538"", ""PC-0539"", ""PC-0540"", ""PC-0541"", ""PC-0542"", ""PC-0543""]",PLANNED_NOT_IMPLEMENTED,Syntetiske avtaler og offentlige katalogkilder; ingen private PDF-er
R-021-06,B-021,POSITIVE_CONTROL,Alle navngitte kontroller knyttet til batchen i det frosne regression-control-registry,"Ingen utilsiktet betydningsendring. Kontroller beskytter scope/fakta, ikke den feilaktige nøkkelplasseringen som skal rettes.","[""S04""]","[""PC-0532"", ""PC-0533"", ""PC-0534"", ""PC-0535"", ""PC-0536"", ""PC-0537"", ""PC-0538"", ""PC-0539"", ""PC-0540"", ""PC-0541"", ""PC-0542"", ""PC-0543""]",PLANNED_NOT_IMPLEMENTED,Syntetiske avtaler og offentlige katalogkilder; ingen private PDF-er
R-022-01,B-022,SOURCE_PROVENANCE,"Alle oppgitte kilde-ID-er, egne sider/punkt, original SHA-256 og produkt-/komponentscope",Originalbytes uendret; fact peker på nøyaktig støttende kilde og qualificationSource der nødvendig.,"[""S09"", ""S10"", ""S11"", ""S12""]","[""PC-1056"", ""PC-1057"", ""PC-1058"", ""PC-1059"", ""PC-1060"", ""PC-1061""]",PLANNED_NOT_IMPLEMENTED,Syntetiske avtaler og offentlige katalogkilder; ingen private PDF-er
R-022-02,B-022,SCOPE,"Samme provider/type men annen agreementScope/versjon, samt annen provider og type",Ingen kilde-/fact-/addonlekkasje; ordinary og ukjente versjoner konverteres ikke til andre avtaler.,"[""S09"", ""S10"", ""S11"", ""S12""]","[""PC-1056"", ""PC-1057"", ""PC-1058"", ""PC-1059"", ""PC-1060"", ""PC-1061""]",PLANNED_NOT_IMPLEMENTED,Syntetiske avtaler og offentlige katalogkilder; ingen private PDF-er
R-022-03,B-022,SAME_PRODUCT,Hvert berørt eksakt produkt mot seg selv med samme konfigurasjon,Ingen kunstig forskjell eller uventet unknown på implementerte presise fakta.,"[""S09"", ""S10"", ""S11"", ""S12""]","[""PC-1056"", ""PC-1057"", ""PC-1058"", ""PC-1059"", ""PC-1060"", ""PC-1061""]",PLANNED_NOT_IMPLEMENTED,Syntetiske avtaler og offentlige katalogkilder; ingen private PDF-er
R-022-04,B-022,SIDE_SWAP,Alle batchens berørte sammenligninger A→B og B→A,"Tekst, scope, state, kilde og optionality flytter side uten betydningsendring.","[""S09"", ""S10"", ""S11"", ""S12""]","[""PC-1056"", ""PC-1057"", ""PC-1058"", ""PC-1059"", ""PC-1060"", ""PC-1061""]",PLANNED_NOT_IMPLEMENTED,Syntetiske avtaler og offentlige katalogkilder; ingen private PDF-er
R-022-05,B-022,CUSTOMER_MODE_SYNTHETIC,"Eksakt dokumentfact X mot katalog Y, to alternative X/Y-verdipar, ukjent og eksplisitt avslag",Dokument X beholdes med document-origin; unknown er ikke not_selected; katalogtilgjengelighet er aldri kundens valg.,"[""S09"", ""S10"", ""S11"", ""S12""]","[""PC-1056"", ""PC-1057"", ""PC-1058"", ""PC-1059"", ""PC-1060"", ""PC-1061""]",PLANNED_NOT_IMPLEMENTED,Syntetiske avtaler og offentlige katalogkilder; ingen private PDF-er
R-022-06,B-022,POSITIVE_CONTROL,Alle navngitte kontroller knyttet til batchen i det frosne regression-control-registry,"Ingen utilsiktet betydningsendring. Kontroller beskytter scope/fakta, ikke den feilaktige nøkkelplasseringen som skal rettes.","[""S09"", ""S10"", ""S11"", ""S12""]","[""PC-1056"", ""PC-1057"", ""PC-1058"", ""PC-1059"", ""PC-1060"", ""PC-1061""]",PLANNED_NOT_IMPLEMENTED,Syntetiske avtaler og offentlige katalogkilder; ingen private PDF-er
R-015-07,B-015,CATALOG_UNIT,Ekstra §2.4 privat versus transportbyrå/idrettslag/forening,30 000 kun profesjonell/organisert tyveri/skadeverk per skadetilfelle; ingen ubegrenset-påstand for privat.,"[""S01""]","[""PC-0091"", ""PC-0092"", ""PC-0093"", ""PC-1724"", ""PC-1725"", ""PC-1726"", ""PC-1727"", ""PC-1728"", ""PC-1729"", ""PC-1730""]",PLANNED_NOT_IMPLEMENTED,Syntetiske avtaler og offentlige katalogkilder; ingen private PDF-er
R-015-08,B-015,CROSS_PRODUCT,Tryg Innbo basis/Ekstra versus Storebrand Super og andre eksisterende transportskadeprodukter,Presis tyveri/skadeverk-rad skilles fra generell transport/bæring; B-005 uendret.,"[""S01""]","[""PC-0091"", ""PC-0092"", ""PC-0093"", ""PC-1724"", ""PC-1725"", ""PC-1726"", ""PC-1727"", ""PC-1728"", ""PC-1729"", ""PC-1730""]",PLANNED_NOT_IMPLEMENTED,Syntetiske avtaler og offentlige katalogkilder; ingen private PDF-er
R-015-09,B-015,TYPE_ISOLATION,Liknende transportord i Reise/Bil og uspesifisert dokumentlabel Skade ved flytting,Ingen feilaktig ny Innbo-tyverikey. Dokumentfakta beholdes konservativt.,"[""S01""]","[""PC-0091"", ""PC-0092"", ""PC-0093"", ""PC-1724"", ""PC-1725"", ""PC-1726"", ""PC-1727"", ""PC-1728"", ""PC-1729"", ""PC-1730""]",PLANNED_NOT_IMPLEMENTED,Syntetiske avtaler og offentlige katalogkilder; ingen private PDF-er
R-017-07,B-017,CATALOG_UNIT,"Fremmøte, avgang og bagasje uten tilgang under overnatting i samme produkt",6 000 hotell/ubegrenset innhenting gjelder fremmøte; avgang har samlet 6 000 og betinget 24-timersinnhenting; bagasjegrense 500 særskilt.,"[""S02""]","[""PC-2070"", ""PC-2071"", ""PC-2072"", ""PC-2073"", ""PC-2074"", ""PC-2075"", ""PC-2076"", ""PC-2077"", ""PC-2078"", ""PC-2079"", ""PC-2080"", ""PC-2081"", ""PC-2082""]",PLANNED_NOT_IMPLEMENTED,Syntetiske avtaler og offentlige katalogkilder; ingen private PDF-er
R-017-08,B-017,INHERITANCE,Aktivt fremtind-reise mot historisk eika-reise-p10/pluss og eksisterende kanalvalg,Ingen endring av historiske Eika-facts eller varighetsvalg; ingen kopiering mellom source versions.,"[""S02""]","[""PC-2070"", ""PC-2071"", ""PC-2072"", ""PC-2073"", ""PC-2074"", ""PC-2075"", ""PC-2076"", ""PC-2077"", ""PC-2078"", ""PC-2079"", ""PC-2080"", ""PC-2081"", ""PC-2082""]",PLANNED_NOT_IMPLEMENTED,Syntetiske avtaler og offentlige katalogkilder; ingen private PDF-er
R-017-09,B-017,PRODUCT_COMPARISON,Fremtind mot Tryg og Storebrand etter B-021,Separate avgang/fremmøte-rader med person/hendelse og hotell/transport uttrykt; ingen falsk likhet basert kun på beløp.,"[""S02""]","[""PC-2070"", ""PC-2071"", ""PC-2072"", ""PC-2073"", ""PC-2074"", ""PC-2075"", ""PC-2076"", ""PC-2077"", ""PC-2078"", ""PC-2079"", ""PC-2080"", ""PC-2081"", ""PC-2082""]",PLANNED_NOT_IMPLEMENTED,Syntetiske avtaler og offentlige katalogkilder; ingen private PDF-er
R-017-10,B-017,CUSTOMER_MODE_SYNTHETIC,"Eldre dokument-key reise.forsinkelse.rute med reelt innhold, med/uten presist barn og etter gjentatt normalisering",Behold dokumenttekst/barn; ingen usikker katalogutfylling av avgang/fremmøte. Tom/unknown-placeholder behandles separat.,"[""S02""]","[""PC-2070"", ""PC-2071"", ""PC-2072"", ""PC-2073"", ""PC-2074"", ""PC-2075"", ""PC-2076"", ""PC-2077"", ""PC-2078"", ""PC-2079"", ""PC-2080"", ""PC-2081"", ""PC-2082""]",PLANNED_NOT_IMPLEMENTED,Syntetiske avtaler og offentlige katalogkilder; ingen private PDF-er
R-018-07,B-018,ADDON,Ingen / Tap / Bruksverdi alene / gammelt addon-ID / Tap med Bruksverdi avslått,Ingen Tap-inferens fra child; Tap-valg gir betinget bruksverdifakta; gammelt ID auto-migreres ikke; child-avslag fjerner ikke Liv.,"[""S03""]","[""PC-0571"", ""PC-0572"", ""PC-0573"", ""PC-0574""]",PLANNED_NOT_IMPLEMENTED,Syntetiske avtaler og offentlige katalogkilder; ingen private PDF-er
R-018-08,B-018,CATALOG_UNIT,"Tap-bruksverdi under 8 år, særvilkår og 50 % av avtalt Tap-sum",Ingen numerisk kundesum; hovedforfall etter 10 år på Tap forveksles ikke med child-alderskravet; avl-unntak og attest bevares.,"[""S03""]","[""PC-0571"", ""PC-0572"", ""PC-0573"", ""PC-0574""]",PLANNED_NOT_IMPLEMENTED,Syntetiske avtaler og offentlige katalogkilder; ingen private PDF-er
R-018-09,B-018,SPECIES_ISOLATION,"Frende Hund/Katt, Medisin/Tann; Fremtind separat Bruk og Storebrand inkludert bruksverdi",Bare Frende Hund Tap-komposisjon endres; ingen generell Bruk→Liv-policy kopieres.,"[""S03""]","[""PC-0571"", ""PC-0572"", ""PC-0573"", ""PC-0574""]",PLANNED_NOT_IMPLEMENTED,Syntetiske avtaler og offentlige katalogkilder; ingen private PDF-er
R-019-07,B-019,PRODUCT_COMPARISON,OVERNIGHT-01: Standard og Super mot Tryg Ekstra/Premium i begge retninger,Kjent reise.overnatting på Storebrand; ingen false unknown eller unavailable; ingen kopiert tjenestereise.,"[""S04"", ""S05""]","[""OVERNIGHT-01"", ""PC-0532"", ""PC-0533"", ""PC-0534"", ""PC-0535"", ""PC-0536"", ""PC-0537"", ""PC-0538"", ""PC-0539"", ""PC-0540"", ""PC-0541"", ""PC-0542"", ""PC-0543""]",PLANNED_NOT_IMPLEMENTED,Syntetiske avtaler og offentlige katalogkilder; ingen private PDF-er
R-019-08,B-019,INHERITANCE,"Standard/Super common, særskilt leiebil og avbestilling/arrangement",Generell dagstur omfattet sameksisterer med spesifikke overnattingskrav; geografi og medisinske unntak uendret.,"[""S04"", ""S05""]","[""OVERNIGHT-01"", ""PC-0532"", ""PC-0533"", ""PC-0534"", ""PC-0535"", ""PC-0536"", ""PC-0537"", ""PC-0538"", ""PC-0539"", ""PC-0540"", ""PC-0541"", ""PC-0542"", ""PC-0543""]",PLANNED_NOT_IMPLEMENTED,Syntetiske avtaler og offentlige katalogkilder; ingen private PDF-er
R-019-09,B-019,TYPE_ISOLATION,Ordet overnatting i bolig midlertidig bosted og reise sykeledsagelse,Ingen generell trip eligibility utledes fra en fordelsbetingelse.,"[""S04"", ""S05""]","[""OVERNIGHT-01"", ""PC-0532"", ""PC-0533"", ""PC-0534"", ""PC-0535"", ""PC-0536"", ""PC-0537"", ""PC-0538"", ""PC-0539"", ""PC-0540"", ""PC-0541"", ""PC-0542"", ""PC-0543""]",PLANNED_NOT_IMPLEMENTED,Syntetiske avtaler og offentlige katalogkilder; ingen private PDF-er
R-020-07,B-020,INHERITANCE,Hus Standard / Standard med råte-insekt-tillegg / Hus Pluss,Dyr-gren består i alle tre; Pluss/tillegg beholder lukt/isolasjon og legger til insektgren uten erstatning.,"[""S06"", ""S07"", ""S08""]","[""PC-0821"", ""PC-0822"", ""PC-0823"", ""PC-0824"", ""PC-0825"", ""PC-0826"", ""PC-0827"", ""PC-0828"", ""PC-0829"", ""PC-0830"", ""PC-0831"", ""PC-0832"", ""PC-0833"", ""PC-0834"", ""PC-0835"", ""PC-0836"", ""PC-0837"", ""PC-0838"", ""PC-0839"", ""PC-0840"", ""PC-0841"", ""PC-0842"", ""PC-0843"", ""PC-0844"", ""PC-0845"", ""PC-0846"", ""PC-0847"", ""PC-0848"", ""PC-0849"", ""PC-0850"", ""PC-0851"", ""PC-0852"", ""PC-0853"", ""PC-0854"", ""PC-0855"", ""PC-0856"", ""PC-0857"", ""PC-0858"", ""PC-0859"", ""PC-0860"", ""PC-0861"", ""PC-0862"", ""PC-0863"", ""PC-0864"", ""PC-0865"", ""PC-0866"", ""PC-0867"", ""PC-0868"", ""PC-0869"", ""PC-0870"", ""PC-0871"", ""PC-0872"", ""PC-0873""]",PLANNED_NOT_IMPLEMENTED,Syntetiske avtaler og offentlige katalogkilder; ingen private PDF-er
R-020-08,B-020,ADDON,"Insekter tilgjengelig men uvalgt, eksplisitt valgt, eksplisitt avslått; dyr inkludert",Produktmodus viser optional insekter ved siden av inkludert dyr; kundemodus krever valg og bevarer dyredekning ved insektavslag.,"[""S06"", ""S07"", ""S08""]","[""PC-0821"", ""PC-0822"", ""PC-0823"", ""PC-0824"", ""PC-0825"", ""PC-0826"", ""PC-0827"", ""PC-0828"", ""PC-0829"", ""PC-0830"", ""PC-0831"", ""PC-0832"", ""PC-0833"", ""PC-0834"", ""PC-0835"", ""PC-0836"", ""PC-0837"", ""PC-0838"", ""PC-0839"", ""PC-0840"", ""PC-0841"", ""PC-0842"", ""PC-0843"", ""PC-0844"", ""PC-0845"", ""PC-0846"", ""PC-0847"", ""PC-0848"", ""PC-0849"", ""PC-0850"", ""PC-0851"", ""PC-0852"", ""PC-0853"", ""PC-0854"", ""PC-0855"", ""PC-0856"", ""PC-0857"", ""PC-0858"", ""PC-0859"", ""PC-0860"", ""PC-0861"", ""PC-0862"", ""PC-0863"", ""PC-0864"", ""PC-0865"", ""PC-0866"", ""PC-0867"", ""PC-0868"", ""PC-0869"", ""PC-0870"", ""PC-0871"", ""PC-0872"", ""PC-0873""]",PLANNED_NOT_IMPLEMENTED,Syntetiske avtaler og offentlige katalogkilder; ingen private PDF-er
R-020-09,B-020,CATALOG_UNIT,"Bekjempelse mot bygningsskade, fullverdi, 2 000 versus 6 000 egenandel","Ingen blanding av handling, insekt/dyr/råte eller egenandelsområde; ikke bare materialnedbrytning for mus/rotter.","[""S06"", ""S07"", ""S08""]","[""PC-0821"", ""PC-0822"", ""PC-0823"", ""PC-0824"", ""PC-0825"", ""PC-0826"", ""PC-0827"", ""PC-0828"", ""PC-0829"", ""PC-0830"", ""PC-0831"", ""PC-0832"", ""PC-0833"", ""PC-0834"", ""PC-0835"", ""PC-0836"", ""PC-0837"", ""PC-0838"", ""PC-0839"", ""PC-0840"", ""PC-0841"", ""PC-0842"", ""PC-0843"", ""PC-0844"", ""PC-0845"", ""PC-0846"", ""PC-0847"", ""PC-0848"", ""PC-0849"", ""PC-0850"", ""PC-0851"", ""PC-0852"", ""PC-0853"", ""PC-0854"", ""PC-0855"", ""PC-0856"", ""PC-0857"", ""PC-0858"", ""PC-0859"", ""PC-0860"", ""PC-0861"", ""PC-0862"", ""PC-0863"", ""PC-0864"", ""PC-0865"", ""PC-0866"", ""PC-0867"", ""PC-0868"", ""PC-0869"", ""PC-0870"", ""PC-0871"", ""PC-0872"", ""PC-0873""]",PLANNED_NOT_IMPLEMENTED,Syntetiske avtaler og offentlige katalogkilder; ingen private PDF-er
R-020-10,B-020,CROSS_PRODUCT,Gjensidige mot uendrede Tryg/If/Fremtind/Storebrand/Frende Hus med brede keys,Ingen automatisk smal motpart fra generisk pest-tekst; ingen global datamigrering.,"[""S06"", ""S07"", ""S08""]","[""PC-0821"", ""PC-0822"", ""PC-0823"", ""PC-0824"", ""PC-0825"", ""PC-0826"", ""PC-0827"", ""PC-0828"", ""PC-0829"", ""PC-0830"", ""PC-0831"", ""PC-0832"", ""PC-0833"", ""PC-0834"", ""PC-0835"", ""PC-0836"", ""PC-0837"", ""PC-0838"", ""PC-0839"", ""PC-0840"", ""PC-0841"", ""PC-0842"", ""PC-0843"", ""PC-0844"", ""PC-0845"", ""PC-0846"", ""PC-0847"", ""PC-0848"", ""PC-0849"", ""PC-0850"", ""PC-0851"", ""PC-0852"", ""PC-0853"", ""PC-0854"", ""PC-0855"", ""PC-0856"", ""PC-0857"", ""PC-0858"", ""PC-0859"", ""PC-0860"", ""PC-0861"", ""PC-0862"", ""PC-0863"", ""PC-0864"", ""PC-0865"", ""PC-0866"", ""PC-0867"", ""PC-0868"", ""PC-0869"", ""PC-0870"", ""PC-0871"", ""PC-0872"", ""PC-0873""]",PLANNED_NOT_IMPLEMENTED,Syntetiske avtaler og offentlige katalogkilder; ingen private PDF-er
R-020-11,B-020,TYPE_ISOLATION,Innbo-skadedyr og Bobil-skadedyr samt presis/uklar dokumentregel for Hus,Kun Hus-barna mappes når eksplisitt; ingen oppfunnet splitting av brede dokumentfacts.,"[""S06"", ""S07"", ""S08""]","[""PC-0821"", ""PC-0822"", ""PC-0823"", ""PC-0824"", ""PC-0825"", ""PC-0826"", ""PC-0827"", ""PC-0828"", ""PC-0829"", ""PC-0830"", ""PC-0831"", ""PC-0832"", ""PC-0833"", ""PC-0834"", ""PC-0835"", ""PC-0836"", ""PC-0837"", ""PC-0838"", ""PC-0839"", ""PC-0840"", ""PC-0841"", ""PC-0842"", ""PC-0843"", ""PC-0844"", ""PC-0845"", ""PC-0846"", ""PC-0847"", ""PC-0848"", ""PC-0849"", ""PC-0850"", ""PC-0851"", ""PC-0852"", ""PC-0853"", ""PC-0854"", ""PC-0855"", ""PC-0856"", ""PC-0857"", ""PC-0858"", ""PC-0859"", ""PC-0860"", ""PC-0861"", ""PC-0862"", ""PC-0863"", ""PC-0864"", ""PC-0865"", ""PC-0866"", ""PC-0867"", ""PC-0868"", ""PC-0869"", ""PC-0870"", ""PC-0871"", ""PC-0872"", ""PC-0873""]",PLANNED_NOT_IMPLEMENTED,Syntetiske avtaler og offentlige katalogkilder; ingen private PDF-er
R-021-07,B-021,CATALOG_UNIT,Standard fremmøte og avgang med summer fra samme kilde-tabell,3 000/20 000 ved fremmøte; 3 000/1 500 ved avgang; ingen 23 000 eller gjensidig utbytting.,"[""S04""]","[""PC-0532"", ""PC-0533"", ""PC-0534"", ""PC-0535"", ""PC-0536"", ""PC-0537"", ""PC-0538"", ""PC-0539"", ""PC-0540"", ""PC-0541"", ""PC-0542"", ""PC-0543""]",PLANNED_NOT_IMPLEMENTED,Syntetiske avtaler og offentlige katalogkilder; ingen private PDF-er
R-021-08,B-021,INHERITANCE,Super som arver Standard og erstatter de to summetermene,"Ubegrenset i hver korrekt hendelse; 1,5-time-/24-time-betingelser blir stående; ingen feilrettet hotellterskel.","[""S04""]","[""PC-0532"", ""PC-0533"", ""PC-0534"", ""PC-0535"", ""PC-0536"", ""PC-0537"", ""PC-0538"", ""PC-0539"", ""PC-0540"", ""PC-0541"", ""PC-0542"", ""PC-0543""]",PLANNED_NOT_IMPLEMENTED,Syntetiske avtaler og offentlige katalogkilder; ingen private PDF-er
R-021-09,B-021,PRODUCT_COMPARISON,Storebrand Standard/Super versus Fremtind og Tryg,Samme hendelsesfamilie side ved side; hele scoped texts beholdes; bagasje500 og B-019 unaffected.,"[""S04""]","[""PC-0532"", ""PC-0533"", ""PC-0534"", ""PC-0535"", ""PC-0536"", ""PC-0537"", ""PC-0538"", ""PC-0539"", ""PC-0540"", ""PC-0541"", ""PC-0542"", ""PC-0543""]",PLANNED_NOT_IMPLEMENTED,Syntetiske avtaler og offentlige katalogkilder; ingen private PDF-er
R-022-07,B-022,ADDON,"Gjensidige Hund/Katt: ingen, Liv, Bruk, Liv+Bruk; ulike rekkefølger",Streng manuell Bruk alene avvises; Liv alene inkluderer ikke Bruk; Liv+Bruk gyldig og deterministisk.,"[""S09"", ""S10"", ""S11"", ""S12""]","[""PC-1056"", ""PC-1057"", ""PC-1058"", ""PC-1059"", ""PC-1060"", ""PC-1061""]",PLANNED_NOT_IMPLEMENTED,Syntetiske avtaler og offentlige katalogkilder; ingen private PDF-er
R-022-08,B-022,SCOPE,"Dependency self/cycle/dangling/provider/type/scope/version, ekskludert/foreløpig ugyldig komponent",Avvis ugyldig katalogkonfigurasjon/valg; ingen global ID-resolving på tvers av produktkontekst.,"[""S09"", ""S10"", ""S11"", ""S12""]","[""PC-1056"", ""PC-1057"", ""PC-1058"", ""PC-1059"", ""PC-1060"", ""PC-1061""]",PLANNED_NOT_IMPLEMENTED,Syntetiske avtaler og offentlige katalogkilder; ingen private PDF-er
R-022-09,B-022,CUSTOMER_MODE_SYNTHETIC,Bruk selected med Liv missing/not_selected/conflict; Liv selected med Bruk missing/not_selected,"Behold dokumentfacts og base; ingen automatisk Liv eller Bruk; bare betinget katalogberikelse blokkeres, ikke hele avtalen.","[""S09"", ""S10"", ""S11"", ""S12""]","[""PC-1056"", ""PC-1057"", ""PC-1058"", ""PC-1059"", ""PC-1060"", ""PC-1061""]",PLANNED_NOT_IMPLEMENTED,Syntetiske avtaler og offentlige katalogkilder; ingen private PDF-er
R-022-10,B-022,PRODUCT_COMPARISON,Produktmodus materialiserer tilgjengelig avhengig Bruk,Optional med dependency; Liv-facts dupliseres ikke under Bruk og ingen kundevalg muteres.,"[""S09"", ""S10"", ""S11"", ""S12""]","[""PC-1056"", ""PC-1057"", ""PC-1058"", ""PC-1059"", ""PC-1060"", ""PC-1061""]",PLANNED_NOT_IMPLEMENTED,Syntetiske avtaler og offentlige katalogkilder; ingen private PDF-er
R-022-11,B-022,SPECIES_ISOLATION,Hund arbeidsfunksjon versus Hund avl versus Katt avl og opphør,Behold 50 % arbeidsfunksjon/100 % fysisk avlsevnetap; 8-års Hund Bruk/10-års Katt Bruk versus separate Liv-opphør. Ingen hund-key på katt.,"[""S09"", ""S10"", ""S11"", ""S12""]","[""PC-1056"", ""PC-1057"", ""PC-1058"", ""PC-1059"", ""PC-1060"", ""PC-1061""]",PLANNED_NOT_IMPLEMENTED,Syntetiske avtaler og offentlige katalogkilder; ingen private PDF-er
R-022-12,B-022,CROSS_PRODUCT,Alle eksisterende tillegg uten nye metadata; Frende/Tryg/If/Storebrand/Fremtind kontrollkombinasjoner,Backward compatibility; ingen global Bruk→Liv eller endring av eksisterende topp-/leiebil-/maskinskadetillegg.,"[""S09"", ""S10"", ""S11"", ""S12""]","[""PC-1056"", ""PC-1057"", ""PC-1058"", ""PC-1059"", ""PC-1060"", ""PC-1061""]",PLANNED_NOT_IMPLEMENTED,Syntetiske avtaler og offentlige katalogkilder; ingen private PDF-er
