root_id,scope,category,equivalence_evidence,authorization,used_scope_count,used_campaign_count
M01_NEXT_TYPEGEN_PRECONDITION,RV01,MECHANICAL_GATE_HARNESS,docs/audit/checkpoints/current-revalidation-rv01-af9a335/mechanical-root-M01.json,Activated user policy: <=3 roots/scope; <=12/campaign,1,1
M02_MANUAL_KNOWN_PRODUCT,B050_SUM_CHOICE,MECHANICAL_HARNESS,docs/audit/checkpoints/b050-sum-completion-5ffa5c5/root-M02_MANUAL_KNOWN_PRODUCT.json,Activated campaign limits 3/scope and 12/campaign,1,2
M03_QUALIFICATION_REFERENCE_AUDIT,B050_SUM_CHOICE,MECHANICAL_HARNESS,docs/audit/checkpoints/b050-sum-completion-5ffa5c5/root-M03_QUALIFICATION_REFERENCE_AUDIT.json,Activated campaign limits 3/scope and 12/campaign,2,3
M04_EXACT_PRODUCT_PAGE_ALLOWLIST,B050_SUM_CHOICE,MECHANICAL_HARNESS,docs/audit/checkpoints/b050-sum-completion-5ffa5c5/root-M04_EXACT_PRODUCT_PAGE_ALLOWLIST.json,Activated campaign limits 3/scope and 12/campaign,3,4
M05_LIV_DEPENDENCY_SOURCE_FIXTURE,B050_LIV_QUALIFICATIONS_EXPIRY,MECHANICAL_HARNESS,docs/audit/checkpoints/b050-liv-completion-04534f8/root-M05_LIV_DEPENDENCY_SOURCE_FIXTURE.json,Explicit user Liv packet policy 3/scope and 12/campaign,1,5
M06_CSV_LINE_ENDING_AUDIT_SERIALIZATION,B050_LIV_QUALIFICATIONS_EXPIRY,MECHANICAL_AUDIT_SERIALIZATION,docs/audit/checkpoints/b050-liv-completion-04534f8/root-M06_CSV_LINE_ENDING_AUDIT_SERIALIZATION.json,"Explicit active mechanical correction policy <=3 scope, <=12 campaign",2,6
M07_JSON_NATIVE_REVERSE_AUDIT,B050_TREATMENT,MECHANICAL_HARNESS,root-M07.json,authorization.md,1,7
M08_AUTHORITATIVE_REGISTRY_COLUMN,B050_TREATMENT,MECHANICAL_AUDIT_HARNESS,root-M08.json,authorization.md,2,8
M09_COMPLETE_REMEDIATION_MANIFEST,B050_TREATMENT,MECHANICAL_AUDIT_HARNESS,root-M09.json,authorization.md,3,9
