finding_id,severity,workflow,screen/component,evidence,advisor_impact,reproduction,remediation_direction,effort,pilot_blocking
PROD-001,IMPORTANT,pilot access / cross-customer,global session and main page,"No logout control exists; session lasts 12 hours and is shared-identity. React customer state remains until inputs change, reload or tab close.",Shared workstations can retain access and the prior result; advisors lack an explicit end-of-case action.,"Login locally, complete/inspect state, observe no logout or dedicated Clear all/End customer case control.",Add explicit logout and one-step clear/new-customer action; document browser-close procedure until delivered.,MEDIUM,false
PROD-002,IMPORTANT,onboarding/privacy,login and app shell,"Upload UI gives concise AI/data text, but login/main pages have no privacy notice link, controller/contact, retention link or incident contact.","Advisor cannot answer a customer or internal question about ownership, rights, retention or escalation from the product.",Open /pilot-access and authenticated empty state; inspect visible links/text.,Provide reviewed pilot privacy information and named support/privacy route.,SMALL,false
PROD-003,IMPORTANT,pilot operations,documentation/onboarding,"No advisor quick-start, known-limitations handout, incident-versus-feedback guide or pilot stop process was found.","A capable advisor can understand the core UI, but safe independent handling of errors/incidents depends on developer knowledge.",Review docs inventory and UI navigation.,Create a 10–20 minute quick guide and operating guide with stop conditions and support owner.,SMALL,false
PROD-004,IMPORTANT,feedback/support,application-wide,"No feedback widget, submission endpoint or feedback storage exists in app/lib; no documented external feedback process exists.","Advisors cannot consistently distinguish ordinary feedback, correctness bugs and privacy/security incidents.",Search routes/components for feedback and walk local UI.,Define a privacy-minimizing external or in-product feedback path and separate incident escalation.,SMALL,false
PROD-005,IMPORTANT,browser compatibility,Safari,Chrome/local semantic smoke and responsive automated checks exist; this audit did not perform a real Safari end-to-end smoke.,"Safari-specific upload, details/summary or streaming issues could surprise an advisor.",Manual Safari run is outstanding.,Complete the checklist Safari smoke with synthetic data before assigning Safari users.,SMALL,false
PROD-006,IMPORTANT,result interpretation,coverage status/detailed comparison,"UI repeatedly displays ""Ikke dokumentert"" but no global in-product explanation says this is not the same as ""ikke dekket""; source-origin labels are otherwise strong.",Advisor may overinterpret uncertainty as absence of cover.,Inspect empty/result copy and exact phrase search in app components.,Add concise result-level explanation and include it in advisor guide without changing comparison semantics.,SMALL,false
PROD-007,IMPORTANT,new customer / recovery,comparison workspace,"Changing files/modes clears results and aborts work, but there is no single explicit reset of files, manual objects, result, source panels and errors.",End-of-case hygiene is less obvious and previous-customer state can remain visible.,Use agreement workspace; observe input mutations clear result but no Clear all control.,Add an explicit new-customer/reset action and verify tab/back/refresh behavior.,SMALL,false
PROD-008,POLISH,error handling,404 page,Production /robots.txt returns the generic English Next.js 404 page; it leaks no customer data.,Unbranded English fallback is less professional but does not block workflow.,Safe GET /robots.txt.,Add branded localized not-found handling if useful.,SMALL,false
PROD-009,POLISH,pilot login,/pilot-access,"Login is clear and keyboard-native, but it does not display session duration, logout expectation or support contact.",Minor uncertainty about access lifecycle and help route.,Open fresh /pilot-access.,Add concise operational copy after authentication model is decided.,SMALL,false
