file,batch_ids,rule
lib/mc-bobil-gjensidige-storebrand-catalog.ts,"[""B-001"", ""B-012"", ""B-047"", ""B-054"", ""B-074"", ""B-081"", ""B-123"", ""B-134"", ""B-159"", ""B-167""]",SEQUENTIAL_ONE_FILE_OWNER
lib/fremtind-hus-catalog.ts,"[""B-002"", ""B-029"", ""B-102""]",SEQUENTIAL_ONE_FILE_OWNER
lib/boat-pet-catalog.ts,"[""B-003"", ""B-008"", ""B-009"", ""B-010"", ""B-018"", ""B-022"", ""B-036"", ""B-038"", ""B-041"", ""B-048"", ""B-050"", ""B-053"", ""B-060"", ""B-062"", ""B-065"", ""B-070"", ""B-071"", ""B-072"", ""B-075"", ""B-077"", ""B-080"", ""B-087"", ""B-089"", ""B-091"", ""B-109"", ""B-110"", ""B-113"", ""B-116"", ""B-124"", ""B-125"", ""B-128"", ""B-129"", ""B-132"", ""B-133"", ""B-141"", ""B-143"", ""B-144"", ""B-147"", ""B-148"", ""B-152"", ""B-153"", ""B-154"", ""B-155"", ""B-156"", ""B-157"", ""B-160"", ""B-162"", ""B-166"", ""B-175"", ""B-177"", ""B-178"", ""B-181"", ""B-182"", ""B-187"", ""B-195"", ""B-196"", ""B-197"", ""B-199"", ""B-200""]",SEQUENTIAL_ONE_FILE_OWNER
lib/if-reise-catalog.ts,"[""B-004"", ""B-067"", ""B-149""]",SEQUENTIAL_ONE_FILE_OWNER
lib/storebrand-innbo-catalog.ts,"[""B-005"", ""B-079"", ""B-164"", ""B-165""]",SEQUENTIAL_ONE_FILE_OWNER
lib/frende-catalog.ts,"[""B-006"", ""B-034"", ""B-107""]",SEQUENTIAL_ONE_FILE_OWNER
lib/gjensidige-hus-catalog.ts,"[""B-007"", ""B-020"", ""B-051"", ""B-130""]",SEQUENTIAL_ONE_FILE_OWNER
lib/tryg-innbo-catalog.ts,"[""B-011"", ""B-015"", ""B-090"", ""B-179"", ""B-180"", ""B-201""]",SEQUENTIAL_ONE_FILE_OWNER
lib/storebrand-hus-catalog.ts,"[""B-013"", ""B-078"", ""B-163""]",SEQUENTIAL_ONE_FILE_OWNER
lib/gjensidige-innbo-catalog.ts,"[""B-014"", ""B-052"", ""B-131""]",SEQUENTIAL_ONE_FILE_OWNER
lib/insurance-normalization.ts,"[""B-015"", ""B-017"", ""B-019"", ""B-020"", ""B-021"", ""B-102"", ""B-103"", ""B-105"", ""B-106"", ""B-107"", ""B-114"", ""B-115"", ""B-121"", ""B-122"", ""B-130"", ""B-131"", ""B-135"", ""B-139"", ""B-145"", ""B-146"", ""B-149"", ""B-158"", ""B-163"", ""B-164"", ""B-165"", ""B-168"", ""B-173"", ""B-179"", ""B-180"", ""B-184""]",SEQUENTIAL_ONE_FILE_OWNER
lib/gjensidige-reise-catalog.ts,"[""B-016"", ""B-055"", ""B-135""]",SEQUENTIAL_ONE_FILE_OWNER
lib/fremtind-reise-catalog.ts,"[""B-017"", ""B-032"", ""B-105"", ""B-192"", ""B-205""]",SEQUENTIAL_ONE_FILE_OWNER
lib/boat-pet-registry.ts,"[""B-018"", ""B-022"", ""B-109"", ""B-110"", ""B-113"", ""B-116"", ""B-124"", ""B-125"", ""B-128"", ""B-129"", ""B-132"", ""B-133"", ""B-141"", ""B-143"", ""B-144"", ""B-147"", ""B-148"", ""B-152"", ""B-153"", ""B-154"", ""B-155"", ""B-156"", ""B-157"", ""B-160"", ""B-162"", ""B-166"", ""B-175"", ""B-177"", ""B-178"", ""B-181"", ""B-182""]",SEQUENTIAL_ONE_FILE_OWNER
lib/storebrand-reise-catalog.ts,"[""B-019"", ""B-021"", ""B-082"", ""B-168""]",SEQUENTIAL_ONE_FILE_OWNER
lib/mc-bobil-fremtind-frende-catalog.ts,"[""B-023"", ""B-028"", ""B-031"", ""B-035"", ""B-042"", ""B-101"", ""B-104"", ""B-108"", ""B-117"", ""B-190""]",SEQUENTIAL_ONE_FILE_OWNER
lib/vehicle-object-catalog.ts,"[""B-024"", ""B-025"", ""B-026"", ""B-027"", ""B-037"", ""B-044"", ""B-045"", ""B-049"", ""B-056"", ""B-057"", ""B-061"", ""B-068"", ""B-069"", ""B-076"", ""B-083"", ""B-084"", ""B-088"", ""B-094"", ""B-095"", ""B-096"", ""B-097"", ""B-098"", ""B-099"", ""B-100"", ""B-111"", ""B-112"", ""B-118"", ""B-119"", ""B-120"", ""B-126"", ""B-127"", ""B-136"", ""B-137"", ""B-138"", ""B-142"", ""B-150"", ""B-151"", ""B-161"", ""B-169"", ""B-170"", ""B-171"", ""B-172"", ""B-176"", ""B-185"", ""B-186"", ""B-188"", ""B-189"", ""B-194"", ""B-204""]",SEQUENTIAL_ONE_FILE_OWNER
lib/fremtind-innbo-catalog.ts,"[""B-030"", ""B-103"", ""B-191""]",SEQUENTIAL_ONE_FILE_OWNER
lib/fremtind-catalog.ts,"[""B-033"", ""B-106"", ""B-193""]",SEQUENTIAL_ONE_FILE_OWNER
lib/frende-hus-catalog.ts,"[""B-039"", ""B-114""]",SEQUENTIAL_ONE_FILE_OWNER
lib/frende-innbo-catalog.ts,"[""B-040"", ""B-115""]",SEQUENTIAL_ONE_FILE_OWNER
lib/gjensidige-catalog.ts,"[""B-046"", ""B-121"", ""B-122""]",SEQUENTIAL_ONE_FILE_OWNER
lib/if-catalog.ts,"[""B-058"", ""B-139""]",SEQUENTIAL_ONE_FILE_OWNER
lib/mc-bobil-tryg-if-catalog.ts,"[""B-059"", ""B-066"", ""B-086"", ""B-092"", ""B-140"", ""B-174"", ""B-183"", ""B-198"", ""B-202""]",SEQUENTIAL_ONE_FILE_OWNER
lib/if-hus-catalog.ts,"[""B-063"", ""B-145""]",SEQUENTIAL_ONE_FILE_OWNER
lib/if-innbo-catalog.ts,"[""B-064"", ""B-146""]",SEQUENTIAL_ONE_FILE_OWNER
lib/storebrand-catalog.ts,"[""B-073"", ""B-158""]",SEQUENTIAL_ONE_FILE_OWNER
lib/tryg-catalog.ts,"[""B-085"", ""B-173""]",SEQUENTIAL_ONE_FILE_OWNER
lib/tryg-reise-catalog.ts,"[""B-093"", ""B-184"", ""B-203""]",SEQUENTIAL_ONE_FILE_OWNER
lib/vehicle-object-registry.ts,"[""B-096"", ""B-097"", ""B-098"", ""B-099"", ""B-100"", ""B-111"", ""B-112"", ""B-118"", ""B-119"", ""B-120"", ""B-126"", ""B-127"", ""B-136"", ""B-137"", ""B-138"", ""B-142"", ""B-150"", ""B-151"", ""B-161"", ""B-169"", ""B-170"", ""B-171"", ""B-172"", ""B-176"", ""B-185"", ""B-186""]",SEQUENTIAL_ONE_FILE_OWNER
lib/mc-bobil-registry.ts,"[""B-101"", ""B-104"", ""B-108"", ""B-117"", ""B-123"", ""B-134"", ""B-140"", ""B-159"", ""B-167"", ""B-174"", ""B-183""]",SEQUENTIAL_ONE_FILE_OWNER
