original_batch_id,final_batch_ids,root_ids,review_status,P1_signature_count,P2_only_signatures,mixed_gate_reason,original_work,original_complexity,reviewed
RB-01,"[""B-050"", ""B-053"", ""B-062"", ""B-065"", ""B-089"", ""B-091"", ""B-128"", ""B-129"", ""B-132"", ""B-133"", ""B-178"", ""B-182""]","[""SCRC-001"", ""SCRC-002""]",SPLIT_BY_SCOPE_MECHANISM_READINESS,88,"[""0db832c54fb3dde2"", ""0ed3c3d9386ee3b3"", ""151f5e5882a60f8a"", ""1a892b0a38fe9429"", ""227cf8a214bfb66a"", ""23bdbc9b786c02da"", ""2c0c65ca2119fca2"", ""32b3f60dde638f65"", ""527883b8fd718af7"", ""57c422d8c58797b4"", ""63020f194a2a25a6"", ""801e0e367553e02f"", ""81c7b73803d230ea"", ""8b8abda204dd0564"", ""8cbf061ecadfbf46"", ""91417a5614700e42"", ""92d8d76ad43d72dd"", ""9435abd0fc5d7139"", ""9ca996dbd86ce426"", ""aa529ea279f10b24"", ""b6f365d4df91e6f6"", ""c77ea306e5a82c73"", ""d8967dc3c7d6dd86"", ""de302c258698dbde"", ""ea621195dd3b2470"", ""fb730ac756e99ad3""]",Keep documented data independent from source-conflicted dimensions and unapproved semantic mapping. Split same root into atomic operations; serialize common files.,"Basismodellen bygger på et kort IPID-utvalg; rike behandlings-/produktvilkår er lokale, men flere presise regler er aldri ført inn. Liv/Ekstra har også sparsomme håndskrevne facts. Gjensidige Hund/Katt har samme kildeutnyttelsesgap: 4–5 basisrader og ett fakta per Liv/Bruk-modul, mens egne behandlings- og livsvilkår er tilgjengelige lokalt. Eksplisitte nivåtabeller er modellert som 3/6/8 hovedfacts. Felles veterinærpunkter og betingelser som livstidsperiode, skadefri opptjening og TR-undergrense mangler i raddefinisjonene.",DATA_ONLY,True
RB-02,"[""B-008"", ""B-036"", ""B-048"", ""B-075"", ""B-109"", ""B-110"", ""B-124"", ""B-125"", ""B-160""]","[""SCRC-003""]",SPLIT_BY_SCOPE_MECHANISM_READINESS,97,"[""0117821ac167a185"", ""315c6b0a830a6953"", ""3f740cb354242b93"", ""53e62b82474c6cab"", ""555711b783af29e7"", ""5b7b081f95cdabfa"", ""66f3c8cd4d2a9c09"", ""786da1bedd2eb70b"", ""7c8f078d1652d950"", ""8a6f09b042f9a928"", ""93076134f93081e8"", ""a80b22da40af355e"", ""b2380fbc0115e7ff"", ""c47fdd34fc9b7417"", ""dc579b2fd3b9a0a7"", ""e0c05f9427248139"", ""fc4143ab29a2a9da""]",Keep documented data independent from source-conflicted dimensions and unapproved semantic mapping. Split same root into atomic operations; serialize common files.,"Felles boatCore/boatFire/boatKasko gir grove Included-foreldre. Super rekonstruerer basis i stedet for å inkludere Kaskoens opplagsutstyrsrad. Kildens felles begrensninger og ytelser er ikke ført inn. Frende bruker samme grove boatCore/Fire/Kasko-funksjoner. Utvidet rekonstruerer Kasko uten dens løsørerad; to optional-komponenter har kun én tilgjengelighetsrad hver. Gjensidige bruker samme IPID-baserte boatFire/Kasko-hjelpere; Delkasko mister redning selv om egen IPID/fullkilde dokumenterer den, og lokale fullvilkår er ikke utnyttet for materielle grenser/vilkår.",SMALL_CODE,True
RB-03,"[""B-037"", ""B-044"", ""B-045"", ""B-112"", ""B-119"", ""B-120""]","[""SCRC-004""]",SPLIT_BY_SCOPE_MECHANISM_READINESS,7,"[""614ece0208b44403"", ""6547e19e2ea743ca"", ""7ca00e9a43cdc517"", ""c62bda0280bc1af5"", ""d116770a741d300e""]",Keep documented data independent from source-conflicted dimensions and unapproved semantic mapping. Split same root into atomic operations; serialize common files.,"Typebestemt skjelett over felles kjøretøyvilkår har dekning/geografi/utstyr, men mangler felles rettshjelp-dimensjoner og uttrykkelige snøscooter-/campingvognregler. Valgfri førerulykke mangler også som komponent.",SMALL_CODE,True
RB-04,"[""B-086"", ""B-180"", ""B-183""]","[""SCRC-005""]",SPLIT_BY_SCOPE_MECHANISM_READINESS,1,"[""0cd85158e52d34e0"", ""4f957a1bd578b082"", ""7ff3d6c681297d33"", ""8a0801b8c5bbe587"", ""a3555388641f0277"", ""dcc74f96cea5f7f0"", ""de096d155ef74807""]",Keep documented data independent from source-conflicted dimensions and unapproved semantic mapping. Split same root into atomic operations; serialize common files.,"Kontrollerte hovedmekanismer er riktige, men enkelte uttrykkelige egenandels-/oppgjørs-/tjenesteregler finnes bare i lokale fullvilkår. Årsak utover utelatte katalograder er ikke bevist.",DATA_ONLY,True
RB-05,"[""B-023"", ""B-028"", ""B-031"", ""B-101""]","[""SCRC-006""]",SPLIT_BY_SCOPE_MECHANISM_READINESS,2,"[""23c2463656c83065"", ""67a91970ecfae843"", ""e079c96d18b7e5a5""]",Keep documented data independent from source-conflicted dimensions and unapproved semantic mapping. Split same root into atomic operations; serialize common files.,MC Mini/Kasko-radsett utelater uttrykkelig MC-nyverdi fra felles vilkår; Bobil Topp henviser til startleieregel uten innhold og utelater egne mindre tilleggsytelser. Scope er bevart; ingen kanal-sammenblanding påvist.,DATA_ONLY,True
RB-06,"[""B-077"", ""B-080"", ""B-162"", ""B-166""]","[""SCRC-007""]",SPLIT_BY_SCOPE_MECHANISM_READINESS,52,"[""0a2966d1af45f7b1"", ""4045b075a4b7d19a"", ""4fe44f2c0ddc0cc7"", ""62575d7163e2bbcf"", ""728acd34ddfe8797"", ""9d44a8c67a2189a3"", ""ae8141350075b468"", ""b84e9bf47029d109"", ""c3fb9f678ca4260e"", ""d0557d39deefcd16"", ""d34dc38ae8e350b7"", ""e66a243b490e2747"", ""ec421c0b3f8c793b"", ""ee9a67b30ece9599"", ""f4c99befad7c3efe""]",Keep documented data independent from source-conflicted dimensions and unapproved semantic mapping. Split same root into atomic operations; serialize common files.,"Storebrand Hund/Katt er håndskrevet som veterinærbasens tre facts pluss opphørsalder og et kort dødsfallssett. Dyr04s detaljerte veterinær-, forsvinnings- og brukstapsregler er ikke ført inn. Kombinasjonsproduktet gjentar samme begrensede rader; runtime mister dem ikke.",SMALL_CODE,True
RB-07,"[""B-040"", ""B-115""]","[""SCRC-008""]",SPLIT_BY_SCOPE_MECHANISM_READINESS,10,"[""15a4b2b875be2ab8"", ""3cfee7169fafeb47"", ""3e9745fa1c937e19"", ""43f0b7733fa907d3"", ""4acb6e808ed4baf7"", ""8bc89a8b9e90f108"", ""95865651a6d11cf5"", ""9b190cfb395408fe"", ""c5a53b888ebd1b21"", ""f91ef677200d6398""]",Keep documented data independent from source-conflicted dimensions and unapproved semantic mapping. Split same root into atomic operations; serialize common files.,"Frende Innbo har et rikt og stort sett kildekorrekt radsett, men utelater enkelte standardhendelser, oppgjørsregler og konkrete vilkår bak generelle referanser. Uhell modellerer objektunntak, men ikke skadeårsaksunntak. Ingen runtime-tap av allerede definerte facts funnet.",SMALL_CODE,True
RB-08,"[""B-039"", ""B-114""]","[""SCRC-009""]",SPLIT_BY_SCOPE_MECHANISM_READINESS,8,"[""1a7c56e87ed85cb4"", ""1e3b1ca1513cf4bd"", ""646617e9d454cb8e"", ""6f97eddc286e117e"", ""a751960c9f7d6417"", ""d8a8691c53e7dbee"", ""f136d9596e147f73"", ""f7cc1cf3cd811712""]",Keep documented data independent from source-conflicted dimensions and unapproved semantic mapping. Split same root into atomic operations; serialize common files.,"Frende Hus har detaljert og stort sett korrekt basemodell. Enkelte oppgjørsvilkår, indeksprisstigning/egenbrukstap og konkrete unntak er ikke representert; dette er utelatte forfatterrader, ikke tap i inheritance. Aldersfradragets årsaksbegrensning finnes allerede i structuredValue, og materialunntaket i label; de er IKKE katalogmangler.",SMALL_CODE,True
RB-09,"[""B-043""]","[""SCRC-010""]",RETAINED_SCOPED,12,"[""27f36a2a3e760583"", ""2f4fef82635bf6ec"", ""3967116a856f5cf4"", ""3c371e1935404abd"", ""7100d4eae7a85085"", ""98d7bb0ed666cb19"", ""9fab7f8a62f7478a"", ""a6b8058d167a7175"", ""abc418c2598af462"", ""b75dbb83281eafce""]",Keep documented data independent from source-conflicted dimensions and unapproved semantic mapping. Split same root into atomic operations; serialize common files.,"Frende Reise har en omfattende base, men enkelte eksplisitte avgrensninger og sekundærytelser er utelatt fra forfatterradene: blant annet familiekrav, avbestillingsvilkår, reisesykeunntak, innhenting av reiserute og dødsbegunstigelse. Ingen bevis for tap i motoren.",DATA_ONLY,True
RB-10,"[""B-073"", ""B-074"", ""B-076"", ""B-081"", ""B-083"", ""B-084"", ""B-158"", ""B-159"", ""B-161"", ""B-167"", ""B-169"", ""B-170"", ""B-171"", ""B-172""]","[""SCRC-011""]",SPLIT_BY_SCOPE_MECHANISM_READINESS,149,"[""0837410ad1cb76a4"", ""10a21cf9da684b73"", ""10a706ec6ec4f225"", ""1464590b5fca4abe"", ""1545969e2d403302"", ""18a3763cef0b4881"", ""1c2b6bdaec2fd576"", ""1e703560478e1040"", ""1f7fc4ec7322844b"", ""319cbe3c6ad5115d"", ""375a0e64310ed3e4"", ""388a39b54819408b"", ""44930018eb640c8a"", ""4a22edb75bec4e62"", ""4c2f92af2d639ff9"", ""4ff998e83d1b8311"", ""57797a19fbdaa59b"", ""579709e47e3630e2"", ""62b78669b06b15a9"", ""636861f612968265"", ""65e46527608b32fd"", ""696fb8811f8d2c95"", ""70a54765a4aa1526"", ""7d84581a82593a0d"", ""8abe9415cbce4f33"", ""9720e0daadad2115"", ""ab34c12c8c4a7b50"", ""b1fc4949deb81859"", ""b3034137bee89ff1"", ""b4f7c2694530f17b"", ""b96bbae472f98c95"", ""c3792af48f19e963"", ""ceaf079bbd710fb2"", ""d4f511771f4529d3"", ""d723c984cf10ad55"", ""dba21c1f451a147a"", ""dc8073c96518cc91"", ""e8a69c4b5ff157e1"", ""fa733829d75bd261"", ""fb1c351f5c43b5f3""]",Keep documented data independent from source-conflicted dimensions and unapproved semantic mapping. Split same root into atomic operations; serialize common files.,"Storebrands identiske motor09-kilde er manuelt avkortet forskjellig i Bil, MC/Bobil og Snøscooter. Storebrand Bil bevarer flere detaljer enn de nyere typekatalogene; Snøscooter har bare3–7facts. Samme fullvilkår dokumenterer flere summer, egenandeler, vilkår og tilleggsytelser. Ingen bevis for runtime/inheritance-tap. Campingvogn/Tilhenger i samme vehicle-object-katalogfunksjon bevarer korte hoveddekninger, men utelater konkrete camp02-dimensjoner. Kildekonflikter skilles fra påviste utelatelser.",SMALL_CODE,True
RB-11,"[""B-005"", ""B-079"", ""B-164"", ""B-165""]","[""SCRC-012"", ""SCRC-013""]",SPLIT_BY_SCOPE_MECHANISM_READINESS,46,"[""145a8c56982a8385"", ""16b890f78fdd2241"", ""240b026dc1edc071"", ""95095a35290a0713"", ""b1e7789f74312a07"", ""b48a4c009e59759e"", ""b5d55ddc8241bab9"", ""d9d5d5f9e0410e21"", ""d9dc22214a94f506"", ""fee53e5cc08dd236""]",Keep documented data independent from source-conflicted dimensions and unapproved semantic mapping. Split same root into atomic operations; serialize common files.,"Storebrand Innbo innbo09-radene lagrer mange beløp, men utelater konkrete grensevilkår, aldersfradrag og enkelte egne ytelser. Manglene finnes i kilde-til-katalogforfattingen, ikke ved tap av resolverte facts. Flytting i Storebrand Innbo Super har en eksplisitt grense50000pergjenstand i katalogen som ikke støttes av den komplette lokale innbo09-pakken. Feilen er i katalogens tallpåstand, ikke comparison.",DATA_ONLY,True
RB-12,"[""B-013"", ""B-078"", ""B-163""]","[""SCRC-014""]",SPLIT_BY_SCOPE_MECHANISM_READINESS,49,"[""061ea8d96e71f449"", ""15fd26b2688897a4"", ""61089663141fe1c7"", ""bb544e5137c79f28"", ""c9280d90485d7db6"", ""e06c3f1cfb145d63""]",Keep documented data independent from source-conflicted dimensions and unapproved semantic mapping. Split same root into atomic operations; serialize common files.,Storebrand Hus HUS10/UTLEI03 har detaljert lokal dokumentasjon som delvis er utelatt eller grovere i håndskrevne katalogfacts; aldersfradrag for utvendige rør mangler materialavgrensning. Kildemotstrid behandles separat.,DATA_ONLY,True
RB-13,"[""B-021"", ""B-082"", ""B-168""]","[""SCRC-015""]",SPLIT_BY_SCOPE_MECHANISM_READINESS,56,"[""15bcc49b8d2e6cdb"", ""4eac8c1e6a2b91c8"", ""8665d9659651eeb0"", ""e79a533d7d0712a4""]",Keep documented data independent from source-conflicted dimensions and unapproved semantic mapping. Split same root into atomic operations; serialize common files.,"Storebrand Reise reise10-katalogen er en hovedsum-/oversiktsmodell: flere selvstendige ytelser, utløsere, aldersfradrag og viktige unntak fra fullvilkåret mangler. Standard forsinkelse slår sammen fremmøte og avgang med ulik transportgrense.",DATA_ONLY,True
RB-14,"[""B-018"", ""B-038"", ""B-041"", ""B-113"", ""B-116""]","[""SCRC-016""]",SPLIT_BY_SCOPE_MECHANISM_READINESS,43,"[""1388ddc5f229c532"", ""6568a2fbba2f80f4"", ""690fdae9bf20e1b6"", ""a2fdddcf1b4110f1""]",Keep documented data independent from source-conflicted dimensions and unapproved semantic mapping. Split same root into atomic operations; serialize common files.,"Frende pet packages encode six base facts and sparse optional components; source-documented limits, diagnosis conditions, settlement restrictions and services are absent or overly broad. Exact optional dependency of Bruksverdi on Tap is expressed in prose but not component membership.",SMALL_CODE,True
RB-15,"[""B-006"", ""B-034"", ""B-107""]","[""SCRC-017""]",SPLIT_BY_SCOPE_MECHANISM_READINESS,34,"[""036e906da0afc91c"", ""39e5c2db12e3dcdb"", ""54240c2a2bf7b38f"", ""576708de498532c8"", ""7056092d65c8f003"", ""92c5bf61847652c5"", ""9e7c0282f08e8e8f"", ""a5629d39c2a44112"", ""a96d2b23783a154f"", ""bfdfed514c4cb32d"", ""dd1cddd5147a74c8"", ""debfaf41715ada8c"", ""e141dc5273bf1bcc"", ""f2b5c7bfbab14ab4"", ""fbfd3ea3ed060d31""]",Keep documented data independent from source-conflicted dimensions and unapproved semantic mapping. Split same root into atomic operations; serialize common files.,"Frende Bil preserves many exact limits but omits source-documented conditions, events and settlement rules. Fire/theft deductibles are attached only to Kasko despite Delkasko applicability. Parking-bonus text introduces unsupported age/police conditions and omits exact parking/time/vehicle qualifiers.",DATA_ONLY,True
RB-16,"[""B-042"", ""B-117""]","[""SCRC-018""]",SPLIT_BY_SCOPE_MECHANISM_READINESS,20,"[""0a5689ec3daba204"", ""17e792a91fdcd8a2"", ""3c1d132b7a9d3487"", ""424a919c18e6f1ca"", ""43380cb904d590b6"", ""4a70a99c99638a58"", ""57de394e9e77f70d"", ""83e7cfd2d73b559f"", ""c226f7bcccce351f"", ""c5cc72f9c06a27ce"", ""db078380fd071f65""]",Keep documented data independent from source-conflicted dimensions and unapproved semantic mapping. Split same root into atomic operations; serialize common files.,"Frende MC correct type-specific catalog avoids Bil newvalue and optional machine/rental leakage, but material shared-terms detail and source-documented mileage options remain absent/coarse. Independent package reviewed before matching; Bil parking error not inherited by MC.",DATA_ONLY,True
RB-17,"[""B-035"", ""B-108""]","[""SCRC-019""]",SPLIT_BY_SCOPE_MECHANISM_READINESS,29,"[""0c9a7507fc275fee"", ""13698e076f55c9b3"", ""165aa74437ca297c"", ""37a27d047a75bd53"", ""3f0c1230de31d0d9"", ""5d07663d99d63ade"", ""6dad09773b40ca19"", ""75690a7c219f65c4"", ""825ff90c10fed850"", ""8c79955f18688721"", ""982429b947159c82"", ""a3c64a16b71228e2"", ""f0434796e15e1ee3""]",Keep documented data independent from source-conflicted dimensions and unapproved semantic mapping. Split same root into atomic operations; serialize common files.,Frende Bobil lacks several independently documented Utvidet subcoverages while preserving other scoped terms correctly. Full local package comparison is now closed. Bil omissions were not extrapolated; conflicting web/IPID scopes remain explicit research questions.,DATA_ONLY,True
RB-18,"[""B-019""]","[""SCRC-020""]",RETAINED_SCOPED,1,[],Keep documented data independent from source-conflicted dimensions and unapproved semantic mapping. Split same root into atomic operations; serialize common files.,"An overnight/day-trip dimension is present inside Storebrand geography free text but is absent from the explicit overnight comparison key. Key-based comparison legitimately does not reinterpret narrative; advisor sees an avoidable unknown alongside known equivalent information in another row. Tryg overnight text also combines journey purpose, which must not be inferred for Storebrand.",SMALL_CODE,True
RB-19,"[""B-037"", ""B-044"", ""B-045"", ""B-111"", ""B-112"", ""B-118"", ""B-119"", ""B-120""]","[""SCRC-021""]",SPLIT_BY_SCOPE_MECHANISM_READINESS,46,"[""04391501ba97c10b"", ""04a34e86f44dba0d"", ""077291266754e7d1"", ""08a83541781afe2f"", ""09ff8e290e7ad59a"", ""1101f7e889205dc9"", ""13a1222e910411e8"", ""1c002aa49a734f84"", ""259f6a5c1bee77d8"", ""2804d0874923b642"", ""2b7c142443754675"", ""35864105fcb83f3e"", ""39d11ed971e5d720"", ""6066462b7137e324"", ""618544b8b3c1e306"", ""62412b8b1fb74b3d"", ""6857c9ff2ccf7ef2"", ""68aab7dc5a7fc946"", ""702c65dc54dd4eb2"", ""77796bfe9c505ecc"", ""83247619adf32fe5"", ""843fe9c469e279cd"", ""8a8d3a63b1437e41"", ""8f2c4da81ebaca1f"", ""90ccb3e4fc191cf2"", ""9cf6e437160f9180"", ""9dd188b38ad8ad06"", ""a3d036913d1080e7"", ""a6cc26bab41f9edc"", ""ae621c5f5c696b67"", ""be17a87c958b3218"", ""c178ba7b1d831a35"", ""c360dbb83b2238cc"", ""cf11b95206f9c70f"", ""dadde57c2f542bc6"", ""e17c19fc71dec189"", ""e62c95ba88401361"", ""e81cda224d21e748"", ""ea17a8794d68a885"", ""f814f315732a132f""]",Keep documented data independent from source-conflicted dimensions and unapproved semantic mapping. Split same root into atomic operations; serialize common files.,"Frende Snøscooter/Campingvogn/Tilhenger share applicable vehicle terms but their catalog mostly preserves included status and a few sums. Exact type-specific benefits, optional accident availability, legal limits, settlement and qualifying conditions are absent. No Bil-only new-value, machine or rental cover is inferred.",DATA_ONLY,True
RB-20,"[""B-046"", ""B-121"", ""B-122""]","[""SCRC-022""]",SPLIT_BY_SCOPE_MECHANISM_READINESS,35,"[""0d0f118201716d69"", ""2376c1520ee35c11"", ""31c3f0281ff08505"", ""3fb3925bbd9ab4b4"", ""43e88b6126c37b2d"", ""61275254a2920299"", ""7047cb016ffadf19"", ""790f56d563bb1069"", ""80d5025653382a7e"", ""843713f68b03aff4"", ""94ff732001cdb53c"", ""a91d9a4d2479c1bb"", ""b7b8d8f22ecd5f49"", ""d51f5ebeabcb2df7"", ""e7af13d6006d3821"", ""e8615e16af43d521"", ""f8f4aca796100831"", ""fc150df0ae45a95c"", ""fcbd6d9644782a3a""]",Keep documented data independent from source-conflicted dimensions and unapproved semantic mapping. Split same root into atomic operations; serialize common files.,"Gjensidige Bil preserves exact main sums, detailed machine components and public-template qualifications, but omits material sublimits, family conditions, settlement, mobility branches and legal/bonus dimensions. Shared generic terms must remain scoped to named product levels.",DATA_ONLY,True
RB-21,"[""B-014"", ""B-052"", ""B-131""]","[""SCRC-023"", ""SCRC-024""]",SPLIT_BY_SCOPE_MECHANISM_READINESS,48,"[""0de96147f3b22bbc"", ""4485711c9680c476"", ""6f1c44e4f414e640"", ""7be96f4de5a1dbae"", ""84a7852f5cb14f1e"", ""9ed28ddd0e088ddc"", ""9f29380954028521"", ""a9b843dd94687121"", ""ae2884e9d67c90a0"", ""b1df322a9c0274dc"", ""e750ef065daffe6e""]",Keep documented data independent from source-conflicted dimensions and unapproved semantic mapping. Split same root into atomic operations; serialize common files.,"Gjensidige Innbo source-backed material family, settlement, age deduction, safety, legal, ID and ancillary coverage dimensions are absent or compressed into vague clauses. Gjensidige Innbo catalog incorrectly narrows or moves source dimensions between territory, location and deductible scopes.",DATA_ONLY,True
RB-22,"[""B-007"", ""B-051"", ""B-130""]","[""SCRC-025"", ""SCRC-026""]",SPLIT_BY_SCOPE_MECHANISM_READINESS,44,"[""1f4d444864169afe"", ""4fcbc1d87e7baaa8"", ""5d062f28d52c1e1d"", ""8db65d4d3da9e98b"", ""8f9b15f8127e89be"", ""a6beec054bdae0df"", ""afd0d50c324c169c"", ""b5ae7c1f4cec9d04"", ""b752f54a45377b1e"", ""bbc3739f5ede520f"", ""d1230f13e6b445d7"", ""d68e94be42f1549b"", ""e103e7cb532fb8d4"", ""ed34078f38391643"", ""f80cdfac07dab114""]",Keep documented data independent from source-conflicted dimensions and unapproved semantic mapping. Split same root into atomic operations; serialize common files.,"Gjensidige Hus keeps many precise sums and structured age exceptions, but omits material loss-of-use, safety, pest, liability, legal and service qualifications. Catalog source-page references often use Pluss offsets against Standard files. Gjensidige Hus pipe service claim adds flushing without explicit support from complete local source package.",DATA_ONLY,True
RB-23,"[""B-020""]","[""SCRC-027""]",RETAINED_SCOPED,2,[],Keep documented data independent from source-conflicted dimensions and unapproved semantic mapping. Split same root into atomic operations; serialize common files.,"Gjensidige Hus Pluss insect extension uses replacesBase on the rodent coverage keys, erasing still-applicable base rodent meanings in resolved product facts. Standard selected rot/insect option uses same replacement.",SMALL_CODE,True
RB-24,"[""B-055"", ""B-135""]","[""SCRC-028""]",SPLIT_BY_SCOPE_MECHANISM_READINESS,44,"[""208b2e40ad50a8a0"", ""6c6a547a0c0b868d"", ""7c829ae4dbce767e"", ""94a5dc2984f2fec9"", ""b2cc60815ebc6f35"", ""b2d658ad77d3cfda"", ""bb617c7a3a9a1d41"", ""f5db4b0fe07cb3d8""]",Keep documented data independent from source-conflicted dimensions and unapproved semantic mapping. Split same root into atomic operations; serialize common files.,"Gjensidige Reise represents many exact sums but loses material sublimits, eligibility and coverage conditions in broad parent text; service detail and precise source locators also incomplete.",DATA_ONLY,True
RB-25,"[""B-016""]","[""SCRC-029""]",RETAINED_SCOPED,1,[],Keep documented data independent from source-conflicted dimensions and unapproved semantic mapping. Split same root into atomic operations; serialize common files.,Gjensidige Reise Pluss inherits the standard single-item baggage limit because its component lacks the documented Pluss override.,DATA_ONLY,True
RB-26,"[""B-047"", ""B-054"", ""B-123"", ""B-134""]","[""SCRC-030""]",SPLIT_BY_SCOPE_MECHANISM_READINESS,59,"[""0581af43d89e61d2"", ""06e27bd68e416db8"", ""08b9ed5649e56363"", ""104bdf905ee4407f"", ""21ba8ec015b32c8b"", ""25fc9d9e1b4e51e8"", ""2d7853380f0772ce"", ""2e39df2d0236859d"", ""46c83af6477f83c7"", ""524c4e4242b9b379"", ""54cf46bbd64220b3"", ""585554eec42fdf70"", ""6943a49994f947a2"", ""7dcbcd5598b68914"", ""881f9c81bc8ae439"", ""8fadef234e57fd77"", ""9ee2d3dc8c63229a"", ""a7138f61d5d50af4"", ""b18c366414bfd013"", ""b924c2096dfa664e"", ""beff91f80c160808"", ""bfb35033a0584e7a"", ""c97e5e43d6a48158"", ""d1aaf0a44f878147"", ""d23c91fd0c7e00c6"", ""d713fe53e9f339e4"", ""e82d1dc90c80f0f7"", ""f35f84e71e61fe01"", ""f389fb4bd61730f4"", ""f5fc47a4aed42169""]",Keep documented data independent from source-conflicted dimensions and unapproved semantic mapping. Split same root into atomic operations; serialize common files.,"Gjensidige MC/Bobil catalogs retain core limits but omit material full-terms conditions, sublimits, services and customer-choice structures.",DATA_ONLY,True
RB-27,"[""B-001""]","[""SCRC-031""]",RETAINED_SCOPED,1,[],Keep documented data independent from source-conflicted dimensions and unapproved semantic mapping. Split same root into atomic operations; serialize common files.,Gjensidige MC holiday rental is applied to every non-Ansvar tier even though the supplied Delkasko package does not support the Kasko-only extension.,DATA_ONLY,True
RB-28,"[""B-012""]","[""SCRC-032""]",RETAINED_SCOPED,1,[],Keep documented data independent from source-conflicted dimensions and unapproved semantic mapping. Split same root into atomic operations; serialize common files.,Gjensidige Bobil skadedyr is authored only inside the Pluss block although own Kasko full terms explicitly include it.,DATA_ONLY,True
RB-29,"[""B-049"", ""B-056"", ""B-057"", ""B-126"", ""B-127"", ""B-136"", ""B-137"", ""B-138""]","[""SCRC-033""]",SPLIT_BY_SCOPE_MECHANISM_READINESS,43,"[""14e4f515801410d0"", ""1e39fc284f7ec30a"", ""2190e47e195e5fab"", ""23af92a34e6477e2"", ""241d8821f23dca8e"", ""28cef751232b1fff"", ""4d20750d70c6a407"", ""54bd562f0eafc4ff"", ""591194a934cced6a"", ""6538d14ef47db82e"", ""6cb1c5c38fef6b21"", ""6d45d189e804febb"", ""75533eab2902d881"", ""7eef06c82537865e"", ""87dd218c24207212"", ""94592656ea0ffb4b"", ""9d9472a53ad5c18d"", ""ad7b6b60b144a4df"", ""b0ef669558686bbe"", ""badb4f85281a8012"", ""c16d324caf0a9206"", ""c68fe70c9ddc4a77"", ""d4f56f4c6d4b312a"", ""d79e7a10eee284fa"", ""db9f5403671a16a7"", ""df9c178b4820d0d4"", ""e9864b4feaacd9f5"", ""f0d9cefce845a61b"", ""f18d8fb60c2c7fcd"", ""fa07b4ca6c235052""]",Keep documented data independent from source-conflicted dimensions and unapproved semantic mapping. Split same root into atomic operations; serialize common files.,"Gjensidige vehicle-extension catalogs use very sparse inclusion parents and omit source-backed sums, deductibles, eligibility, optional choices and payout conditions.",DATA_ONLY,True
RB-30,"[""B-194""]","[""SCRC-034""]",RETAINED_SCOPED,1,[],Keep documented data independent from source-conflicted dimensions and unapproved semantic mapping. Split same root into atomic operations; serialize common files.,Gjensidige Campingvogn Delkasko glass claim follows IPID but own full terms and HTML tier table do not include glass; source conflict not surfaced.,DATA_ONLY,True
RB-31,"[""B-022"", ""B-187""]","[""SCRC-035""]",SPLIT_BY_SCOPE_MECHANISM_READINESS,3,[],Keep documented data independent from source-conflicted dimensions and unapproved semantic mapping. Split same root into atomic operations; serialize common files.,Gjensidige optional pet benefits lack safe component scope: rehabilitation limit is stored in unconditional base; Hund Bruk does not require Liv; Katt Bruk is absent.,SMALL_CODE,True
RB-32,"[""B-058"", ""B-059"", ""B-061"", ""B-066"", ""B-068"", ""B-069"", ""B-139"", ""B-140"", ""B-142"", ""B-150"", ""B-151""]","[""SCRC-036""]",SPLIT_BY_SCOPE_MECHANISM_READINESS,58,"[""0024130fd8465d53"", ""04b59ef3c8364bb7"", ""0baf77b8d5b2f72c"", ""11463c99eab82527"", ""1a2d64b930e29e41"", ""1da6f1cee4c40739"", ""2169188974110a90"", ""216fdbfce5ecb57b"", ""23658fc03205d5b1"", ""240705c093b62e30"", ""259c1acc28d690c4"", ""277641011ecc9902"", ""278eedfccfe4b198"", ""292ede23dc092b40"", ""2b4bf8f6a9715ec2"", ""2c225afabef0e45c"", ""2d6d1abf7262e49c"", ""3173aba47560ea55"", ""346942e7ad44f960"", ""397020944e97f189"", ""3bb64c149adace77"", ""3fa2c47e0aec998e"", ""4320638b9b381c1c"", ""4634f50e4ce2e4c2"", ""473da4a32b5c93f7"", ""4752dea2824a173a"", ""4b5b20067622d61d"", ""4b9f4a8ff7e90117"", ""4ca17c0bd1d79c58"", ""4d1aebd41c71aa54"", ""4d1dfd96a5c4a601"", ""4d8d38df03697ead"", ""534a39caa056a027"", ""556d69633567d87b"", ""576b80ede60efc95"", ""58029b18627e5bc5"", ""5ab9eaf2bfaaaa08"", ""5acb53737f757226"", ""5cbcbdf8843ced89"", ""605889f76f6fc153"", ""62f7c73a039c31d1"", ""651fb11407496d27"", ""68cf5ea9e40641a4"", ""6f70919b4638e65c"", ""715798b1eb9a2472"", ""724d7abefb64ab55"", ""737517b87b53798c"", ""75d5fbf29ffd55f0"", ""77a01b48828765a8"", ""785e4ba5d97d2e8b"", ""7b062ce3569b1bc5"", ""7bba3fe84bb022ce"", ""7cc802cea11e6b11"", ""825971689adb8ff3"", ""8291d2b7c33706ac"", ""853b03e6569f2402"", ""886aae9b15ef9e22"", ""948fbeec7d0c9386"", ""9a784232cc1bc9af"", ""9e8f094983371e95"", ""9fa239469025ced1"", ""9ffd8ecd67def895"", ""a1836ef6a9c5b66a"", ""a4aa9205e1021134"", ""a5cae74edfd27cfc"", ""a850c4d8383c6c9b"", ""accc3defff88e250"", ""b34ec3d5eace03d0"", ""b5831e9f1b61a8e1"", ""b7ce93170cc572b7"", ""bb211ff6b112c377"", ""be240e4c323a1c9f"", ""c60ce66c1511fe93"", ""c8f50c4a76f0284d"", ""c9a505608711f4bf"", ""cb68d5f0f2b7da7a"", ""cfebdf56b6e2829c"", ""d2a26fedc1f56472"", ""d711826d21148b8b"", ""d8e20868ee03c268"", ""e17b8e077dbcfb3a"", ""e3859537178370b0"", ""e480feae576a071a"", ""e6494b5ccb3322d4"", ""e6624558d0f47599"", ""e7c15a65f250c51a"", ""ea4507c9afba1227"", ""eb6702c16e086adf"", ""f0d40fc523ff70ef"", ""f1b649bd51476b22"", ""f1d2145f1cea120f"", ""f4eee5cb90aac106"", ""f5b60c39cf33a928"", ""f6acb7b2cbb567c7"", ""fcfbd82309b9aa38"", ""fd7b619e5dc2ba8c""]",Keep documented data independent from source-conflicted dimensions and unapproved semantic mapping. Split same root into atomic operations; serialize common files.,"Ifs lokale felles- og særvilkår inneholder rådgiverrelevante detaljer som mangler eller er for grovt representert i eksakte kjøretøyprodukter. Bil mangler blant annet ordinær nyverdi, mens MC/Bobil har denne fra samme hovedvilkår.",DATA_ONLY,True
RB-33,"[""B-024""]","[""SCRC-037""]",RETAINED_SCOPED,9,[],Keep documented data independent from source-conflicted dimensions and unapproved semantic mapping. Split same root into atomic operations; serialize common files.,If Campingvogn Super har ingen selvstendige Super-fakta: generatoren gir samme faktasett som Kasko og leser ikke den lokale SV707-/webpakken for campingvogn.,DATA_ONLY,True
RB-34,"[""B-064"", ""B-146""]","[""SCRC-038""]",SPLIT_BY_SCOPE_MECHANISM_READINESS,15,"[""06b7b0a7c426afd6"", ""0957f476ea719c43"", ""1748098e396bf69c"", ""2075394228ccce41"", ""2fbeac328b2f16e2"", ""311bbf0f1fb6a9a3"", ""37cb2c91a67b48ad"", ""3e0bda61eeb88404"", ""4907c3382067a5de"", ""54dec440e1fbb724"", ""557dac71a9e20cd4"", ""5c863decc86e57ac"", ""6d67ca84a1ba83cc"", ""719db796d13a1b75"", ""79fa33f24b8e11ff"", ""7b9f9abdac57173e"", ""85461a9f34b5bafc"", ""8e2ce2ddc4033c81"", ""8f80f104d8e1a892"", ""98fe08ee6497caa2"", ""a197c46eb1cdf9d1"", ""a80f97d9928df81d"", ""a9dc7a58b6f59002"", ""b647fd11e45934ab"", ""b6f8fc7544bdeb00"", ""c5bc20da35e2c550"", ""cd54794bf4794acd"", ""dd5a3b5aede7de6a"", ""df0671ce7252c0c5"", ""e40756438b06b0a3"", ""ec865f15775a4800""]",Keep documented data independent from source-conflicted dimensions and unapproved semantic mapping. Split same root into atomic operations; serialize common files.,"If Innbo har rikt strukturert kjerneinnhold, men flere lokale materielle særgrenser, skadeutløsere og begrensninger mangler eller er forkortet til generelle henvisninger.",DATA_ONLY,True
RB-35,"[""B-063"", ""B-145""]","[""SCRC-039""]",SPLIT_BY_SCOPE_MECHANISM_READINESS,16,"[""05a9abaf382c946b"", ""14b85939a667f1b2"", ""238ebd49a5cc68a5"", ""2712ca576a24490a"", ""2ae0659b0e9ad728"", ""2bbcfe033c3b2bfe"", ""44b5ca7840482eea"", ""827e498d9dfb82ce"", ""8597f0147cd0d771"", ""8b9f63010b330dfc"", ""8c14b387334a31e9"", ""9a50a6c798af6df5"", ""9eac6da7ca272fd4"", ""a5842f14f9b8e537"", ""aa81311bdbb49f7b"", ""b08b8a61f45fc764"", ""e4fc73f58078261d"", ""f72ef6bf1fd4c090"", ""fb2baea1de001b3d"", ""fe22112a532a28eb""]",Keep documented data independent from source-conflicted dimensions and unapproved semantic mapping. Split same root into atomic operations; serialize common files.,"If Hus har omfattende korrekt detaljmodellering, men enkelte vilkårsforutsetninger, oppgjørsgrener og utbyggingsregler er fortsatt bare omtalt generelt eller mangler.",DATA_ONLY,True
RB-36,"[""B-004"", ""B-067"", ""B-149""]","[""SCRC-040""]",SPLIT_BY_SCOPE_MECHANISM_READINESS,19,"[""0458b7ce287ae8f1"", ""0e6afcc6ac81bf0c"", ""18d2ed4e78a2d878"", ""1ab7ec7cc9bcb58c"", ""1df82b0fef1267db"", ""21276b30e7e4ced4"", ""27fcf5f5ce65d7c5"", ""28d69adf50591c7c"", ""40e6947d85cbdd9c"", ""513d2859f9163dc2"", ""655ae8f454ce2f3c"", ""6ad850d300c043e3"", ""7b74c64afe41bc68"", ""7de7acbf8108b129"", ""85902a58b50cbd16"", ""871e51290b2e5bde"", ""88942a8c4eb21936"", ""92f2c6addb84e0af"", ""9668dd708a8bae1f"", ""af616908e3ccb66a"", ""b59955d35735c7a4"", ""c32aeea4a2a3a2f8"", ""d1ccedaa61dbfa84"", ""d5e5546541f92ec4"", ""d745b2094fd65fa3"", ""d83b25f12b40eebe"", ""e2e6e51308b2bfd8"", ""eaa12d84a2052263"", ""f376b7c689e7a1b3""]",Keep documented data independent from source-conflicted dimensions and unapproved semantic mapping. Split same root into atomic operations; serialize common files.,"If Reise-kilden er rikere enn de korte hovedfaktaene: blant annet30dagers behandlingsgrense, tilkallelse, psykologhjelp og leiebilvilkår mangler. Medisinsk kjernepåstand legger også til et ikke-kildestøttet alvorlighetskrav for ulykkesskade.",DATA_ONLY,True
RB-37,"[""B-003"", ""B-060"", ""B-141""]","[""SCRC-041""]",SPLIT_BY_SCOPE_MECHANISM_READINESS,32,"[""0d645571a077d21e"", ""0edf4a25f777500a"", ""0efa043d25c3b8f1"", ""1b36e785200f0168"", ""1d56e1b66713f373"", ""3d60d3bb81f0c7ac"", ""4bb101ca3e14fdf6"", ""51e8255589e932fc"", ""524f9610da561ea0"", ""65772a6a987cf948"", ""9cd84175f8d668e6"", ""9eab7e27904f1ac9"", ""9ee2b3cb8ab33aa9"", ""b0c35234484489d2"", ""b2f52945afafb6db"", ""ba3d0080cd233f31"", ""d41b1765a6dff846"", ""dcfaade9bd1d74e6"", ""e69332f5e32af355"", ""eeef0baf7f8ef853"", ""f32a7b260212da1d"", ""f3608cc54c6ccdb0"", ""fa4b1a329f323fdd""]",Keep documented data independent from source-conflicted dimensions and unapproved semantic mapping. Split same root into atomic operations; serialize common files.,"If Båt representerer et lite utvalg hoveddekninger, men utelater materielle summer, egenandeler, nybåt- og Superytelser. Motor/gir-egenandelens minste8k-påstand overser dokumentert4kgren.",DATA_ONLY,True
RB-38,"[""B-062"", ""B-065"", ""B-143"", ""B-144"", ""B-147"", ""B-148""]","[""SCRC-042""]",SPLIT_BY_SCOPE_MECHANISM_READINESS,16,"[""020b42a626bcaa59"", ""03c00d94af50da37"", ""0cfb0973c4ef5a7c"", ""12a4f217cc36a106"", ""241b0c60b38931ef"", ""29a49f41e679b2eb"", ""2b8601a607afe4f4"", ""32e75c117b2d9e12"", ""3355ed3655871ed3"", ""4532c1667f6bd610"", ""5051c9b3b109cbda"", ""546cf96875caf6fd"", ""6506f1f578370460"", ""69926df76155b3b1"", ""6a080d5d62cde9cd"", ""6f83ace76158404b"", ""7b1e69a255a5e1e1"", ""7cf9a310d06476ff"", ""990a9f14663dfd60"", ""a4665466db253140"", ""a4d56abe97213326"", ""ab3a5306ba639db0"", ""b48b137933a32932"", ""b5b4410c8633761a"", ""ba637dd194fa2d8f"", ""bc606eb7d962507f"", ""c575208802f79933"", ""cbb540bff7ca19d8"", ""e5b7050a14f53c8d"", ""ecc7fd16bca20aa5"", ""ece40cc9c6e418cf"", ""f223270094ff0b04"", ""fa86aead865df73d""]",Keep documented data independent from source-conflicted dimensions and unapproved semantic mapping. Split same root into atomic operations; serialize common files.,"If Hund/Katt hovednivåer og Liv har bare delvis materialisert fullvilkårets sykdoms-/alders-/sumperiode- og særvilkår. Basisutredning, fødsel/medfødt, artsbestemte leddkrav og Livsytelser går tapt bak få hovedfakta.",DATA_ONLY,True
RB-39,"[""B-085"", ""B-173""]","[""SCRC-043""]",SPLIT_BY_SCOPE_MECHANISM_READINESS,7,"[""0a942906583da9c4"", ""377b5b7819b0dc1a"", ""3ce6d1e8ccd1f368"", ""48303346540993b9"", ""4890ed7a27265f2e"", ""6a609b63bbd8bd20"", ""6d1824362bd5969b"", ""6fcc8e4f48d9d0c9"", ""7114a74047a20d7a"", ""7227246352adac20"", ""a6552734a76e189b"", ""d120a2dd55b707b7"", ""da2e295a7a9da6b1"", ""e2fe6f201d6401ea"", ""e7e76b45d1cefb24"", ""f79b0f591a3dcb65""]",Keep documented data independent from source-conflicted dimensions and unapproved semantic mapping. Split same root into atomic operations; serialize common files.,"Tryg Bil har detaljert og stort sett korrekt tallmodell, men enkelte viktige kvalifikasjoner og felles rettshjelpsvilkår er ikke materialisert. Datoporten for separatLeiebil skiller snapshot29sep fra1okt;ingen manglende kilde skal antas på grunn av fravær i gammel snapshot.",DATA_ONLY,True
RB-40,"[""B-086"", ""B-092"", ""B-174"", ""B-183"", ""B-198"", ""B-202""]","[""SCRC-044""]",SPLIT_BY_SCOPE_MECHANISM_READINESS,23,"[""05f40882087f73ba"", ""0f6fe9dae981a939"", ""112e278304e586a7"", ""2951cdd8fd98d11f"", ""2b66a5180443dd52"", ""31e474ad983b7542"", ""3d23ff07448af5d6"", ""52e5f199af0e7c9e"", ""5949f6c1ea3f358d"", ""79a62188058a17c8"", ""7e6cc23b4663416c"", ""85029e29549fc242"", ""9047d22f72062205"", ""92680751a4f7996d"", ""99e3f8cdd048acfc"", ""a9939ee91befcfb1"", ""b2085a76f58add78"", ""bbaafc87f966e897"", ""c432c18acdd45a4d"", ""cace6d5ca9149f83"", ""d3b6cfbe538835e1"", ""da1ec49a9c7f145c"", ""fb4f829cc227e5b4""]",Keep documented data independent from source-conflicted dimensions and unapproved semantic mapping. Split same root into atomic operations; serialize common files.,"Tryg MC/Bobil har korrekt nivåseparasjon og de fleste sentrale tall, men sikkerhetsvilkår, noen ytelser og oppgjørsregler mangler. Kildekonflikter og overlappende aldersformuleringer skal ikke glatt normaliseres.",DATA_ONLY,True
RB-41,"[""B-088"", ""B-094"", ""B-095"", ""B-176"", ""B-185"", ""B-186"", ""B-204""]","[""SCRC-045""]",SPLIT_BY_SCOPE_MECHANISM_READINESS,35,"[""253fe3febefa649e"", ""2f75bfd1464c1a8a"", ""46faef15c92415c1"", ""55772c20fde4cf65"", ""5a6f2083640c3265"", ""5e7448485649cb34"", ""7c4f6893f40b74eb"", ""7efc386efcc57cfb"", ""8932bd288512b7b8"", ""8bc703d80548fc85"", ""959e1d5a39fc76d0"", ""9c192c8e37db8260"", ""a5f8080d8de97a55"", ""b67297daec350d17"", ""bce118ac1cc9e49c"", ""c2ef1204ce200a54"", ""c6e3994332c4f209"", ""d2d17f8c3ef836fe"", ""da5a76b7c279d8a6"", ""eb67ee1bac4a7caf"", ""ebeff756a5a4bc57"", ""f242edc0c5f32c15"", ""fdd950a87859dd86""]",Keep documented data independent from source-conflicted dimensions and unapproved semantic mapping. Split same root into atomic operations; serialize common files.,"Tryg kjøretøyutvidelser beholder nivånavn, men utelater materielle tall/vilkår. Campingvogn mister naturskade som finnes eksplisitt i egne kilder; tillegg og grunnprodukter må ha type/nivåspesifikke tall.",DATA_ONLY,True
RB-42,"[""B-087"", ""B-175"", ""B-199""]","[""SCRC-046""]",SPLIT_BY_SCOPE_MECHANISM_READINESS,23,"[""08a1eac014d4098b"", ""2dfbaca8def316bb"", ""6f8af79d3503c4ed"", ""947e62404a151b0f"", ""addfa5c41a91e0b8"", ""d6b83b87b6b2b4aa"", ""debd858a1ee09659""]",Keep documented data independent from source-conflicted dimensions and unapproved semantic mapping. Split same root into atomic operations; serialize common files.,"Tryg Båt modellerer rike Ekstra-/Maskin-/ulykkesvilkår hovedsakelig som inkludert/valgfritt og taper summer, vilkår og perioder; motoralder er komprimert feil. Grunnvilkårspakken er ufullstendig lokalt.",DATA_ONLY,True
RB-43,"[""B-089"", ""B-091"", ""B-177"", ""B-181"", ""B-200""]","[""SCRC-047""]",SPLIT_BY_SCOPE_MECHANISM_READINESS,26,"[""07d44848605b7995"", ""0d63355267f1858e"", ""17a57c26afffb6c3"", ""1a6f15af1122bfa8"", ""26d385a9c6063996"", ""26f88f7e580893cd"", ""33850134dba58021"", ""576e586804c96c02"", ""5b3fb450a1cf5622"", ""5fd1688956e39f0b"", ""68e6cd4db8075b3f"", ""7a8397c9a8e527fb"", ""859198160102e56c"", ""8b5319b186f52a19"", ""96d9ddc3868aa164"", ""98536767299e3c47"", ""9f064f9a0fa29ece"", ""a87240c851842c93"", ""b12712b0b1c77c1b"", ""c9a457f9acc05ded"", ""d281f9e2ebbbb888"", ""d7dac680ae64cc53"", ""df762c48bd2d966b"", ""f05c1ecab16a9b0f"", ""fbaa20c4a8c94884"", ""ffb42dafac682199""]",Keep documented data independent from source-conflicted dimensions and unapproved semantic mapping. Split same root into atomic operations; serialize common files.,"Tryg dyr har hovedsummer fra valgstruktur og noen Ekstra-beløp, men utelater diagnoser/utløsere, livsvilkår og tjenester. Tidligere tidlig-auditfunn videreføres uten duplisering.",DATA_ONLY,True
RB-44,"[""B-011"", ""B-015"", ""B-090"", ""B-179"", ""B-180"", ""B-201""]","[""SCRC-048""]",SPLIT_BY_SCOPE_MECHANISM_READINESS,15,"[""01199d622e7dff76"", ""077dc8595c8bd724"", ""0ed21ac7f8bf30d9"", ""212b54b73c4c84db"", ""21e60f83e3f0214e"", ""224f92abf9609741"", ""37b84b21d13b2b3a"", ""38f733b1b8870cb7"", ""63719ce66ae5e47b"", ""640f8c3ec3c5f91a"", ""6639b0725a3a4e5d"", ""6a58baed3ef8bfc7"", ""7b9fc062e4b45447"", ""8ebf6bb60ebb83c9"", ""918fd185e14345b5"", ""b31c0362df18cbd4"", ""b3f94ff7a3ae2f98"", ""d76daf2dbd52d443"", ""dac1f5faaafce68a"", ""dc3a6ade6aa3556a"", ""ec5a40a80125df7c"", ""eea375a19db02b60""]",Keep documented data independent from source-conflicted dimensions and unapproved semantic mapping. Split same root into atomic operations; serialize common files.,"Tryg Innbo har kontrollerte hovedbeløp, men mangler materielle utløsere, gjenstandsgrenser og oppgjørsregler; Ekstra arver en fellesbodgrense fra feil fullvilkår og flytte-tyveri benevnes transportskade.",DATA_ONLY,True
RB-45,[],"[""SCRC-049""]",DEFERRED_P2_ONLY_NO_ACTIVE_BATCH,0,"[""10b2cccae300dc6b"", ""3d32fd01bd4d9178"", ""5e2614f7a4ea3c56"", ""6eba7031dd64ae37"", ""9951eb15b4e44a4b"", ""9e235458aaf662b5"", ""9ea7930b53bd178e"", ""c039f396a2fd0cb5"", ""dcbc7e2d2db2359d""]",Keep documented data independent from source-conflicted dimensions and unapproved semantic mapping. Split same root into atomic operations; serialize common files.,"Tryg Hus er en detaljrik positiv kontroll. Få gjenværende oppgjørsdetaljer er ikke materialisert: eldste del/hele kostnaden, arbeidsvederlag og enkelte spesialvilkår; ingen udokumentert innføring av bygg-under-oppføring.",DATA_ONLY,True
RB-46,"[""B-093"", ""B-184"", ""B-203""]","[""SCRC-050""]",SPLIT_BY_SCOPE_MECHANISM_READINESS,13,"[""0357750515c9b629"", ""0c678f09ae5693b1"", ""11007cac7c357f3d"", ""3a23f38139918eb4"", ""440fe91a9820c1df"", ""505bbcc21067dff9"", ""856c3d2d6b30cfc2"", ""8f5ab013f056ee57"", ""a1a24bcafddda1a8"", ""b1e0ac5f6445d9f4"", ""d1603e2a898d9ec5"", ""d22cf0b034e0ed6d"", ""d8edb8aeea7d2d87"", ""de97cf3f5fb32fbb"", ""ed51c0d30a20bdbf""]",Keep documented data independent from source-conflicted dimensions and unapproved semantic mapping. Split same root into atomic operations; serialize common files.,"Tryg Reise har gode summer og mange vilkårsdimensjoner, men Tryg Legehjelp mangler på Ekstra, valgfrie/general egenandeler og ulykkesbegrensninger er ufullstendige. Lokale web/IPID-konflikter må avklares uten å erstatte bevisvalg.",DATA_ONLY,True
RB-47,"[""B-033"", ""B-106"", ""B-193""]","[""SCRC-051""]",SPLIT_BY_SCOPE_MECHANISM_READINESS,60,"[""001d6755af546d4a"", ""0368f9c50ebf2c6c"", ""04a82ecfec74a5c5"", ""07b73b0dae9654ac"", ""0b8dfaa3f0946ae0"", ""0c22995ef310db8d"", ""104682b90a22896a"", ""12f713bb06417b24"", ""155e2dadfafb59e1"", ""1699529cc1fdfa27"", ""1b8a0cddaa68940c"", ""1c162370a2391add"", ""1f6655a963c7d1e4"", ""21b31eff5adfff12"", ""2469dd1e5729e93e"", ""26c5416d874a7f42"", ""28ab678e1cf08a3e"", ""28b067df52a47a86"", ""28ff1c52902ebb4c"", ""2ce14caf6c1ad6cc"", ""2ffe7c56a73dae2a"", ""30dd7737d8d2036a"", ""364bea65d5fc501f"", ""3f24a81aedd90db4"", ""405253d7c353c4da"", ""4423668dd56b7081"", ""459a3698c2a623a4"", ""46b4d3b53b1d6541"", ""4d2d9e9110c0eab5"", ""4d528d74491a85d8"", ""4e0e0c9082bbee37"", ""4f174396eed9c9a4"", ""4f82f0d52fc18579"", ""50b87a7ac5d35532"", ""51b4d8cb45f40a3f"", ""524184a31495675d"", ""548c89796c1d66a2"", ""55bfcc820e3b3f20"", ""5652a1f20292143c"", ""570e644474f086ad"", ""59bc05d2b2576c5e"", ""60dcb88acdd3f7a0"", ""62023c810b37aad0"", ""6941108b47182fff"", ""6b32c5efd1c380ca"", ""6b5a8598b1bfbfae"", ""6b5f9264dc0dbc22"", ""6fd1975890ea41c9"", ""7064a08267d50b98"", ""713aeafb78eee5d0"", ""739506132b9d1793"", ""798211cf5efd84fb"", ""79900e6270e54b83"", ""7ae1b42fbc88befc"", ""7ba32152ac4607f9"", ""7d13cf354f1326f1"", ""802224a0c1582382"", ""80cb2595b845da37"", ""81a0542cd250ab6c"", ""8371452e70bf3d1e"", ""842ec164d0fc1192"", ""854471530da2d90e"", ""8b6da50b89882be0"", ""922a85b61fb7fc0f"", ""950bd15f79d68f62"", ""97882c66558a39d1"", ""991b5775cbde5c99"", ""993359832d9ce808"", ""9b546a90293ffdac"", ""9eca9f2203e9911f"", ""a3362409aa513fe9"", ""a79c0fd0739614f2"", ""ab7aa192e7205996"", ""ad40baf847787dec"", ""b2648237d86d6fee"", ""b45b01e47179d190"", ""b6f9e9291af900ef"", ""b90a566efe7220ed"", ""b998c6854502fd7d"", ""bade3f84f5b6d7dd"", ""bca0977b0351ecc5"", ""c74a20157e33196d"", ""cba1c5b0139eb12a"", ""cba3799a1c1b2ca5"", ""cc9fd453b9d8ea9f"", ""d1e8c9c36fc1828b"", ""d63aa96dc1569075"", ""d7af45ae9695d584"", ""db61ccfd8a097c24"", ""e34cd334c23b3b57"", ""ea6c0f648dde5755"", ""ecc8828f3f9ba3eb"", ""ed5e5b33040adb26"", ""edb464b155a80707"", ""ee2fddff20c68509"", ""ef3cdf6b8b978b06"", ""efb383bf631ac71e"", ""efde67e14975c7dc"", ""f1e91c0aca38f771"", ""f89ee36a253fa5b8"", ""f91e3dafcc1c8ef2"", ""f9b7711fefc55998"", ""fcde07f8d8619ee7"", ""fcdea09567cf5970""]",Keep documented data independent from source-conflicted dimensions and unapproved semantic mapping. Split same root into atomic operations; serialize common files.,"Fremtind Bil deler detaljerte kjernekomponenter på tvers av fire registrerte provider-IDer. Materiale om veihjelpens betingede leiebil, leasing, oppgjør og kvalifikasjoner er utelatt; kanalspesifikke kilder må bekreftes separat fra generiske vilkår.",DATA_ONLY,True
RB-48,"[""B-030"", ""B-103"", ""B-191""]","[""SCRC-052""]",SPLIT_BY_SCOPE_MECHANISM_READINESS,17,"[""09c759878beae343"", ""13fc1c2e866b07aa"", ""33164552943d6f84"", ""33b25f7fa5927ded"", ""393e58be08c3e4e0"", ""4c2f2f6c944420e7"", ""4cd0b5d3b2ec6ff6"", ""519d89bc97f27a56"", ""52b028e4b45073a4"", ""5aa0890b7b69cff3"", ""6cb74cb1ecd910f1"", ""70e5aeac7750e611"", ""855cafcc3852545b"", ""9fef2cd509977c7f"", ""a7fbaebc5ca32112"", ""af61458af66f545e"", ""b1fa60a4915ab5ba"", ""c428d3ee2088c9c6"", ""c72601d84855c70d"", ""dbe3c34cbebc13ee"", ""ef92380ec58c575d"", ""f310dbb861204c2d"", ""f8a83b84a665b45f"", ""fa936f3cfbe05f96"", ""ff784cb754a07785""]",Keep documented data independent from source-conflicted dimensions and unapproved semantic mapping. Split same root into atomic operations; serialize common files.,"Fremtind Innbo har mange presise summer, men arvet vanntekst mister Topp-inntrengning over terreng. Personkrets, alderstabell, flere objektytelser og store uhellsbegrensninger er ikke representert.",DATA_ONLY,True
RB-49,"[""B-002"", ""B-029"", ""B-102""]","[""SCRC-053""]",SPLIT_BY_SCOPE_MECHANISM_READINESS,15,"[""0947277f4bad1db7"", ""116ad2216f569100"", ""136d2e83ec88e1d9"", ""1d87a997cfff0acb"", ""26f0e1d25d5aacfe"", ""54d746919ba090a0"", ""564f627ae7810442"", ""5e9ebdb4bada01c3"", ""6a41130d8a2f5a9d"", ""73aa0fc1441e886f"", ""7d8a35306ca2ab5e"", ""7e784b2ce2f1a3d9"", ""8211bdcaa0140d41"", ""8fbaf5bace109ed6"", ""8fbf8da38522dd1c"", ""ae706ec99474cf51"", ""bbfb6cfa9b971665"", ""cbca31af790765a8"", ""cbe80faefe706c8e"", ""d2f63fea8f78c51f"", ""d4f61479c34ade83"", ""d9a9b7c2c13899d0"", ""eaadbb4b88000523""]",Keep documented data independent from source-conflicted dimensions and unapproved semantic mapping. Split same root into atomic operations; serialize common files.,"Fremtind Hus har bredt representerte summer og tillegg, men Standard har feil positiv kunstnerisk utsmykning og aldersfradrag mangler material-/hendelsesavgrensning. Flere materielle oppgjørs- og dekningsvilkår er komprimert bort.",DATA_ONLY,True
RB-50,"[""B-017"", ""B-032"", ""B-105"", ""B-192""]","[""SCRC-054""]",SPLIT_BY_SCOPE_MECHANISM_READINESS,16,"[""05dc537f269824f7"", ""1f2ded30ef5420bd"", ""32090aac126fec32"", ""3418cbc8a2909047"", ""400db046afb9176a"", ""43b45e7da1be9d2a"", ""49ce5c66acc737d7"", ""4c3fa98e79f60fab"", ""51f7552c6e3d9961"", ""5338a907f1617836"", ""5b1cec12c1805c35"", ""6c70dce265405e8f"", ""855b0a09500b0914"", ""8a3468a4ce95b857"", ""a54d7dc53a2ca981"", ""ad0d953030eac60b"", ""c1d52418bbde5891"", ""c8378e161b57fd7f"", ""f95feda0ee796ecc""]",Keep documented data independent from source-conflicted dimensions and unapproved semantic mapping. Split same root into atomic operations; serialize common files.,Aktiv Fremtind Reise mister flere eksplisitte beløp og kvalifikasjoner fra eget fullvilkår. Forsinkelse samler fremmøte og forsinket avgang under ulikt innhentingstak; sikkerhetsfaktum har kildepunkt7.6 som ikke finnes i arkivert gjeldende pakke.,DATA_ONLY,True
RB-51,"[""B-205""]","[""SCRC-055""]",RETAINED_SCOPED,21,"[""1bb36bccf05976ba"", ""2c6f6f776135fb46"", ""30531bd09674b952"", ""374c1112e7e28469"", ""38403b8483e9bbf1"", ""3b5608e6c688ad51"", ""3df9b6f584570586"", ""597d64784dc19a05"", ""887138b221286f7a"", ""8ab720ec8a19a0ff"", ""8d52f309e79f078e"", ""90ca1f557d7c3979"", ""9472d16278077a31"", ""b34d20e8795adf8e"", ""b3c32444be6a323b"", ""c2652937a304773d"", ""c7751db733f3cc74"", ""cdab12c063ee8d8d"", ""d2fe3f0baeaf73fe"", ""d9ff882a31a60552"", ""e306095fb6be6cb6"", ""e404a4fb947971fe"", ""ef8c4e5b5cfeea9b"", ""f66ed754d584b8c9""]",Keep documented data independent from source-conflicted dimensions and unapproved semantic mapping. Split same root into atomic operations; serialize common files.,Historisk Eika P10/P15 beholder nye Fremtind-mobil- og personkretsregler uten historisk støtte; Pluss arver flere standardegenandeler. Eksplisitte forsinkelsegrenser og gamle aldersregler er for grove.,SMALL_CODE,True
RB-52,"[""B-023"", ""B-025"", ""B-026"", ""B-027"", ""B-031"", ""B-096"", ""B-097"", ""B-098"", ""B-099"", ""B-100"", ""B-104"", ""B-188"", ""B-189""]","[""SCRC-056""]",SPLIT_BY_SCOPE_MECHANISM_READINESS,26,"[""0206784e85c54041"", ""03dbbb18b033b09a"", ""05a38cb3a5fe5829"", ""0b2442608a24161c"", ""1b204f4ae6a4db4c"", ""304535cfb19bc345"", ""33740f77a595f07b"", ""358529fe81f2b4dd"", ""38577762bcb26889"", ""4908131098132a5d"", ""49efcf4187056008"", ""78eb789a811a077a"", ""7b2fdadc492fb3fc"", ""901f9ec8722edaca"", ""92fdb723f6f99868"", ""a9341791cc88594b"", ""af711fa643a26ad9"", ""b89d1f3f65dda70b"", ""b908b41171e49b98"", ""b9a67fc707d5ea99"", ""bb193c8f0447adad"", ""c79f988fe1e4f4d2"", ""d3af11d682ad226c"", ""d665630e4444746c"", ""dbcbb782a3f45de2"", ""e5bfda72960fc1e1"", ""ecef606b0c0202c1"", ""f20dccb45dad6fb5"", ""f565a95b76be8f37"", ""f8d8c272b66c04a8"", ""fcd9eb1308dae228""]",Keep documented data independent from source-conflicted dimensions and unapproved semantic mapping. Split same root into atomic operations; serialize common files.,"Fremtind lette kjøretøy har typeavgrensede vilkår som er redusert til foreldredekninger eller utelatt: MC nyverdi, campingfukt/ferie/nyverdi og snøscooter summer/redning. Tilhenger skal ikke arve camping- eller MC-regler.",DATA_ONLY,True
RB-53,"[""B-028"", ""B-101"", ""B-190""]","[""SCRC-057""]",SPLIT_BY_SCOPE_MECHANISM_READINESS,13,"[""05a5e8b4168aee5e"", ""0e2124c189a0a587"", ""197ffd21807c6972"", ""288a59fe3ac05ebd"", ""2ad5cb5e03d9568d"", ""3401c377ce44e245"", ""3ad9916537de5447"", ""55010bb62daf0c27"", ""606a1584e745dd4d"", ""676b5474944fc2d0"", ""6970b2fe953b6568"", ""69feb2c2b13ccc85"", ""6d53368182a04e61"", ""765d7f3e37d1643e"", ""8be10534e4b8c68f"", ""9031919f90d559bb"", ""bf27e0bd3abdac82"", ""c3b178104f6a0af9"", ""ca129d58d8f7738f"", ""d3d230564a483b6f"", ""dbf12087b9b6b2d2"", ""e242948561f9f39e"", ""ebc009e1c8330000"", ""f03dea0cc939edcc"", ""f1ffbdd59570be9c"", ""f77a399fb546fd35"", ""f818f13070c69d7d"", ""fc7b8e7875d8d6ce"", ""fe354aed53e0c11a""]",Keep documented data independent from source-conflicted dimensions and unapproved semantic mapping. Split same root into atomic operations; serialize common files.,"Fremtind Bobil har presise hovedsummer og Topp fukt/ferie, men mangler veihjelpens separate leiebilytelse, leasingberegning, oppgjør og flere tilleggsdetaljer. DNB-nettsidens motstridende sum/nivå/utleieregler må avklares separat.",DATA_ONLY,True
RB-54,"[""B-070"", ""B-152"", ""B-153"", ""B-195""]","[""SCRC-058""]",SPLIT_BY_SCOPE_MECHANISM_READINESS,27,"[""07b204dfe4e3d733"", ""0e5bb48f532ab2e0"", ""1324511bceb9a1b9"", ""1545c137a430c1a2"", ""3a90cf0104306e79"", ""57516c6b1c3dfa0e"", ""633cc05e01eb9b87"", ""648e2b318b293ecd"", ""94ae53e194e02b64"", ""cb31893498068efe"", ""deedbf3c33188b7e"", ""ed7dbc7aec8f9206"", ""fd6c751cfcc4cb4f""]",Keep documented data independent from source-conflicted dimensions and unapproved semantic mapping. Split same root into atomic operations; serialize common files.,"Fremtind Båt minikasko har svært få facts selv om fullvilkår dokumenterer redning, natur, løsøre, utstyr og ulykke. Kasko/Topp mangler detaljerte summer, kvalifikasjoner og aldersfradrag.",DATA_ONLY,True
RB-55,"[""B-009"", ""B-010"", ""B-071"", ""B-072"", ""B-154"", ""B-155"", ""B-156"", ""B-157"", ""B-196"", ""B-197""]","[""SCRC-059""]",SPLIT_BY_SCOPE_MECHANISM_READINESS,44,"[""0994585a1c475938"", ""223fe15df8488c8a"", ""294bc7b96464cfea"", ""310cbba1a0ad5b0b"", ""53d4c1498ba023ff"", ""5d320cc795b5c26d"", ""5f3a7745ea16d0ab"", ""ce65e25821ce5846""]",Keep documented data independent from source-conflicted dimensions and unapproved semantic mapping. Split same root into atomic operations; serialize common files.,"Fremtind dyr har foreldrefacts som utelater prosentegenandel, ventetid, sublimits og sykdomsvilkår. Hund base/Topp er ikke tilstrekkelig dimensjonert; MR/CT årsgrense feilaktig presentert som valgt sum, allergi bare tilvalg, og livsfradrag mangler niårsgruppe.",SMALL_CODE,True
RB-56,"[""B-075"", ""B-160""]","[""SCRC-060""]",SPLIT_BY_SCOPE_MECHANISM_READINESS,11,"[""1575418db86ed441"", ""2178ecf173718d9c"", ""3b4c6b0867ea15d7"", ""590f85c277dacc34"", ""5be86667878cb03d"", ""6290062d3b8e71a4"", ""94bee39dd4610de1"", ""9b7fec0a112e3e03"", ""b77edbb9ba7c5cf6"", ""b81c45465b8a4397"", ""be5d1560f3945ced"", ""e20757b8a39c2936"", ""f7efe41813eb5177""]",Keep documented data independent from source-conflicted dimensions and unapproved semantic mapping. Split same root into atomic operations; serialize common files.,Storebrand Båt has sparse base rules and incomplete level inheritance; full båt03 terms contain material qualifications and benefits absent from resolved catalog. Source conflicts are retained separately.,DATA_ONLY,True
