limitation_id,provider,family,product,concept,reason_unresolved,current_safe_behavior,advisor_impact,pilot_communication_needed,approval_status,pilot_exception_accepted,research_task_id,pilot_blocking,release_condition
L-SR-001,"[""fremtind-eika-legacy""]","[""Reise""]","[""[\""fremtind-eika-legacy\"",\""reise\"",\""ordinary\"",\""eika-reise-p10\"",\""P10-P10P-2025-01-01\""]"", ""[\""fremtind-eika-legacy\"",\""reise\"",\""ordinary\"",\""eika-reise-pluss-p10\"",\""P10-P10P-2025-01-01\""]""]",SC-059: Historisk Pluss jobbreise forsinket bagasje. s3matrise6000 versusP15.8s27 10000. Specificriderpositive10k but internalmatrixcontradiction preserved.,"Datert autoritativ produkt-/nivå-/kanalavklaring av de navngitte spørsmålene; fullvilkår/rider der pakken mangler, ikke forsikringsgiverlikhet eller kundedokument.",NOT_CERTIFIED_FOR_EXCEPTION. Recheck exact current claim against conflict; some catalog positives/boundaries may be misleading.,"Cannot safely conclude a disputed limit, level, eligibility or scope.",If exception later approved: name exact affected product/fact and unresolved source issue; never blanket disclaimer.,NOT_APPROVED,False,SR-001,False,"Resolve official source, OR prove current conservative representation AND gain explicit domain/pilot approval; P1 source-backed omissions cannot use this escape."
L-SR-002,"[""fremtind"", ""sparebank1-fremtind"", ""dnb-fremtind"", ""eika-fremtind""]","[""Bil""]","[""[\""sparebank1-fremtind\"",\""bil\"",\""ordinary\"",\""sb1-bil-ansvar\"",\""PMO-357.001-004\""]"", ""[\""sparebank1-fremtind\"",\""bil\"",\""ordinary\"",\""sb1-bil-delkasko\"",\""PMO-357.001-004\""]"", ""[\""sparebank1-fremtind\"",\""bil\"",\""ordinary\"",\""sb1-bil-kasko\"",\""PMO-357.001-004\""]"", ""[\""sparebank1-fremtind\"",\""bil\"",\""ordinary\"",\""sb1-bil-toppkasko\"",\""PMO-357.001-004\""]"", ""[\""dnb-fremtind\"",\""bil\"",\""ordinary\"",\""dnb-bil-ansvar\"",\""PMO-357.001-004\""]"", ""[\""dnb-fremtind\"",\""bil\"",\""ordinary\"",\""dnb-bil-delkasko\"",\""PMO-357.001-004\""]"", ""[\""dnb-fremtind\"",\""bil\"",\""ordinary\"",\""dnb-bil-kasko\"",\""PMO-357.001-004\""]"", ""[\""dnb-fremtind\"",\""bil\"",\""ordinary\"",\""dnb-bil-topp\"",\""PMO-357.001-004\""]"", ""[\""eika-fremtind\"",\""bil\"",\""ordinary\"",\""eika-bil-ansvar\"",\""PMO-357.001-004\""]"", ""[\""eika-fremtind\"",\""bil\"",\""ordinary\"",\""eika-bil-delkasko\"",\""PMO-357.001-004\""]"", ""[\""eika-fremtind\"",\""bil\"",\""ordinary\"",\""eika-bil-kasko\"",\""PMO-357.001-004\""]"", ""[\""eika-fremtind\"",\""bil\"",\""ordinary\"",\""eika-bil-topp\"",\""PMO-357.001-004\""]"", ""[\""fremtind\"",\""bil\"",\""ordinary\"",\""fremtind-bil-ansvar\"",\""PMO-357.001-004\""]"", ""[\""fremtind\"",\""bil\"",\""ordinary\"",\""fremtind-bil-delkasko\"",\""PMO-357.001-004\""]"", ""[\""fremtind\"",\""bil\"",\""ordinary\"",\""fremtind-bil-kasko\"",\""PMO-357.001-004\""]"", ""[\""fremtind\"",\""bil\"",\""ordinary\"",\""fremtind-bil-topp\"",\""PMO-357.001-004\""]""]","Arkiverte offisielle SB1/DNB-kanalsider og eksakte avtale-/tilleggsregler, kontrollert mot Eika og felles fullvilkår. Fullfør separat kanalmatrise før identiske sluttprodukter påstås.","Datert autoritativ produkt-/nivå-/kanalavklaring av de navngitte spørsmålene; fullvilkår/rider der pakken mangler, ikke forsikringsgiverlikhet eller kundedokument.",NOT_CERTIFIED_FOR_EXCEPTION. Recheck exact current claim against conflict; some catalog positives/boundaries may be misleading.,"Cannot safely conclude a disputed limit, level, eligibility or scope.",If exception later approved: name exact affected product/fact and unresolved source issue; never blanket disclaimer.,NOT_APPROVED,False,SR-002,True,"Resolve official source, OR prove current conservative representation AND gain explicit domain/pilot approval; P1 source-backed omissions cannot use this escape."
L-SR-003,"[""fremtind""]","[""Bil""]","[""[\""fremtind\"",\""bil\"",\""ordinary\"",\""fremtind-bil-ansvar\"",\""PMO-357.001-004\""]"", ""[\""fremtind\"",\""bil\"",\""ordinary\"",\""fremtind-bil-delkasko\"",\""PMO-357.001-004\""]"", ""[\""fremtind\"",\""bil\"",\""ordinary\"",\""fremtind-bil-kasko\"",\""PMO-357.001-004\""]"", ""[\""fremtind\"",\""bil\"",\""ordinary\"",\""fremtind-bil-topp\"",\""PMO-357.001-004\""]""]",SC-056: Minikasko nybil. Minikasko§3.2.1/3.2.2 gir1år15kkm80% og leasing;V106plasserer beggeunderKasko i tillegg.,"Datert autoritativ produkt-/nivå-/kanalavklaring av de navngitte spørsmålene; fullvilkår/rider der pakken mangler, ikke forsikringsgiverlikhet eller kundedokument.",NOT_CERTIFIED_FOR_EXCEPTION. Recheck exact current claim against conflict; some catalog positives/boundaries may be misleading.,"Cannot safely conclude a disputed limit, level, eligibility or scope.",If exception later approved: name exact affected product/fact and unresolved source issue; never blanket disclaimer.,NOT_APPROVED,False,SR-003,True,"Resolve official source, OR prove current conservative representation AND gain explicit domain/pilot approval; P1 source-backed omissions cannot use this escape."
L-SR-004,"[""sparebank1-fremtind""]","[""Hund"", ""Katt""]","[""[\""sparebank1-fremtind\"",\""hund\"",\""ordinary\"",\""sparebank1-fremtind-hund-veterin-r\"",\""2025-08-07\""]"", ""[\""sparebank1-fremtind\"",\""katt\"",\""ordinary\"",\""sparebank1-fremtind-katt-veterin-r\"",\""2025-08-07\""]""]",SC-067: Katt fixed deductible options. Cat§8 1300/2000/4000 versusSB1page1300/2000/3500;same135d+20mechanism.,"Datert autoritativ produkt-/nivå-/kanalavklaring av de navngitte spørsmålene; fullvilkår/rider der pakken mangler, ikke forsikringsgiverlikhet eller kundedokument.",NOT_CERTIFIED_FOR_EXCEPTION. Recheck exact current claim against conflict; some catalog positives/boundaries may be misleading.,"Cannot safely conclude a disputed limit, level, eligibility or scope.",If exception later approved: name exact affected product/fact and unresolved source issue; never blanket disclaimer.,NOT_APPROVED,False,SR-004,True,"Resolve official source, OR prove current conservative representation AND gain explicit domain/pilot approval; P1 source-backed omissions cannot use this escape."
L-SR-005,"[""fremtind""]","[""Innbo""]","[""[\""fremtind\"",\""innbo\"",\""ordinary\"",\""fremtind-innbo-standard\"",\""2025-01-01\""]"", ""[\""fremtind\"",\""innbo\"",\""ordinary\"",\""fremtind-innbo-topp\"",\""2025-01-01\""]""]",SC-057: Kunstgrense. IPIDV104350k;beggefullvilkår01.01.2025500k.,"Datert autoritativ produkt-/nivå-/kanalavklaring av de navngitte spørsmålene; fullvilkår/rider der pakken mangler, ikke forsikringsgiverlikhet eller kundedokument.",NOT_CERTIFIED_FOR_EXCEPTION. Recheck exact current claim against conflict; some catalog positives/boundaries may be misleading.,"Cannot safely conclude a disputed limit, level, eligibility or scope.",If exception later approved: name exact affected product/fact and unresolved source issue; never blanket disclaimer.,NOT_APPROVED,False,SR-005,True,"Resolve official source, OR prove current conservative representation AND gain explicit domain/pilot approval; P1 source-backed omissions cannot use this escape."
L-SR-006,"[""fremtind""]","[""Bobil""]","[""[\""fremtind\"",\""bobil\"",\""ordinary-dnb\"",\""fremtind-bobil-ansvar\"",\""2025-09-18\""]"", ""[\""fremtind\"",\""bobil\"",\""ordinary-dnb\"",\""fremtind-bobil-minikasko\"",\""2025-09-18\""]"", ""[\""fremtind\"",\""bobil\"",\""ordinary-dnb\"",\""fremtind-bobil-kasko\"",\""2025-09-18\""]"", ""[\""fremtind\"",\""bobil\"",\""ordinary-dnb\"",\""fremtind-bobil-topp\"",\""2025-09-18\""]""]","SC-062: DNB equipment/contents/geography. WebFAQ10kfixedgear versusfull50k;webTopp80kcontents versusfull100k;webNorden versusfullEuropeexcludingfourcountries. | SC-063: DNB Top inclusions/privaterental. WebToppincludesmachine/rental, fullToppcontainsneither andIPIDcurrentoptional;webprivatehire2months included versuswebnegative andfullbevisrequired. | SC-064: DNB holiday/newvalue level. Webtwo weeks versusfull15days;Mini ownnewvalue1yr15kkm versusweb/IPIDKaskoonly.","Datert autoritativ produkt-/nivå-/kanalavklaring av de navngitte spørsmålene; fullvilkår/rider der pakken mangler, ikke forsikringsgiverlikhet eller kundedokument.",NOT_CERTIFIED_FOR_EXCEPTION. Recheck exact current claim against conflict; some catalog positives/boundaries may be misleading.,"Cannot safely conclude a disputed limit, level, eligibility or scope.",If exception later approved: name exact affected product/fact and unresolved source issue; never blanket disclaimer.,NOT_APPROVED,False,SR-006,True,"Resolve official source, OR prove current conservative representation AND gain explicit domain/pilot approval; P1 source-backed omissions cannot use this escape."
L-SR-007,"[""fremtind""]","[""Hus""]","[""[\""fremtind\"",\""bolig\"",\""ordinary\"",\""fremtind-hus-standard\"",\""PBK-200.100-015+PBK-200.200-010\""]"", ""[\""fremtind\"",\""bolig\"",\""ordinary\"",\""fremtind-hus-topp\"",\""PBK-200.100-015+PBK-200.200-010\""]""]","SC-058: Tak alder ved50år. IPID V103 under50år versus fullToppikkeeldreenn50år (inkl50). SB1webinntil50. Literal boundary conflict, no arbitrary normalization.","Datert autoritativ produkt-/nivå-/kanalavklaring av de navngitte spørsmålene; fullvilkår/rider der pakken mangler, ikke forsikringsgiverlikhet eller kundedokument.",NOT_CERTIFIED_FOR_EXCEPTION. Recheck exact current claim against conflict; some catalog positives/boundaries may be misleading.,"Cannot safely conclude a disputed limit, level, eligibility or scope.",If exception later approved: name exact affected product/fact and unresolved source issue; never blanket disclaimer.,NOT_APPROVED,False,SR-007,True,"Resolve official source, OR prove current conservative representation AND gain explicit domain/pilot approval; P1 source-backed omissions cannot use this escape."
L-SR-008,"[""fremtind""]","[""MC""]","[""[\""fremtind\"",\""mc\"",\""ordinary-sparebank1\"",\""fremtind-mc-ansvar\"",null]"", ""[\""fremtind\"",\""mc\"",\""ordinary-sparebank1\"",\""fremtind-mc-delkasko\"",null]"", ""[\""fremtind\"",\""mc\"",\""ordinary-sparebank1\"",\""fremtind-mc-kasko\"",null]""]",SC-061: Driving equipment sum. SB1 groups driving gear with10000 supplementaryequipment; PDF separate bullet no distinct drivinggear cap. No separate unlimited claim warranted.,"Datert autoritativ produkt-/nivå-/kanalavklaring av de navngitte spørsmålene; fullvilkår/rider der pakken mangler, ikke forsikringsgiverlikhet eller kundedokument.",NOT_CERTIFIED_FOR_EXCEPTION. Recheck exact current claim against conflict; some catalog positives/boundaries may be misleading.,"Cannot safely conclude a disputed limit, level, eligibility or scope.",If exception later approved: name exact affected product/fact and unresolved source issue; never blanket disclaimer.,NOT_APPROVED,False,SR-008,True,"Resolve official source, OR prove current conservative representation AND gain explicit domain/pilot approval; P1 source-backed omissions cannot use this escape."
L-SR-009,"[""sparebank1-fremtind""]","[""Hund"", ""Katt""]","[""[\""sparebank1-fremtind\"",\""hund\"",\""ordinary\"",\""sparebank1-fremtind-hund-veterin-r\"",\""2025-08-07\""]"", ""[\""sparebank1-fremtind\"",\""katt\"",\""ordinary\"",\""sparebank1-fremtind-katt-veterin-r\"",\""2025-08-07\""]""]",SC-068: Pet life expiry boundary. Full firstrenewalAFTERattainedage;webalsofirstrenewalINyearofage. Not necessarilysamedate;flag precisely.,"Datert autoritativ produkt-/nivå-/kanalavklaring av de navngitte spørsmålene; fullvilkår/rider der pakken mangler, ikke forsikringsgiverlikhet eller kundedokument.",NOT_CERTIFIED_FOR_EXCEPTION. Recheck exact current claim against conflict; some catalog positives/boundaries may be misleading.,"Cannot safely conclude a disputed limit, level, eligibility or scope.",If exception later approved: name exact affected product/fact and unresolved source issue; never blanket disclaimer.,NOT_APPROVED,False,SR-009,True,"Resolve official source, OR prove current conservative representation AND gain explicit domain/pilot approval; P1 source-backed omissions cannot use this escape."
L-SR-010,"[""sparebank1-fremtind""]","[""Hund""]","[""[\""sparebank1-fremtind\"",\""hund\"",\""ordinary\"",\""sparebank1-fremtind-hund-veterin-r\"",\""2025-08-07\""]""]","Fullstendig offentlig Valpeforsikring-rider med eligibility, varighet, antall kull og tillegg til tispe; nettsidens tilgjengelighet er utilstrekkelig.","Datert autoritativ produkt-/nivå-/kanalavklaring av de navngitte spørsmålene; fullvilkår/rider der pakken mangler, ikke forsikringsgiverlikhet eller kundedokument.",NOT_CERTIFIED_FOR_EXCEPTION. Recheck exact current claim against conflict; some catalog positives/boundaries may be misleading.,"Cannot safely conclude a disputed limit, level, eligibility or scope.",If exception later approved: name exact affected product/fact and unresolved source issue; never blanket disclaimer.,NOT_APPROVED,False,SR-010,True,"Resolve official source, OR prove current conservative representation AND gain explicit domain/pilot approval; P1 source-backed omissions cannot use this escape."
L-SR-011,"[""sparebank1-fremtind""]","[""Båt""]","[""[\""sparebank1-fremtind\"",\""båt\"",\""ordinary\"",\""sparebank1-fremtind-bat-delkasko\"",\""2024-06-10\""]"", ""[\""sparebank1-fremtind\"",\""båt\"",\""ordinary\"",\""sparebank1-fremtind-bat-kasko\"",\""2024-06-10\""]"", ""[\""sparebank1-fremtind\"",\""båt\"",\""ordinary\"",\""sparebank1-fremtind-bat-toppkasko\"",\""2024-06-10\""]""]",SC-065: Ansvar SDR unit. Fullp4contains3020000millioner/1510000millionSDR;not safe to silently repairunit. Officialclarification needed. | SC-066: Motor age and product-level FAQ. FullTopp≤10yearmotor/seil;webFAQ<10yearboat. FAQimpliesjolle/holidayToppbutmainmatrix/fullKasko. Conflicts preserved.,"Datert autoritativ produkt-/nivå-/kanalavklaring av de navngitte spørsmålene; fullvilkår/rider der pakken mangler, ikke forsikringsgiverlikhet eller kundedokument.",NOT_CERTIFIED_FOR_EXCEPTION. Recheck exact current claim against conflict; some catalog positives/boundaries may be misleading.,"Cannot safely conclude a disputed limit, level, eligibility or scope.",If exception later approved: name exact affected product/fact and unresolved source issue; never blanket disclaimer.,NOT_APPROVED,False,SR-011,True,"Resolve official source, OR prove current conservative representation AND gain explicit domain/pilot approval; P1 source-backed omissions cannot use this escape."
L-SR-012,"[""eika-fremtind""]","[""Campingvogn"", ""Tilhenger""]","[""[\""eika-fremtind\"",\""campingvogn\"",\""ordinary\"",\""eika-fremtind-campingvogn-minikasko\"",\""2024-03-21\""]"", ""[\""eika-fremtind\"",\""campingvogn\"",\""ordinary\"",\""eika-fremtind-campingvogn-kasko\"",\""2024-03-21\""]"", ""[\""eika-fremtind\"",\""tilhenger\"",\""ordinary\"",\""eika-fremtind-tilhenger-kasko\"",\""2024-03-21\""]""]",SC-060: Ansvar/ulykke/rettshjelp scope in trailer/caravan IPID. IPIDV103p1 lists these; full5pPMO354 contains no such component. No safe sums or included inference.,"Datert autoritativ produkt-/nivå-/kanalavklaring av de navngitte spørsmålene; fullvilkår/rider der pakken mangler, ikke forsikringsgiverlikhet eller kundedokument.",NOT_CERTIFIED_FOR_EXCEPTION. Recheck exact current claim against conflict; some catalog positives/boundaries may be misleading.,"Cannot safely conclude a disputed limit, level, eligibility or scope.",If exception later approved: name exact affected product/fact and unresolved source issue; never blanket disclaimer.,NOT_APPROVED,False,SR-012,True,"Resolve official source, OR prove current conservative representation AND gain explicit domain/pilot approval; P1 source-backed omissions cannot use this escape."
L-SR-013,"[""fremtind""]","[""Reise""]","[""[\""fremtind\"",\""reise\"",\""ordinary\"",\""fremtind-reise\"",\""PRE-450.200-015\""]""]",Gjeldende offentlig sikkerhetsforskrift som faktisk gjelder PRE samt SB1/DNB kanalvalg/varighet. §7.6 finnes ikke i lagret fullvilkår; ikke konstruer 90/120/180-valg.,"Datert autoritativ produkt-/nivå-/kanalavklaring av de navngitte spørsmålene; fullvilkår/rider der pakken mangler, ikke forsikringsgiverlikhet eller kundedokument.",NOT_CERTIFIED_FOR_EXCEPTION. Recheck exact current claim against conflict; some catalog positives/boundaries may be misleading.,"Cannot safely conclude a disputed limit, level, eligibility or scope.",If exception later approved: name exact affected product/fact and unresolved source issue; never blanket disclaimer.,NOT_APPROVED,False,SR-013,True,"Resolve official source, OR prove current conservative representation AND gain explicit domain/pilot approval; P1 source-backed omissions cannot use this escape."
L-SR-014,"[""frende""]","[""Båt""]","[""[\""frende\"",\""båt\"",\""ordinary\"",\""frende-bat-brann-og-tyveri\"",\""2026-01-01\""]"", ""[\""frende\"",\""båt\"",\""ordinary\"",\""frende-bat-kasko\"",\""2026-01-01\""]"", ""[\""frende\"",\""båt\"",\""ordinary\"",\""frende-bat-utvidet\"",\""2026-01-01\""]""]",SC-010: Utvidet newvalue threshold/storage equipment sum; base contents; combined transport label. Fullterms80%newvalue/30000storage vsHTML60%/10000. Mainterms3loosecontentsall versusHTML/IPIDBrannTyverirestrictions. Sjøsetting/opptak label broader than explicit transport clause needs eventscope review.,"Datert autoritativ produkt-/nivå-/kanalavklaring av de navngitte spørsmålene; fullvilkår/rider der pakken mangler, ikke forsikringsgiverlikhet eller kundedokument.",NOT_CERTIFIED_FOR_EXCEPTION. Recheck exact current claim against conflict; some catalog positives/boundaries may be misleading.,"Cannot safely conclude a disputed limit, level, eligibility or scope.",If exception later approved: name exact affected product/fact and unresolved source issue; never blanket disclaimer.,NOT_APPROVED,False,SR-014,True,"Resolve official source, OR prove current conservative representation AND gain explicit domain/pilot approval; P1 source-backed omissions cannot use this escape."
L-SR-015,"[""frende""]","[""Bil""]","[""[\""frende\"",\""bil\"",\""ordinary\"",\""frende-bil-ansvar\"",\""2026-01-01\""]"", ""[\""frende\"",\""bil\"",\""ordinary\"",\""frende-bil-delkasko\"",\""2026-01-01\""]"", ""[\""frende\"",\""bil\"",\""ordinary\"",\""frende-bil-kasko\"",\""2026-01-01\""]"", ""[\""frende\"",\""bil\"",\""ordinary\"",\""frende-bil-utvidet\"",\""2026-01-01\""]""]",SC-012: Maskinskade age cutoff; accident selection; totalskade boundary precision. Terms9.1/9.3endpolicyyear12 vs11.11/IPIDolderthan12. IPIDaccidentseparateheading whiletermsrequiresbevis. Newvaluefulltermsnotolderthan1/3 vsIPIDunder1/3. Lease-machineexclusiononlyIPID.,"Datert autoritativ produkt-/nivå-/kanalavklaring av de navngitte spørsmålene; fullvilkår/rider der pakken mangler, ikke forsikringsgiverlikhet eller kundedokument.",NOT_CERTIFIED_FOR_EXCEPTION. Recheck exact current claim against conflict; some catalog positives/boundaries may be misleading.,"Cannot safely conclude a disputed limit, level, eligibility or scope.",If exception later approved: name exact affected product/fact and unresolved source issue; never blanket disclaimer.,NOT_APPROVED,False,SR-015,True,"Resolve official source, OR prove current conservative representation AND gain explicit domain/pilot approval; P1 source-backed omissions cannot use this escape."
L-SR-016,"[""frende""]","[""Katt""]","[""[\""frende\"",\""katt\"",\""ordinary\"",\""frende-katt-veterin-r\"",\""2026-01-01\""]""]",SC-011: Tap: forsvinning versus theftduringbuildingburglary. 2026fullterms6.1doesnotlistdisappearance;2025IPIDlistsstolenorcomesaway;catalogincludesdisappearanceciting2026fullterms.,"Datert autoritativ produkt-/nivå-/kanalavklaring av de navngitte spørsmålene; fullvilkår/rider der pakken mangler, ikke forsikringsgiverlikhet eller kundedokument.",NOT_CERTIFIED_FOR_EXCEPTION. Recheck exact current claim against conflict; some catalog positives/boundaries may be misleading.,"Cannot safely conclude a disputed limit, level, eligibility or scope.",If exception later approved: name exact affected product/fact and unresolved source issue; never blanket disclaimer.,NOT_APPROVED,False,SR-016,True,"Resolve official source, OR prove current conservative representation AND gain explicit domain/pilot approval; P1 source-backed omissions cannot use this escape."
L-SR-017,"[""frende""]","[""Hus""]","[""[\""frende\"",\""bolig\"",\""ordinary\"",\""frende-hus-standard\"",\""2026-09-01\""]"", ""[\""frende\"",\""bolig\"",\""ordinary\"",\""frende-hus-utvidet\"",\""2026-09-01\""]""]",SC-004: Tining og feilnummererte fullvilkårshenvisninger. HTMLmatrix includes tiningbothlevels butprose saysUtvidet;fullterms5.3 explicitlyStandard andcatalogcorrect. Other fullterm3.1 points4.1/1–10 although4.1has3items;cataloguses5.1.,"Datert autoritativ produkt-/nivå-/kanalavklaring av de navngitte spørsmålene; fullvilkår/rider der pakken mangler, ikke forsikringsgiverlikhet eller kundedokument.",NOT_CERTIFIED_FOR_EXCEPTION. Recheck exact current claim against conflict; some catalog positives/boundaries may be misleading.,"Cannot safely conclude a disputed limit, level, eligibility or scope.",If exception later approved: name exact affected product/fact and unresolved source issue; never blanket disclaimer.,NOT_APPROVED,False,SR-017,True,"Resolve official source, OR prove current conservative representation AND gain explicit domain/pilot approval; P1 source-backed omissions cannot use this escape."
L-SR-018,"[""frende""]","[""Innbo""]","[""[\""frende\"",\""innbo\"",\""ordinary\"",\""frende-innbo-standard\"",\""2026-09-01\""]""]","SC-003: Skade gjort av skadedyr under valgfri Uhell. IPID01.01.2025 inkluderer skade gjort av skadedyr; fullvilkår01.09.2026/11.4 unntar insekter og kjæledyr. Insekter er del av skadedyrbegrepet i7.2. Ulik datert kilde, ikke automatisk samtidigvilkårskonflikt.","Datert autoritativ produkt-/nivå-/kanalavklaring av de navngitte spørsmålene; fullvilkår/rider der pakken mangler, ikke forsikringsgiverlikhet eller kundedokument.",NOT_CERTIFIED_FOR_EXCEPTION. Recheck exact current claim against conflict; some catalog positives/boundaries may be misleading.,"Cannot safely conclude a disputed limit, level, eligibility or scope.",If exception later approved: name exact affected product/fact and unresolved source issue; never blanket disclaimer.,NOT_APPROVED,False,SR-018,False,"Resolve official source, OR prove current conservative representation AND gain explicit domain/pilot approval; P1 source-backed omissions cannot use this escape."
L-SR-019,"[""frende""]","[""Innbo""]","[""[\""frende\"",\""innbo\"",\""ordinary\"",\""frende-innbo-standard\"",\""2026-09-01\""]""]","Presis privat rettshjelpsrolle i §9.1 og anvendelig naturskade-/geografihenvisning. Skaff relevant offentlig avklaring, ikke kundebevis.","Datert autoritativ produkt-/nivå-/kanalavklaring av de navngitte spørsmålene; fullvilkår/rider der pakken mangler, ikke forsikringsgiverlikhet eller kundedokument.",NOT_CERTIFIED_FOR_EXCEPTION. Recheck exact current claim against conflict; some catalog positives/boundaries may be misleading.,"Cannot safely conclude a disputed limit, level, eligibility or scope.",If exception later approved: name exact affected product/fact and unresolved source issue; never blanket disclaimer.,NOT_APPROVED,False,SR-019,True,"Resolve official source, OR prove current conservative representation AND gain explicit domain/pilot approval; P1 source-backed omissions cannot use this escape."
L-SR-020,"[""frende""]","[""MC""]","[""[\""frende\"",\""mc\"",\""ordinary\"",\""frende-mc-ansvar\"",\""2026-01-01\""]"", ""[\""frende\"",\""mc\"",\""ordinary\"",\""frende-mc-delkasko\"",\""2026-01-01\""]"", ""[\""frende\"",\""mc\"",\""ordinary\"",\""frende-mc-kasko\"",\""2026-01-01\""]""]",SC-013: Glass applicability. Sharedvehicleterms5.1includesglass;MCIPIDandtableomitglass. No positiveindependentMCglasssupport.,"Datert autoritativ produkt-/nivå-/kanalavklaring av de navngitte spørsmålene; fullvilkår/rider der pakken mangler, ikke forsikringsgiverlikhet eller kundedokument.",NOT_CERTIFIED_FOR_EXCEPTION. Recheck exact current claim against conflict; some catalog positives/boundaries may be misleading.,"Cannot safely conclude a disputed limit, level, eligibility or scope.",If exception later approved: name exact affected product/fact and unresolved source issue; never blanket disclaimer.,NOT_APPROVED,False,SR-020,True,"Resolve official source, OR prove current conservative representation AND gain explicit domain/pilot approval; P1 source-backed omissions cannot use this escape."
L-SR-021,"[""frende""]","[""Bobil""]","[""[\""frende\"",\""bobil\"",\""ordinary\"",\""frende-bobil-ansvar\"",\""2026-01-01\""]"", ""[\""frende\"",\""bobil\"",\""ordinary\"",\""frende-bobil-delkasko\"",\""2026-01-01\""]"", ""[\""frende\"",\""bobil\"",\""ordinary\"",\""frende-bobil-kasko\"",\""2026-01-01\""]"", ""[\""frende\"",\""bobil\"",\""ordinary\"",\""frende-bobil-utvidet\"",\""2026-01-01\""]""]",SC-014: Bobil content/accessory sums; peritemlimit; leasecap; machinelevel; rentalcashduration. Fullterms/IPIDUtvidetcontents100000/accessory50000vsweb20000/20000. Web10000peritem/150000startleie notfoundmainterms. IPIDmachineoptionalKaskovswebonlyUtvidet. Webcashnormalreptimevsfull31d.,"Datert autoritativ produkt-/nivå-/kanalavklaring av de navngitte spørsmålene; fullvilkår/rider der pakken mangler, ikke forsikringsgiverlikhet eller kundedokument.",NOT_CERTIFIED_FOR_EXCEPTION. Recheck exact current claim against conflict; some catalog positives/boundaries may be misleading.,"Cannot safely conclude a disputed limit, level, eligibility or scope.",If exception later approved: name exact affected product/fact and unresolved source issue; never blanket disclaimer.,NOT_APPROVED,False,SR-021,True,"Resolve official source, OR prove current conservative representation AND gain explicit domain/pilot approval; P1 source-backed omissions cannot use this escape."
L-SR-022,"[""frende""]","[""Tilhenger""]","[""[\""frende\"",\""tilhenger\"",\""ordinary\"",\""frende-tilhenger-brann-og-tyveri\"",\""2026-01-01\""]"", ""[\""frende\"",\""tilhenger\"",\""ordinary\"",\""frende-tilhenger-kasko\"",\""2026-01-01\""]""]",SC-002: Trailer-specific deductible versus general fire/theft deductible. 2000 trailer row and general6000 row in11.11; precedence not safely closed in current partial pass. | SC-015: Type-specific deductible and generic fire/theft rows have unresolved ordering. §11.11: tilhenger damage 2000; general fire/theft 6000 unless lower certificate. Local exact type page does not disambiguate. Generic Kasko key applicability to extensions also retained for review.,"Datert autoritativ produkt-/nivå-/kanalavklaring av de navngitte spørsmålene; fullvilkår/rider der pakken mangler, ikke forsikringsgiverlikhet eller kundedokument.",NOT_CERTIFIED_FOR_EXCEPTION. Recheck exact current claim against conflict; some catalog positives/boundaries may be misleading.,"Cannot safely conclude a disputed limit, level, eligibility or scope.",If exception later approved: name exact affected product/fact and unresolved source issue; never blanket disclaimer.,NOT_APPROVED,False,SR-022,True,"Resolve official source, OR prove current conservative representation AND gain explicit domain/pilot approval; P1 source-backed omissions cannot use this escape."
L-SR-023,"[""gjensidige""]","[""Båt""]","[""[\""gjensidige\"",\""båt\"",\""ordinary\"",\""gjensidige-bat-delkasko\"",null]"", ""[\""gjensidige\"",\""båt\"",\""ordinary\"",\""gjensidige-bat-kasko\"",null]"", ""[\""gjensidige\"",\""båt\"",\""ordinary\"",\""gjensidige-bat-pluss\"",null]""]",SC-031: Båt motoraldersgrense. PlussPDF1førstehovedforfallafter10;PDF4over10excluded;IPID/webto10. Exactageboundaryconflict. | SC-032: Båt rettshjelpegenandel. Fulllegal4k20%/0Mekle;webAnsvarogrettshjelp0intheEgenandelsectionbut4k20%incoverageoverview. Do notunconditionallyzero.,"Datert autoritativ produkt-/nivå-/kanalavklaring av de navngitte spørsmålene; fullvilkår/rider der pakken mangler, ikke forsikringsgiverlikhet eller kundedokument.",NOT_CERTIFIED_FOR_EXCEPTION. Recheck exact current claim against conflict; some catalog positives/boundaries may be misleading.,"Cannot safely conclude a disputed limit, level, eligibility or scope.",If exception later approved: name exact affected product/fact and unresolved source issue; never blanket disclaimer.,NOT_APPROVED,False,SR-023,True,"Resolve official source, OR prove current conservative representation AND gain explicit domain/pilot approval; P1 source-backed omissions cannot use this escape."
L-SR-024,"[""gjensidige""]","[""Båt""]","[""[\""gjensidige\"",\""båt\"",\""ordinary\"",\""gjensidige-bat-delkasko\"",null]"", ""[\""gjensidige\"",\""båt\"",\""ordinary\"",\""gjensidige-bat-kasko\"",null]"", ""[\""gjensidige\"",\""båt\"",\""ordinary\"",\""gjensidige-bat-pluss\"",null]""]","Fullvilkår og nivåtilgjengelighet for privat utleie, utvidet farvann, bygging og Smartbåt; separat svar per tillegg.","Datert autoritativ produkt-/nivå-/kanalavklaring av de navngitte spørsmålene; fullvilkår/rider der pakken mangler, ikke forsikringsgiverlikhet eller kundedokument.",NOT_CERTIFIED_FOR_EXCEPTION. Recheck exact current claim against conflict; some catalog positives/boundaries may be misleading.,"Cannot safely conclude a disputed limit, level, eligibility or scope.",If exception later approved: name exact affected product/fact and unresolved source issue; never blanket disclaimer.,NOT_APPROVED,False,SR-024,True,"Resolve official source, OR prove current conservative representation AND gain explicit domain/pilot approval; P1 source-backed omissions cannot use this escape."
L-SR-025,"[""gjensidige""]","[""Bil""]","[""[\""gjensidige\"",\""bil\"",\""ordinary\"",\""gj-bil-ansvar\"",null]"", ""[\""gjensidige\"",\""bil\"",\""ordinary\"",\""gj-bil-delkasko\"",null]"", ""[\""gjensidige\"",\""bil\"",\""ordinary\"",\""gj-bil-kasko\"",null]"", ""[\""gjensidige\"",\""bil\"",\""ordinary\"",\""gj-bil-pluss\"",null]""]","Eksakt nivåmatrise for utvidet utstyr, spesiallakk og funksjonsutstyr. Generic IPID eller standardmal er ikke bevis for alle nivåer.","Datert autoritativ produkt-/nivå-/kanalavklaring av de navngitte spørsmålene; fullvilkår/rider der pakken mangler, ikke forsikringsgiverlikhet eller kundedokument.",NOT_CERTIFIED_FOR_EXCEPTION. Recheck exact current claim against conflict; some catalog positives/boundaries may be misleading.,"Cannot safely conclude a disputed limit, level, eligibility or scope.",If exception later approved: name exact affected product/fact and unresolved source issue; never blanket disclaimer.,NOT_APPROVED,False,SR-025,True,"Resolve official source, OR prove current conservative representation AND gain explicit domain/pilot approval; P1 source-backed omissions cannot use this escape."
L-SR-026,"[""gjensidige""]","[""Bil""]","[""[\""gjensidige\"",\""bil\"",\""ordinary\"",\""gj-bil-ansvar\"",null]"", ""[\""gjensidige\"",\""bil\"",\""ordinary\"",\""gj-bil-delkasko\"",null]"", ""[\""gjensidige\"",\""bil\"",\""ordinary\"",\""gj-bil-kasko\"",null]"", ""[\""gjensidige\"",\""bil\"",\""ordinary\"",\""gj-bil-pluss\"",null]""]","SC-016: Pluss rental repair period:60days versus entire repair period. FulltermsPDF3 inntil60dager; IPID1 hele reparasjonstiden. Version/effective dates unknown, no chronological precedence.","Datert autoritativ produkt-/nivå-/kanalavklaring av de navngitte spørsmålene; fullvilkår/rider der pakken mangler, ikke forsikringsgiverlikhet eller kundedokument.",NOT_CERTIFIED_FOR_EXCEPTION. Recheck exact current claim against conflict; some catalog positives/boundaries may be misleading.,"Cannot safely conclude a disputed limit, level, eligibility or scope.",If exception later approved: name exact affected product/fact and unresolved source issue; never blanket disclaimer.,NOT_APPROVED,False,SR-026,True,"Resolve official source, OR prove current conservative representation AND gain explicit domain/pilot approval; P1 source-backed omissions cannot use this escape."
L-SR-027,"[""gjensidige""]","[""Campingvogn""]","[""[\""gjensidige\"",\""campingvogn\"",\""ordinary\"",\""gjensidige-campingvogn-delkasko\"",null]"", ""[\""gjensidige\"",\""campingvogn\"",\""ordinary\"",\""gjensidige-campingvogn-kasko\"",null]"", ""[\""gjensidige\"",\""campingvogn\"",\""ordinary\"",\""gjensidige-campingvogn-pluss\"",null]""]","Offentlige Utleie-vilkår og rider for høyere avtalte summer, nivåspesifikt.","Datert autoritativ produkt-/nivå-/kanalavklaring av de navngitte spørsmålene; fullvilkår/rider der pakken mangler, ikke forsikringsgiverlikhet eller kundedokument.",NOT_CERTIFIED_FOR_EXCEPTION. Recheck exact current claim against conflict; some catalog positives/boundaries may be misleading.,"Cannot safely conclude a disputed limit, level, eligibility or scope.",If exception later approved: name exact affected product/fact and unresolved source issue; never blanket disclaimer.,NOT_APPROVED,False,SR-027,True,"Resolve official source, OR prove current conservative representation AND gain explicit domain/pilot approval; P1 source-backed omissions cannot use this escape."
L-SR-028,"[""gjensidige""]","[""Campingvogn""]","[""[\""gjensidige\"",\""campingvogn\"",\""ordinary\"",\""gjensidige-campingvogn-delkasko\"",null]"", ""[\""gjensidige\"",\""campingvogn\"",\""ordinary\"",\""gjensidige-campingvogn-kasko\"",null]"", ""[\""gjensidige\"",\""campingvogn\"",\""ordinary\"",\""gjensidige-campingvogn-pluss\"",null]""]","SC-027: Campingvogn Delkasko glass. IPIDMOT07listsglassunderDelkasko;ownfull1/3noglass,andHTMLexactDelkaskofeaturearraynoglass.Catalogincludedclaimcitesfullfile. | SC-028: Campingvogn IPID ansvar/ulykke/rettshjelp. MOT07intro claims allproductsobligatoryliability/accident/legal+Ansvarlevel;noneinownfullpackages,websaysvia towingcar,only3physicallevels. Do notmaterializefromboilerplate. | SC-029: Campingvogn veihjelp hjemme. Full3 requirescaravanonroadanddriveablebeforeskade;webexplicitlyhome. Noevidencetocollapsequalifier. | SC-030: Campingvogn geografiske produktvalg. FullmobileEurope/fixedNorgeSverigeDanmarkFinland;IPIDEuropeexclKosovoRussiaBelarusnotfixedsubscope. CannotinferIPIDbroadensfixedterritory.","Datert autoritativ produkt-/nivå-/kanalavklaring av de navngitte spørsmålene; fullvilkår/rider der pakken mangler, ikke forsikringsgiverlikhet eller kundedokument.",NOT_CERTIFIED_FOR_EXCEPTION. Recheck exact current claim against conflict; some catalog positives/boundaries may be misleading.,"Cannot safely conclude a disputed limit, level, eligibility or scope.",If exception later approved: name exact affected product/fact and unresolved source issue; never blanket disclaimer.,NOT_APPROVED,False,SR-028,True,"Resolve official source, OR prove current conservative representation AND gain explicit domain/pilot approval; P1 source-backed omissions cannot use this escape."
L-SR-029,"[""gjensidige""]","[""Innbo""]","[""[\""gjensidige\"",\""innbo\"",\""ordinary\"",\""gj-innbo\"",null]"", ""[\""gjensidige\"",\""innbo\"",\""ordinary\"",\""gj-innbo-pluss\"",null]""]",SC-017: Innbo cryptocurrency. IPID1 includes; both exact fullterms3 explicitly exclude. Unknown effective dates/versions prevent chronological resolution.,"Datert autoritativ produkt-/nivå-/kanalavklaring av de navngitte spørsmålene; fullvilkår/rider der pakken mangler, ikke forsikringsgiverlikhet eller kundedokument.",NOT_CERTIFIED_FOR_EXCEPTION. Recheck exact current claim against conflict; some catalog positives/boundaries may be misleading.,"Cannot safely conclude a disputed limit, level, eligibility or scope.",If exception later approved: name exact affected product/fact and unresolved source issue; never blanket disclaimer.,NOT_APPROVED,False,SR-029,True,"Resolve official source, OR prove current conservative representation AND gain explicit domain/pilot approval; P1 source-backed omissions cannot use this escape."
L-SR-030,"[""gjensidige""]","[""Innbo""]","[""[\""gjensidige\"",\""innbo\"",\""ordinary\"",\""gj-innbo\"",null]"", ""[\""gjensidige\"",\""innbo\"",\""ordinary\"",\""gj-innbo-pluss\"",null]""]",Offentlig høyere sykkelsum-rider med nivå og betingelser; kundebevis bare for faktisk valgt beløp.,"Datert autoritativ produkt-/nivå-/kanalavklaring av de navngitte spørsmålene; fullvilkår/rider der pakken mangler, ikke forsikringsgiverlikhet eller kundedokument.",NOT_CERTIFIED_FOR_EXCEPTION. Recheck exact current claim against conflict; some catalog positives/boundaries may be misleading.,"Cannot safely conclude a disputed limit, level, eligibility or scope.",If exception later approved: name exact affected product/fact and unresolved source issue; never blanket disclaimer.,NOT_APPROVED,False,SR-030,True,"Resolve official source, OR prove current conservative representation AND gain explicit domain/pilot approval; P1 source-backed omissions cannot use this escape."
L-SR-031,"[""gjensidige""]","[""Hund""]","[""[\""gjensidige\"",\""hund\"",\""ordinary\"",\""gjensidige-hund-behandling\"",null]""]","SC-034: Hund allergikarens. Web60daysallergy;fulldogterms/IPIDgeneric20daysandno60. Explicitwebqualificationexistsbutversionrelationunresolved. | SC-035: Hund fysikalsk versusrehabilitering. Weblistsfysio/kiro/akupunkturinbaseandwaterrehaboptional;full2akupunktur,3rehab+fysikalskwithin5koptionaltemplate. Mustclarifyprecisetreatmentmodalitiesbeforecomponentrevision.","Datert autoritativ produkt-/nivå-/kanalavklaring av de navngitte spørsmålene; fullvilkår/rider der pakken mangler, ikke forsikringsgiverlikhet eller kundedokument.",NOT_CERTIFIED_FOR_EXCEPTION. Recheck exact current claim against conflict; some catalog positives/boundaries may be misleading.,"Cannot safely conclude a disputed limit, level, eligibility or scope.",If exception later approved: name exact affected product/fact and unresolved source issue; never blanket disclaimer.,NOT_APPROVED,False,SR-031,True,"Resolve official source, OR prove current conservative representation AND gain explicit domain/pilot approval; P1 source-backed omissions cannot use this escape."
L-SR-032,"[""gjensidige""]","[""Hus""]","[""[\""gjensidige\"",\""bolig\"",\""ordinary\"",\""gjensidige-hus\"",\""Alminnelige vilkår\""]"", ""[\""gjensidige\"",\""bolig\"",\""ordinary\"",\""gjensidige-hus-pluss\"",\""Alminnelige vilkår\""]""]","SC-020: Hus physical insect damage deductible. Pluss1 gives6k Råteogskadeinsekter,2k bekjempelse; productpage says2kSkadeinsekter without distinction. Catalogue labels2kbekjempelse conservatively; physicaldamage webpage conflict remains.","Datert autoritativ produkt-/nivå-/kanalavklaring av de navngitte spørsmålene; fullvilkår/rider der pakken mangler, ikke forsikringsgiverlikhet eller kundedokument.",NOT_CERTIFIED_FOR_EXCEPTION. Recheck exact current claim against conflict; some catalog positives/boundaries may be misleading.,"Cannot safely conclude a disputed limit, level, eligibility or scope.",If exception later approved: name exact affected product/fact and unresolved source issue; never blanket disclaimer.,NOT_APPROVED,False,SR-032,True,"Resolve official source, OR prove current conservative representation AND gain explicit domain/pilot approval; P1 source-backed omissions cannot use this escape."
L-SR-033,"[""gjensidige""]","[""Båt"", ""Hus"", ""Innbo"", ""Reise""]","[""[\""gjensidige\"",\""innbo\"",\""ordinary\"",\""gj-innbo\"",null]"", ""[\""gjensidige\"",\""innbo\"",\""ordinary\"",\""gj-innbo-pluss\"",null]"", ""[\""gjensidige\"",\""bolig\"",\""ordinary\"",\""gjensidige-hus\"",\""Alminnelige vilkår\""]"", ""[\""gjensidige\"",\""bolig\"",\""ordinary\"",\""gjensidige-hus-pluss\"",\""Alminnelige vilkår\""]"", ""[\""gjensidige\"",\""reise\"",\""ordinary\"",\""gjensidige-reise\"",\""2026-09-20-canonical\""]"", ""[\""gjensidige\"",\""reise\"",\""ordinary\"",\""gjensidige-reise-pluss\"",\""2026-09-20-canonical\""]"", ""[\""gjensidige\"",\""båt\"",\""ordinary\"",\""gjensidige-bat-delkasko\"",null]"", ""[\""gjensidige\"",\""båt\"",\""ordinary\"",\""gjensidige-bat-kasko\"",null]"", ""[\""gjensidige\"",\""båt\"",\""ordinary\"",\""gjensidige-bat-pluss\"",null]""]","SC-018: Innbo Husleietvistutvalget. Both fullterms covered15k table and exclusion mention same tribunal; underlying scope unclear. | SC-019: Hus Husleietvistutvalget. FullStandard8–9,Pluss9–10 affirm15k and laterexclude same tribunal. | SC-024: Rettshjelp HTU. Samefullterms affirmative15kHTU andlaterexclusion; territor youtsideNordenlimitspracticaltravel relevance, noautomaticclaimorP1. | SC-033: Båt rettshjelpHTU. Fulllegalpositive15kHTUandlaterexclusion; boat-specificapplicabilitylow/unclear. Noautomaticnewcoverage.","Datert autoritativ produkt-/nivå-/kanalavklaring av de navngitte spørsmålene; fullvilkår/rider der pakken mangler, ikke forsikringsgiverlikhet eller kundedokument.",NOT_CERTIFIED_FOR_EXCEPTION. Recheck exact current claim against conflict; some catalog positives/boundaries may be misleading.,"Cannot safely conclude a disputed limit, level, eligibility or scope.",If exception later approved: name exact affected product/fact and unresolved source issue; never blanket disclaimer.,NOT_APPROVED,False,SR-033,False,"Resolve official source, OR prove current conservative representation AND gain explicit domain/pilot approval; P1 source-backed omissions cannot use this escape."
L-SR-034,"[""gjensidige""]","[""Bobil""]","[""[\""gjensidige\"",\""bobil\"",\""ordinary\"",\""gjensidige-bobil-ansvar\"",null]"", ""[\""gjensidige\"",\""bobil\"",\""ordinary\"",\""gjensidige-bobil-delkasko\"",null]"", ""[\""gjensidige\"",\""bobil\"",\""ordinary\"",\""gjensidige-bobil-kasko\"",null]"", ""[\""gjensidige\"",\""bobil\"",\""ordinary\"",\""gjensidige-bobil-pluss\"",null]""]",SC-025: Bobil Pluss utvidet totalskade. MOT08 IPID1 says extended total-loss; ownKasko/Pluss15 both1yr20k andwebsame. Do not invent Plusshigher limits. | SC-026: Bobil inklusive aldersgrenser. Ownfullterms inntil1yr vswebunder1; machinefirstexpiryafter15 vswebunder15; moisture<=15productionvswebframtil15. Preserve fulltermrule and record boundaries.,"Datert autoritativ produkt-/nivå-/kanalavklaring av de navngitte spørsmålene; fullvilkår/rider der pakken mangler, ikke forsikringsgiverlikhet eller kundedokument.",NOT_CERTIFIED_FOR_EXCEPTION. Recheck exact current claim against conflict; some catalog positives/boundaries may be misleading.,"Cannot safely conclude a disputed limit, level, eligibility or scope.",If exception later approved: name exact affected product/fact and unresolved source issue; never blanket disclaimer.,NOT_APPROVED,False,SR-034,True,"Resolve official source, OR prove current conservative representation AND gain explicit domain/pilot approval; P1 source-backed omissions cannot use this escape."
L-SR-035,"[""gjensidige""]","[""Bobil""]","[""[\""gjensidige\"",\""bobil\"",\""ordinary\"",\""gjensidige-bobil-ansvar\"",null]"", ""[\""gjensidige\"",\""bobil\"",\""ordinary\"",\""gjensidige-bobil-delkasko\"",null]"", ""[\""gjensidige\"",\""bobil\"",\""ordinary\"",\""gjensidige-bobil-kasko\"",null]"", ""[\""gjensidige\"",\""bobil\"",\""ordinary\"",\""gjensidige-bobil-pluss\"",null]""]","Daterte fullvilkår og nivåmatrise for Utleie og Fortelt, hver med egen leveranse; offentlig tilgjengelighet alene gir ikke grenser.","Datert autoritativ produkt-/nivå-/kanalavklaring av de navngitte spørsmålene; fullvilkår/rider der pakken mangler, ikke forsikringsgiverlikhet eller kundedokument.",NOT_CERTIFIED_FOR_EXCEPTION. Recheck exact current claim against conflict; some catalog positives/boundaries may be misleading.,"Cannot safely conclude a disputed limit, level, eligibility or scope.",If exception later approved: name exact affected product/fact and unresolved source issue; never blanket disclaimer.,NOT_APPROVED,False,SR-035,True,"Resolve official source, OR prove current conservative representation AND gain explicit domain/pilot approval; P1 source-backed omissions cannot use this escape."
L-SR-036,"[""gjensidige""]","[""Hund"", ""Katt""]","[""[\""gjensidige\"",\""hund\"",\""ordinary\"",\""gjensidige-hund-behandling\"",null]"", ""[\""gjensidige\"",\""katt\"",\""ordinary\"",\""gjensidige-katt-behandling\"",null]""]",Offentlig rase-/artsbestemt avgrensningsoversikt og refererte riders; ingen individuelle poliser eller helseopplysninger.,"Datert autoritativ produkt-/nivå-/kanalavklaring av de navngitte spørsmålene; fullvilkår/rider der pakken mangler, ikke forsikringsgiverlikhet eller kundedokument.",NOT_CERTIFIED_FOR_EXCEPTION. Recheck exact current claim against conflict; some catalog positives/boundaries may be misleading.,"Cannot safely conclude a disputed limit, level, eligibility or scope.",If exception later approved: name exact affected product/fact and unresolved source issue; never blanket disclaimer.,NOT_APPROVED,False,SR-036,True,"Resolve official source, OR prove current conservative representation AND gain explicit domain/pilot approval; P1 source-backed omissions cannot use this escape."
L-SR-037,"[""gjensidige""]","[""Snøscooter""]","[""[\""gjensidige\"",\""snøscooter\"",\""ordinary\"",\""gjensidige-snoscooter-ansvar\"",null]"", ""[\""gjensidige\"",\""snøscooter\"",\""ordinary\"",\""gjensidige-snoscooter-delkasko\"",null]"", ""[\""gjensidige\"",\""snøscooter\"",\""ordinary\"",\""gjensidige-snoscooter-kasko\"",null]""]",Offentlige vilkår og nivågrenser for Henger/utvidet utstyr.,"Datert autoritativ produkt-/nivå-/kanalavklaring av de navngitte spørsmålene; fullvilkår/rider der pakken mangler, ikke forsikringsgiverlikhet eller kundedokument.",NOT_CERTIFIED_FOR_EXCEPTION. Recheck exact current claim against conflict; some catalog positives/boundaries may be misleading.,"Cannot safely conclude a disputed limit, level, eligibility or scope.",If exception later approved: name exact affected product/fact and unresolved source issue; never blanket disclaimer.,NOT_APPROVED,False,SR-037,True,"Resolve official source, OR prove current conservative representation AND gain explicit domain/pilot approval; P1 source-backed omissions cannot use this escape."
L-SR-038,"[""gjensidige""]","[""Tilhenger""]","[""[\""gjensidige\"",\""tilhenger\"",\""ordinary\"",\""gjensidige-tilhenger-delkasko\"",null]"", ""[\""gjensidige\"",\""tilhenger\"",\""ordinary\"",\""gjensidige-tilhenger-kasko\"",null]""]",Offentlig fullstendig Utleie-rider og nivåtilgjengelighet; ikke antatt kundens valg fra mal.,"Datert autoritativ produkt-/nivå-/kanalavklaring av de navngitte spørsmålene; fullvilkår/rider der pakken mangler, ikke forsikringsgiverlikhet eller kundedokument.",NOT_CERTIFIED_FOR_EXCEPTION. Recheck exact current claim against conflict; some catalog positives/boundaries may be misleading.,"Cannot safely conclude a disputed limit, level, eligibility or scope.",If exception later approved: name exact affected product/fact and unresolved source issue; never blanket disclaimer.,NOT_APPROVED,False,SR-038,True,"Resolve official source, OR prove current conservative representation AND gain explicit domain/pilot approval; P1 source-backed omissions cannot use this escape."
L-SR-039,"[""gjensidige""]","[""Reise""]","[""[\""gjensidige\"",\""reise\"",\""ordinary\"",\""gjensidige-reise\"",\""2026-09-20-canonical\""]"", ""[\""gjensidige\"",\""reise\"",\""ordinary\"",\""gjensidige-reise-pluss\"",\""2026-09-20-canonical\""]""]","SC-021: Mobil bakside og samtidig skade. Fullterms6onlyknustskjerm/tyveri/ran/brann;web229addsbackandconcurrentdamage.Catalogincludeswebclaimbutcitesonlyfullterms. | SC-022: Inklusive tidsgrenser. Full5ukerinntilvswebmindreenn5;Plusstransport>=8tvsweb/catalog>8t. Catalogfull5wbutweb8twithoutconflict. | SC-023: Forlengelse enhetsforhold. Web42extraweeks/295daysnotarithmeticallyequal;IPID12mnd. Catalogfaithfullycopiesbutdoesnotsignalunituncertainty. Sixmonthsresidency general vswebone12monthjourneyexceptionneedsbevis,notnormaldefault.","Datert autoritativ produkt-/nivå-/kanalavklaring av de navngitte spørsmålene; fullvilkår/rider der pakken mangler, ikke forsikringsgiverlikhet eller kundedokument.",NOT_CERTIFIED_FOR_EXCEPTION. Recheck exact current claim against conflict; some catalog positives/boundaries may be misleading.,"Cannot safely conclude a disputed limit, level, eligibility or scope.",If exception later approved: name exact affected product/fact and unresolved source issue; never blanket disclaimer.,NOT_APPROVED,False,SR-039,True,"Resolve official source, OR prove current conservative representation AND gain explicit domain/pilot approval; P1 source-backed omissions cannot use this escape."
L-SR-040,"[""if""]","[""Båt""]","[""[\""if\"",\""båt\"",\""ordinary\"",\""if-bat-delkasko\"",\""2023-02-01\""]"", ""[\""if\"",\""båt\"",\""ordinary\"",\""if-bat-kasko\"",\""2023-02-01\""]"", ""[\""if\"",\""båt\"",\""ordinary\"",\""if-bat-super\"",\""2023-02-01\""]""]",SC-044: Jolle/opplagsutstyr applicability Delkasko vs Kasko. Full§3.1unqualifiedobjects;IPID1addsunderKasko. ExactDelkaskoapplicabilitycannotbesafelyflattened.,"Datert autoritativ produkt-/nivå-/kanalavklaring av de navngitte spørsmålene; fullvilkår/rider der pakken mangler, ikke forsikringsgiverlikhet eller kundedokument.",NOT_CERTIFIED_FOR_EXCEPTION. Recheck exact current claim against conflict; some catalog positives/boundaries may be misleading.,"Cannot safely conclude a disputed limit, level, eligibility or scope.",If exception later approved: name exact affected product/fact and unresolved source issue; never blanket disclaimer.,NOT_APPROVED,False,SR-040,True,"Resolve official source, OR prove current conservative representation AND gain explicit domain/pilot approval; P1 source-backed omissions cannot use this escape."
L-SR-041,"[""if""]","[""Campingvogn""]","[""[\""if\"",\""campingvogn\"",\""ordinary\"",\""if-campingvogn-delkasko\"",\""2024-03\""]"", ""[\""if\"",\""campingvogn\"",\""ordinary\"",\""if-campingvogn-kasko\"",\""2024-03\""]"", ""[\""if\"",\""campingvogn\"",\""ordinary\"",\""if-campingvogn-super\"",\""2024-03\""]""]",SC-041: Tilbygg Delkasko. SV707§1inkluderer40kuteneksplisittminstenivå; web begrenser Kasko/Super. Ikke anta Delkaskotilbygg.,"Datert autoritativ produkt-/nivå-/kanalavklaring av de navngitte spørsmålene; fullvilkår/rider der pakken mangler, ikke forsikringsgiverlikhet eller kundedokument.",NOT_CERTIFIED_FOR_EXCEPTION. Recheck exact current claim against conflict; some catalog positives/boundaries may be misleading.,"Cannot safely conclude a disputed limit, level, eligibility or scope.",If exception later approved: name exact affected product/fact and unresolved source issue; never blanket disclaimer.,NOT_APPROVED,False,SR-041,True,"Resolve official source, OR prove current conservative representation AND gain explicit domain/pilot approval; P1 source-backed omissions cannot use this escape."
L-SR-042,"[""if""]","[""Innbo""]","[""[\""if\"",\""innbo\"",\""ordinary\"",\""if-innbo-basis\"",\""IBO2-1\""]"", ""[\""if\"",\""innbo\"",\""ordinary\"",\""if-innbo-utvidet\"",\""IBO2-1\""]"", ""[\""if\"",\""innbo\"",\""ordinary\"",\""if-innbo-super\"",\""IBO2-1\""]""]",Fullvilkår for høy sykkelverdi og verdigjenstand/samling; sikker nivå-/sum-/egenandelsmatrise.,"Datert autoritativ produkt-/nivå-/kanalavklaring av de navngitte spørsmålene; fullvilkår/rider der pakken mangler, ikke forsikringsgiverlikhet eller kundedokument.",NOT_CERTIFIED_FOR_EXCEPTION. Recheck exact current claim against conflict; some catalog positives/boundaries may be misleading.,"Cannot safely conclude a disputed limit, level, eligibility or scope.",If exception later approved: name exact affected product/fact and unresolved source issue; never blanket disclaimer.,NOT_APPROVED,False,SR-042,True,"Resolve official source, OR prove current conservative representation AND gain explicit domain/pilot approval; P1 source-backed omissions cannot use this escape."
L-SR-043,"[""if""]","[""Hus""]","[""[\""if\"",\""bolig\"",\""ordinary\"",\""if-hus-basis\"",\""2023-09\""]"", ""[\""if\"",\""bolig\"",\""ordinary\"",\""if-hus-utvidet\"",\""2023-09\""]"", ""[\""if\"",\""bolig\"",\""ordinary\"",\""if-hus-super\"",\""2023-09\""]""]",SC-042: Product level names and intermediate-tier scope. BGN1-0 September2023 andHTML explicitlyBasis/Utvidet/Super;IPIDundatedStandard/Super omitsUtvidet. Full/websupportexactimplemented3levels;IPIDcannotproveStandard=Basis.,"Datert autoritativ produkt-/nivå-/kanalavklaring av de navngitte spørsmålene; fullvilkår/rider der pakken mangler, ikke forsikringsgiverlikhet eller kundedokument.",NOT_CERTIFIED_FOR_EXCEPTION. Recheck exact current claim against conflict; some catalog positives/boundaries may be misleading.,"Cannot safely conclude a disputed limit, level, eligibility or scope.",If exception later approved: name exact affected product/fact and unresolved source issue; never blanket disclaimer.,NOT_APPROVED,False,SR-043,True,"Resolve official source, OR prove current conservative representation AND gain explicit domain/pilot approval; P1 source-backed omissions cannot use this escape."
L-SR-044,"[""if""]","[""MC""]","[""[\""if\"",\""mc\"",\""ordinary\"",\""if-mc-ansvar\"",\""2024-03\""]"", ""[\""if\"",\""mc\"",\""ordinary\"",\""if-mc-delkasko\"",\""2024-03\""]"", ""[\""if\"",\""mc\"",\""ordinary\"",\""if-mc-kasko\"",\""2024-03\""]""]",SC-038: Maskinskade kjøretøyeligibility. Webløpetekst sier alle motorsyklerunder7; full/IPID kun mellomtung/tung. Catalogkonservativtypeavgrensning korrekt.,"Datert autoritativ produkt-/nivå-/kanalavklaring av de navngitte spørsmålene; fullvilkår/rider der pakken mangler, ikke forsikringsgiverlikhet eller kundedokument.",NOT_CERTIFIED_FOR_EXCEPTION. Recheck exact current claim against conflict; some catalog positives/boundaries may be misleading.,"Cannot safely conclude a disputed limit, level, eligibility or scope.",If exception later approved: name exact affected product/fact and unresolved source issue; never blanket disclaimer.,NOT_APPROVED,False,SR-044,True,"Resolve official source, OR prove current conservative representation AND gain explicit domain/pilot approval; P1 source-backed omissions cannot use this escape."
L-SR-045,"[""if""]","[""Snøscooter"", ""Campingvogn"", ""Tilhenger""]","[""[\""if\"",\""snøscooter\"",\""ordinary\"",\""if-snoscooter-ansvar\"",\""2024-03\""]"", ""[\""if\"",\""snøscooter\"",\""ordinary\"",\""if-snoscooter-delkasko\"",\""2024-03\""]"", ""[\""if\"",\""snøscooter\"",\""ordinary\"",\""if-snoscooter-kasko\"",\""2024-03\""]"", ""[\""if\"",\""campingvogn\"",\""ordinary\"",\""if-campingvogn-delkasko\"",\""2024-03\""]"", ""[\""if\"",\""campingvogn\"",\""ordinary\"",\""if-campingvogn-kasko\"",\""2024-03\""]"", ""[\""if\"",\""campingvogn\"",\""ordinary\"",\""if-campingvogn-super\"",\""2024-03\""]"", ""[\""if\"",\""tilhenger\"",\""ordinary\"",\""if-tilhenger-delkasko\"",\""2024-03\""]"", ""[\""if\"",\""tilhenger\"",\""ordinary\"",\""if-tilhenger-kasko\"",\""2024-03\""]""]","Eksakt snøscooter glass/redning, ordinær nyverdi på ikke-motorisert type og høyere utstyr/tilbygg-riders. Selvstendig svar per type.","Datert autoritativ produkt-/nivå-/kanalavklaring av de navngitte spørsmålene; fullvilkår/rider der pakken mangler, ikke forsikringsgiverlikhet eller kundedokument.",NOT_CERTIFIED_FOR_EXCEPTION. Recheck exact current claim against conflict; some catalog positives/boundaries may be misleading.,"Cannot safely conclude a disputed limit, level, eligibility or scope.",If exception later approved: name exact affected product/fact and unresolved source issue; never blanket disclaimer.,NOT_APPROVED,False,SR-045,True,"Resolve official source, OR prove current conservative representation AND gain explicit domain/pilot approval; P1 source-backed omissions cannot use this escape."
L-SR-046,"[""if""]","[""Bobil""]","[""[\""if\"",\""bobil\"",\""ordinary\"",\""if-bobil-ansvar\"",\""2024-03\""]"", ""[\""if\"",\""bobil\"",\""ordinary\"",\""if-bobil-delkasko\"",\""2024-03\""]"", ""[\""if\"",\""bobil\"",\""ordinary\"",\""if-bobil-kasko\"",\""2024-03\""]"", ""[\""if\"",\""bobil\"",\""ordinary\"",\""if-bobil-super\"",\""2022-06\""]""]","SC-036: Super nyverdi kilometer. Sammewebintro100k, tabell60k; fullMOT4.11.1før60k. Katalog60k støttes av fullvilkår; nettsidekonflikt må likevel forklares. | SC-037: IPID Super motor/kløtsj. IPID omtaler Superbegrensning kløtsj100k/maskin200k samtidig som maskin er tillegg. FullMOTclutchlamellunntak og separatvalgfri; ikke grunnlag for å inkludere maskin iSuper.","Datert autoritativ produkt-/nivå-/kanalavklaring av de navngitte spørsmålene; fullvilkår/rider der pakken mangler, ikke forsikringsgiverlikhet eller kundedokument.",NOT_CERTIFIED_FOR_EXCEPTION. Recheck exact current claim against conflict; some catalog positives/boundaries may be misleading.,"Cannot safely conclude a disputed limit, level, eligibility or scope.",If exception later approved: name exact affected product/fact and unresolved source issue; never blanket disclaimer.,NOT_APPROVED,False,SR-046,True,"Resolve official source, OR prove current conservative representation AND gain explicit domain/pilot approval; P1 source-backed omissions cannot use this escape."
L-SR-047,"[""if""]","[""Hund"", ""Katt""]","[""[\""if\"",\""hund\"",\""ordinary\"",\""if-hund-basis\"",\""2022-12-01\""]"", ""[\""if\"",\""hund\"",\""ordinary\"",\""if-hund-standard\"",\""2022-12-01\""]"", ""[\""if\"",\""hund\"",\""ordinary\"",\""if-hund-super\"",\""2022-12-01\""]"", ""[\""if\"",\""katt\"",\""ordinary\"",\""if-katt-basis\"",\""2022-12-01\""]"", ""[\""if\"",\""katt\"",\""ordinary\"",\""if-katt-standard\"",\""2022-12-01\""]"", ""[\""if\"",\""katt\"",\""ordinary\"",\""if-katt-super\"",\""2022-12-01\""]""]",SC-045: Keisersnitt: minst vs mer enn ett år; færre enn to vs ikke flere enn to tidligere. Full5.1.6:minstettår/ikketoellerflere;IPID:merennettår/ikkeflereennto. Exactboundariesconflict.,"Datert autoritativ produkt-/nivå-/kanalavklaring av de navngitte spørsmålene; fullvilkår/rider der pakken mangler, ikke forsikringsgiverlikhet eller kundedokument.",NOT_CERTIFIED_FOR_EXCEPTION. Recheck exact current claim against conflict; some catalog positives/boundaries may be misleading.,"Cannot safely conclude a disputed limit, level, eligibility or scope.",If exception later approved: name exact affected product/fact and unresolved source issue; never blanket disclaimer.,NOT_APPROVED,False,SR-047,True,"Resolve official source, OR prove current conservative representation AND gain explicit domain/pilot approval; P1 source-backed omissions cannot use this escape."
L-SR-048,"[""if""]","[""Snøscooter""]","[""[\""if\"",\""snøscooter\"",\""ordinary\"",\""if-snoscooter-ansvar\"",\""2024-03\""]"", ""[\""if\"",\""snøscooter\"",\""ordinary\"",\""if-snoscooter-delkasko\"",\""2024-03\""]"", ""[\""if\"",\""snøscooter\"",\""ordinary\"",\""if-snoscooter-kasko\"",\""2024-03\""]""]","SC-039: Tyveri FG-egenandel. SV692 og webintro reduserer2k; FAQ sier8000->4000 medFG og0medalarm. Egen kildekonflikt, ikke automatisk feil på standard8000medbevisforrang.","Datert autoritativ produkt-/nivå-/kanalavklaring av de navngitte spørsmålene; fullvilkår/rider der pakken mangler, ikke forsikringsgiverlikhet eller kundedokument.",NOT_CERTIFIED_FOR_EXCEPTION. Recheck exact current claim against conflict; some catalog positives/boundaries may be misleading.,"Cannot safely conclude a disputed limit, level, eligibility or scope.",If exception later approved: name exact affected product/fact and unresolved source issue; never blanket disclaimer.,NOT_APPROVED,False,SR-048,True,"Resolve official source, OR prove current conservative representation AND gain explicit domain/pilot approval; P1 source-backed omissions cannot use this escape."
L-SR-049,"[""if""]","[""Bobil"", ""Campingvogn"", ""Innbo"", ""Hus"", ""Reise""]","[""[\""if\"",\""innbo\"",\""ordinary\"",\""if-innbo-basis\"",\""IBO2-1\""]"", ""[\""if\"",\""innbo\"",\""ordinary\"",\""if-innbo-utvidet\"",\""IBO2-1\""]"", ""[\""if\"",\""innbo\"",\""ordinary\"",\""if-innbo-super\"",\""IBO2-1\""]"", ""[\""if\"",\""bolig\"",\""ordinary\"",\""if-hus-basis\"",\""2023-09\""]"", ""[\""if\"",\""bolig\"",\""ordinary\"",\""if-hus-utvidet\"",\""2023-09\""]"", ""[\""if\"",\""bolig\"",\""ordinary\"",\""if-hus-super\"",\""2023-09\""]"", ""[\""if\"",\""reise\"",\""ordinary\"",\""if-reise-basis\"",\""2026-09-20-canonical\""]"", ""[\""if\"",\""reise\"",\""ordinary\"",\""if-reise-standard\"",\""2026-09-20-canonical\""]"", ""[\""if\"",\""reise\"",\""ordinary\"",\""if-reise-super\"",\""2026-09-20-canonical\""]"", ""[\""if\"",\""campingvogn\"",\""ordinary\"",\""if-campingvogn-delkasko\"",\""2024-03\""]"", ""[\""if\"",\""campingvogn\"",\""ordinary\"",\""if-campingvogn-kasko\"",\""2024-03\""]"", ""[\""if\"",\""campingvogn\"",\""ordinary\"",\""if-campingvogn-super\"",\""2024-03\""]"", ""[\""if\"",\""bobil\"",\""ordinary\"",\""if-bobil-ansvar\"",\""2024-03\""]"", ""[\""if\"",\""bobil\"",\""ordinary\"",\""if-bobil-delkasko\"",\""2024-03\""]"", ""[\""if\"",\""bobil\"",\""ordinary\"",\""if-bobil-kasko\"",\""2024-03\""]"", ""[\""if\"",\""bobil\"",\""ordinary\"",\""if-bobil-super\"",\""2022-06\""]""]","Fullstendige toårs Supergaranti-regler, med eksakt anvendelig produkt-/versjonsmatrise. Felles forskning gir ikke rett til å dele fakta mellom familiene.","Datert autoritativ produkt-/nivå-/kanalavklaring av de navngitte spørsmålene; fullvilkår/rider der pakken mangler, ikke forsikringsgiverlikhet eller kundedokument.",NOT_CERTIFIED_FOR_EXCEPTION. Recheck exact current claim against conflict; some catalog positives/boundaries may be misleading.,"Cannot safely conclude a disputed limit, level, eligibility or scope.",If exception later approved: name exact affected product/fact and unresolved source issue; never blanket disclaimer.,NOT_APPROVED,False,SR-049,False,"Resolve official source, OR prove current conservative representation AND gain explicit domain/pilot approval; P1 source-backed omissions cannot use this escape."
L-SR-050,"[""if""]","[""Tilhenger""]","[""[\""if\"",\""tilhenger\"",\""ordinary\"",\""if-tilhenger-delkasko\"",\""2024-03\""]"", ""[\""if\"",\""tilhenger\"",\""ordinary\"",\""if-tilhenger-kasko\"",\""2024-03\""]""]","SC-040: Veihjelp egenandel. MOT750, web500 ogS709ingenoverstyring. Katalog mangler veihjelp helt; kunne ikke velge sikkert standardbeløp.","Datert autoritativ produkt-/nivå-/kanalavklaring av de navngitte spørsmålene; fullvilkår/rider der pakken mangler, ikke forsikringsgiverlikhet eller kundedokument.",NOT_CERTIFIED_FOR_EXCEPTION. Recheck exact current claim against conflict; some catalog positives/boundaries may be misleading.,"Cannot safely conclude a disputed limit, level, eligibility or scope.",If exception later approved: name exact affected product/fact and unresolved source issue; never blanket disclaimer.,NOT_APPROVED,False,SR-050,True,"Resolve official source, OR prove current conservative representation AND gain explicit domain/pilot approval; P1 source-backed omissions cannot use this escape."
L-SR-051,"[""if""]","[""Reise""]","[""[\""if\"",\""reise\"",\""ordinary\"",\""if-reise-basis\"",\""2026-09-20-canonical\""]"", ""[\""if\"",\""reise\"",\""ordinary\"",\""if-reise-standard\"",\""2026-09-20-canonical\""]"", ""[\""if\"",\""reise\"",\""ordinary\"",\""if-reise-super\"",\""2026-09-20-canonical\""]""]",SC-043: Psykologisk førstehjelp: timer vs behandlinger. ERA3-4§5.2.10:inntil10timer;lokalproduktside:inntil10behandlinger. Not a proven safe equivalence.,"Datert autoritativ produkt-/nivå-/kanalavklaring av de navngitte spørsmålene; fullvilkår/rider der pakken mangler, ikke forsikringsgiverlikhet eller kundedokument.",NOT_CERTIFIED_FOR_EXCEPTION. Recheck exact current claim against conflict; some catalog positives/boundaries may be misleading.,"Cannot safely conclude a disputed limit, level, eligibility or scope.",If exception later approved: name exact affected product/fact and unresolved source issue; never blanket disclaimer.,NOT_APPROVED,False,SR-051,True,"Resolve official source, OR prove current conservative representation AND gain explicit domain/pilot approval; P1 source-backed omissions cannot use this escape."
L-SR-052,"[""storebrand""]","[""Båt""]","[""[\""storebrand\"",\""båt\"",\""ordinary\"",\""storebrand-bat-delkasko\"",\""2024-09-01\""]"", ""[\""storebrand\"",\""båt\"",\""ordinary\"",\""storebrand-bat-kasko\"",\""2024-09-01\""]"", ""[\""storebrand\"",\""båt\"",\""ordinary\"",\""storebrand-bat-super\"",\""2024-09-01\""]""]",SC-069: Registration eligibility and documentary proof for total disappearance. Full§4 ≥10hk/≥4.5m and Småbåt/Securmark; web >10hk/>4.5m and Småbåt only. Full§6.21 permits registry evidence or purchase contract; IPID excludes disappeared boat not Småbåt registered. No unqualified common negative imported. | SC-070: Theft deductible reduction safety device. Full§5.1 requires operating FG search/recovery system or whole-boat Securmark; web FAQ calls it FG alarm. Alarm alone not proven equivalent to recovery system.,"Datert autoritativ produkt-/nivå-/kanalavklaring av de navngitte spørsmålene; fullvilkår/rider der pakken mangler, ikke forsikringsgiverlikhet eller kundedokument.",NOT_CERTIFIED_FOR_EXCEPTION. Recheck exact current claim against conflict; some catalog positives/boundaries may be misleading.,"Cannot safely conclude a disputed limit, level, eligibility or scope.",If exception later approved: name exact affected product/fact and unresolved source issue; never blanket disclaimer.,NOT_APPROVED,False,SR-052,True,"Resolve official source, OR prove current conservative representation AND gain explicit domain/pilot approval; P1 source-backed omissions cannot use this escape."
L-SR-053,"[""storebrand""]","[""Campingvogn"", ""Tilhenger""]","[""[\""storebrand\"",\""campingvogn\"",\""ordinary\"",\""storebrand-campingvogn-brann-og-tyveri\"",\""2026-03-01\""]"", ""[\""storebrand\"",\""campingvogn\"",\""ordinary\"",\""storebrand-campingvogn-kasko\"",\""2026-03-01\""]"", ""[\""storebrand\"",\""campingvogn\"",\""ordinary\"",\""storebrand-campingvogn-super\"",\""2026-03-01\""]"", ""[\""storebrand\"",\""tilhenger\"",\""ordinary\"",\""storebrand-tilhenger-brann-og-tyveri\"",\""2026-03-01\""]"", ""[\""storebrand\"",\""tilhenger\"",\""ordinary\"",\""storebrand-tilhenger-kasko\"",\""2026-03-01\""]""]",SC-007: Super contents sum; Tilhenger roadside and deductibles. Super table5=100000 vs text5/summary/damage tables=30000. Tilhenger website says roadside follows towing car/500; full terms included/750. Website fixed deductible1000 vs full terms8000 unless certificate.,"Datert autoritativ produkt-/nivå-/kanalavklaring av de navngitte spørsmålene; fullvilkår/rider der pakken mangler, ikke forsikringsgiverlikhet eller kundedokument.",NOT_CERTIFIED_FOR_EXCEPTION. Recheck exact current claim against conflict; some catalog positives/boundaries may be misleading.,"Cannot safely conclude a disputed limit, level, eligibility or scope.",If exception later approved: name exact affected product/fact and unresolved source issue; never blanket disclaimer.,NOT_APPROVED,False,SR-053,True,"Resolve official source, OR prove current conservative representation AND gain explicit domain/pilot approval; P1 source-backed omissions cannot use this escape."
L-SR-054,"[""storebrand""]","[""Innbo""]","[""[\""storebrand\"",\""innbo\"",\""ordinary\"",\""sb-innbo-standard\"",\""innbo09\""]"", ""[\""storebrand\"",\""innbo\"",\""ordinary\"",\""sb-innbo-super\"",\""innbo09\""]""]",Eksakt produktidentitet for innbo i bolig/fritidsbolig og de betingede reglenes anvendelse. Ingen nye grenser skal antas.,"Datert autoritativ produkt-/nivå-/kanalavklaring av de navngitte spørsmålene; fullvilkår/rider der pakken mangler, ikke forsikringsgiverlikhet eller kundedokument.",NOT_CERTIFIED_FOR_EXCEPTION. Recheck exact current claim against conflict; some catalog positives/boundaries may be misleading.,"Cannot safely conclude a disputed limit, level, eligibility or scope.",If exception later approved: name exact affected product/fact and unresolved source issue; never blanket disclaimer.,NOT_APPROVED,False,SR-054,False,"Resolve official source, OR prove current conservative representation AND gain explicit domain/pilot approval; P1 source-backed omissions cannot use this escape."
L-SR-055,"[""storebrand""]","[""Hus""]","[""[\""storebrand\"",\""bolig\"",\""ordinary\"",\""storebrand-hus-standard\"",\""2025-08-15\""]"", ""[\""storebrand\"",\""bolig\"",\""ordinary\"",\""storebrand-hus-super\"",\""2025-08-15\""]""]",SC-008: Drone/smallbuild/brygge/rebuildpersonscope; deductible; IPIDwheelchair; utleie applicability. HUS10B2 droneEuropa absent D; Super column excludes added smallbuild cover while prose Standard; brygge included/excluded wording; B6.2spouse versusB6.3livsarving; HTMLalarmminus4000 vsHUS10zero;2019IPIDwheelchairSuper vs2025HUS10both;HUS10Fmax3notUTLEI03.,"Datert autoritativ produkt-/nivå-/kanalavklaring av de navngitte spørsmålene; fullvilkår/rider der pakken mangler, ikke forsikringsgiverlikhet eller kundedokument.",NOT_CERTIFIED_FOR_EXCEPTION. Recheck exact current claim against conflict; some catalog positives/boundaries may be misleading.,"Cannot safely conclude a disputed limit, level, eligibility or scope.",If exception later approved: name exact affected product/fact and unresolved source issue; never blanket disclaimer.,NOT_APPROVED,False,SR-055,True,"Resolve official source, OR prove current conservative representation AND gain explicit domain/pilot approval; P1 source-backed omissions cannot use this escape."
L-SR-056,"[""storebrand""]","[""Bil"", ""Bobil"", ""MC""]","[""[\""storebrand\"",\""bil\"",\""ordinary\"",\""sb-bil-ansvar\"",\""motor09\""]"", ""[\""storebrand\"",\""bil\"",\""ordinary\"",\""sb-bil-delkasko\"",\""motor09\""]"", ""[\""storebrand\"",\""bil\"",\""ordinary\"",\""sb-bil-kasko\"",\""motor09\""]"", ""[\""storebrand\"",\""bil\"",\""ordinary\"",\""sb-bil-super\"",\""motor09\""]"", ""[\""storebrand\"",\""mc\"",\""ordinary\"",\""storebrand-mc-ansvar\"",\""motor09\""]"", ""[\""storebrand\"",\""mc\"",\""ordinary\"",\""storebrand-mc-delkasko\"",\""motor09\""]"", ""[\""storebrand\"",\""mc\"",\""ordinary\"",\""storebrand-mc-kasko\"",\""motor09\""]"", ""[\""storebrand\"",\""bobil\"",\""ordinary\"",\""storebrand-bobil-ansvar\"",\""motor09\""]"", ""[\""storebrand\"",\""bobil\"",\""ordinary\"",\""storebrand-bobil-delkasko\"",\""motor09\""]"", ""[\""storebrand\"",\""bobil\"",\""ordinary\"",\""storebrand-bobil-kasko\"",\""motor09\""]"", ""[\""storebrand\"",\""bobil\"",\""ordinary\"",\""storebrand-bobil-super\"",\""motor09\""]""]",SC-006: Bagage / ordinarynewvalue applicability. MC only: shared motor09s1/s7 ordinary luggage10000 versus MCweb explicit no luggage/goods. Bobil Kasko: generic §1.2 new-value cell versus §10.3 registered person/varebil qualification; vehicle registration class not established by product name. Bil Delkasko: §10.3 general settlement right versus §1.2 empty Delkasko cell. Scooter is excluded from this conflict because no applicable Scooter source contradicts generic coverage; §6.4.6 only excludes Super extension.,"Datert autoritativ produkt-/nivå-/kanalavklaring av de navngitte spørsmålene; fullvilkår/rider der pakken mangler, ikke forsikringsgiverlikhet eller kundedokument.",NOT_CERTIFIED_FOR_EXCEPTION. Recheck exact current claim against conflict; some catalog positives/boundaries may be misleading.,"Cannot safely conclude a disputed limit, level, eligibility or scope.",If exception later approved: name exact affected product/fact and unresolved source issue; never blanket disclaimer.,NOT_APPROVED,False,SR-056,True,"Resolve official source, OR prove current conservative representation AND gain explicit domain/pilot approval; P1 source-backed omissions cannot use this escape."
L-SR-057,"[""storebrand""]","[""Reise""]","[""[\""storebrand\"",\""reise\"",\""ordinary\"",\""storebrand-reise-standard\"",\""2026-09-20-canonical\""]"", ""[\""storebrand\"",\""reise\"",\""ordinary\"",\""storebrand-reise-super\"",\""2026-09-20-canonical\""]""]",SC-009: New insurance purchased while already on trip. B1 categorically excludes current trip; IPIDexceptsdirecttransferfromNorwegianinsurer. No policy supplied.,"Datert autoritativ produkt-/nivå-/kanalavklaring av de navngitte spørsmålene; fullvilkår/rider der pakken mangler, ikke forsikringsgiverlikhet eller kundedokument.",NOT_CERTIFIED_FOR_EXCEPTION. Recheck exact current claim against conflict; some catalog positives/boundaries may be misleading.,"Cannot safely conclude a disputed limit, level, eligibility or scope.",If exception later approved: name exact affected product/fact and unresolved source issue; never blanket disclaimer.,NOT_APPROVED,False,SR-057,True,"Resolve official source, OR prove current conservative representation AND gain explicit domain/pilot approval; P1 source-backed omissions cannot use this escape."
L-SR-058,"[""tryg""]","[""Båt""]","[""[\""tryg\"",\""båt\"",\""ordinary\"",\""tryg-bat-ansvar\"",\""2024-07-01\""]"", ""[\""tryg\"",\""båt\"",\""ordinary\"",\""tryg-bat-brann-ansvar\"",\""2024-07-01\""]"", ""[\""tryg\"",\""båt\"",\""ordinary\"",\""tryg-bat-brann-tyveri-ansvar\"",\""2024-07-01\""]"", ""[\""tryg\"",\""båt\"",\""ordinary\"",\""tryg-bat-kasko-ansvar\"",\""2024-07-01\""]"", ""[\""tryg\"",\""båt\"",\""ordinary\"",\""tryg-bat-bat-ekstra\"",\""2024-07-01\""]""]",Eksakt ulykkesprodukt-versjon som avklarer IPID 80-år/sykehus mot PFB38900; ikke anta historisk sammendrag utvider fullvilkåret.,"Datert autoritativ produkt-/nivå-/kanalavklaring av de navngitte spørsmålene; fullvilkår/rider der pakken mangler, ikke forsikringsgiverlikhet eller kundedokument.",NOT_CERTIFIED_FOR_EXCEPTION. Recheck exact current claim against conflict; some catalog positives/boundaries may be misleading.,"Cannot safely conclude a disputed limit, level, eligibility or scope.",If exception later approved: name exact affected product/fact and unresolved source issue; never blanket disclaimer.,NOT_APPROVED,False,SR-058,True,"Resolve official source, OR prove current conservative representation AND gain explicit domain/pilot approval; P1 source-backed omissions cannot use this escape."
L-SR-059,"[""tryg""]","[""Båt""]","[""[\""tryg\"",\""båt\"",\""ordinary\"",\""tryg-bat-ansvar\"",\""2024-07-01\""]"", ""[\""tryg\"",\""båt\"",\""ordinary\"",\""tryg-bat-brann-ansvar\"",\""2024-07-01\""]"", ""[\""tryg\"",\""båt\"",\""ordinary\"",\""tryg-bat-brann-tyveri-ansvar\"",\""2024-07-01\""]"", ""[\""tryg\"",\""båt\"",\""ordinary\"",\""tryg-bat-kasko-ansvar\"",\""2024-07-01\""]"", ""[\""tryg\"",\""båt\"",\""ordinary\"",\""tryg-bat-bat-ekstra\"",\""2024-07-01\""]""]","Ordinære ansvar/brann/tyveri/kasko-dekningsvilkår og sikkerhetsforskrifter som ikke inngår i PFB-produktbetingelsene. Daterte beløp, nivåer, vilkår og standardegendeler.","Datert autoritativ produkt-/nivå-/kanalavklaring av de navngitte spørsmålene; fullvilkår/rider der pakken mangler, ikke forsikringsgiverlikhet eller kundedokument.",NOT_CERTIFIED_FOR_EXCEPTION. Recheck exact current claim against conflict; some catalog positives/boundaries may be misleading.,"Cannot safely conclude a disputed limit, level, eligibility or scope.",If exception later approved: name exact affected product/fact and unresolved source issue; never blanket disclaimer.,NOT_APPROVED,False,SR-059,True,"Resolve official source, OR prove current conservative representation AND gain explicit domain/pilot approval; P1 source-backed omissions cannot use this escape."
L-SR-060,"[""tryg""]","[""Båt""]","[""[\""tryg\"",\""båt\"",\""ordinary\"",\""tryg-bat-ansvar\"",\""2024-07-01\""]"", ""[\""tryg\"",\""båt\"",\""ordinary\"",\""tryg-bat-brann-ansvar\"",\""2024-07-01\""]"", ""[\""tryg\"",\""båt\"",\""ordinary\"",\""tryg-bat-brann-tyveri-ansvar\"",\""2024-07-01\""]"", ""[\""tryg\"",\""båt\"",\""ordinary\"",\""tryg-bat-kasko-ansvar\"",\""2024-07-01\""]"", ""[\""tryg\"",\""båt\"",\""ordinary\"",\""tryg-bat-bat-ekstra\"",\""2024-07-01\""]""]",SC-050: Seilbåt/motoralder. IPIDJul2024utenbord/seilbåt12år;PFB36910Jan2026kunmotortype12påheng15innenbordutperioden;ikkevidereseilbåtgrenutentypedkilde.,"Datert autoritativ produkt-/nivå-/kanalavklaring av de navngitte spørsmålene; fullvilkår/rider der pakken mangler, ikke forsikringsgiverlikhet eller kundedokument.",NOT_CERTIFIED_FOR_EXCEPTION. Recheck exact current claim against conflict; some catalog positives/boundaries may be misleading.,"Cannot safely conclude a disputed limit, level, eligibility or scope.",If exception later approved: name exact affected product/fact and unresolved source issue; never blanket disclaimer.,NOT_APPROVED,False,SR-060,True,"Resolve official source, OR prove current conservative representation AND gain explicit domain/pilot approval; P1 source-backed omissions cannot use this escape."
L-SR-061,"[""tryg""]","[""Bil""]","[""[\""tryg\"",\""bil\"",\""ordinary\"",\""bil-ansvar\"",\""PAU25003\""]"", ""[\""tryg\"",\""bil\"",\""ordinary\"",\""bil-delkasko\"",\""PAU25835\""]"", ""[\""tryg\"",\""bil\"",\""ordinary\"",\""bil-kasko\"",\""PAU25205\""]""]","Bil-spesifikke produktvilkår og IPID for global geografi, eligibility og Leiebil-nivå; ikke importer MC/Bobil eller endre frosset datogate.","Datert autoritativ produkt-/nivå-/kanalavklaring av de navngitte spørsmålene; fullvilkår/rider der pakken mangler, ikke forsikringsgiverlikhet eller kundedokument.",NOT_CERTIFIED_FOR_EXCEPTION. Recheck exact current claim against conflict; some catalog positives/boundaries may be misleading.,"Cannot safely conclude a disputed limit, level, eligibility or scope.",If exception later approved: name exact affected product/fact and unresolved source issue; never blanket disclaimer.,NOT_APPROVED,False,SR-061,True,"Resolve official source, OR prove current conservative representation AND gain explicit domain/pilot approval; P1 source-backed omissions cannot use this escape."
L-SR-062,"[""tryg""]","[""Campingvogn""]","[""[\""tryg\"",\""campingvogn\"",\""ordinary\"",\""tryg-campingvogn-brann\"",\""2026-01-01\""]"", ""[\""tryg\"",\""campingvogn\"",\""ordinary\"",\""tryg-campingvogn-brann-og-tyveri\"",\""2026-01-01\""]"", ""[\""tryg\"",\""campingvogn\"",\""ordinary\"",\""tryg-campingvogn-kasko\"",\""2026-01-01\""]"", ""[\""tryg\"",\""campingvogn\"",\""ordinary\"",\""tryg-campingvogn-campingvogn-ekstra\"",\""2026-01-01\""]""]",Avklar om nettsidens avlyst reise gjelder samme produkt som fullvilkårets påbegynt/avbrutt ferie; eksakt datert scope.,"Datert autoritativ produkt-/nivå-/kanalavklaring av de navngitte spørsmålene; fullvilkår/rider der pakken mangler, ikke forsikringsgiverlikhet eller kundedokument.",NOT_CERTIFIED_FOR_EXCEPTION. Recheck exact current claim against conflict; some catalog positives/boundaries may be misleading.,"Cannot safely conclude a disputed limit, level, eligibility or scope.",If exception later approved: name exact affected product/fact and unresolved source issue; never blanket disclaimer.,NOT_APPROVED,False,SR-062,True,"Resolve official source, OR prove current conservative representation AND gain explicit domain/pilot approval; P1 source-backed omissions cannot use this escape."
L-SR-063,"[""tryg""]","[""Katt""]","[""[\""tryg\"",\""katt\"",\""ordinary\"",\""tryg-katt-behandling\"",\""2026-09-01\""]""]",Avklar annonsering kontra politikrav ved forsvinning i Katt Død; hold Hund Bruksverdi adskilt. Fullvilkår/produktdato er påkrevd.,"Datert autoritativ produkt-/nivå-/kanalavklaring av de navngitte spørsmålene; fullvilkår/rider der pakken mangler, ikke forsikringsgiverlikhet eller kundedokument.",NOT_CERTIFIED_FOR_EXCEPTION. Recheck exact current claim against conflict; some catalog positives/boundaries may be misleading.,"Cannot safely conclude a disputed limit, level, eligibility or scope.",If exception later approved: name exact affected product/fact and unresolved source issue; never blanket disclaimer.,NOT_APPROVED,False,SR-063,True,"Resolve official source, OR prove current conservative representation AND gain explicit domain/pilot approval; P1 source-backed omissions cannot use this escape."
L-SR-064,"[""tryg""]","[""Innbo""]","[""[\""tryg\"",\""innbo\"",\""ordinary\"",\""tryg-innbo\"",\""2026-07-01\""]"", ""[\""tryg\"",\""innbo\"",\""ordinary\"",\""tryg-innbo-ekstra\"",\""2026-07-01\""]""]","SC-052: Dyreskade og tapt husleie-produktplassering. IPID 01.07.2022 nevner skade fra dyr under Ekstra og husleietap samlet. Jul2026 fullvilkår har kjæledyrunntak; bekjempelse separat, ubetalt leie er valgfritt utleietillegg.","Datert autoritativ produkt-/nivå-/kanalavklaring av de navngitte spørsmålene; fullvilkår/rider der pakken mangler, ikke forsikringsgiverlikhet eller kundedokument.",NOT_CERTIFIED_FOR_EXCEPTION. Recheck exact current claim against conflict; some catalog positives/boundaries may be misleading.,"Cannot safely conclude a disputed limit, level, eligibility or scope.",If exception later approved: name exact affected product/fact and unresolved source issue; never blanket disclaimer.,NOT_APPROVED,False,SR-064,True,"Resolve official source, OR prove current conservative representation AND gain explicit domain/pilot approval; P1 source-backed omissions cannot use this escape."
L-SR-065,"[""tryg""]","[""Hund""]","[""[\""tryg\"",\""hund\"",\""ordinary\"",\""tryg-hund-behandling\"",\""2026-09-01\""]""]","SC-001: Start of oldest non-listed-breed life-sum reduction. Full terms age9 versus stored productpage age10.20%/floor finding excludes disputed startage. | SC-051: Avlivningsbehandling. PLB52002Jan2026dekkeranbefaltavlivning;webFAQikkeavlivningblantikke-dekket,presiseringomoffentligkravuklar.","Datert autoritativ produkt-/nivå-/kanalavklaring av de navngitte spørsmålene; fullvilkår/rider der pakken mangler, ikke forsikringsgiverlikhet eller kundedokument.",NOT_CERTIFIED_FOR_EXCEPTION. Recheck exact current claim against conflict; some catalog positives/boundaries may be misleading.,"Cannot safely conclude a disputed limit, level, eligibility or scope.",If exception later approved: name exact affected product/fact and unresolved source issue; never blanket disclaimer.,NOT_APPROVED,False,SR-065,True,"Resolve official source, OR prove current conservative representation AND gain explicit domain/pilot approval; P1 source-backed omissions cannot use this escape."
L-SR-066,"[""tryg""]","[""Innbo"", ""Reise"", ""Hus""]","[""[\""tryg\"",\""innbo\"",\""ordinary\"",\""tryg-innbo\"",\""2026-07-01\""]"", ""[\""tryg\"",\""innbo\"",\""ordinary\"",\""tryg-innbo-ekstra\"",\""2026-07-01\""]"", ""[\""tryg\"",\""bolig\"",\""ordinary\"",\""tryg-hus\"",\""2026-01-01\""]"", ""[\""tryg\"",\""bolig\"",\""ordinary\"",\""tryg-hus-ekstra\"",\""2026-01-01\""]"", ""[\""tryg\"",\""reise\"",\""ordinary\"",\""tryg-reise\"",\""2026-09-20-canonical\""]"", ""[\""tryg\"",\""reise\"",\""ordinary\"",\""tryg-reise-ekstra\"",\""2026-09-20-canonical\""]"", ""[\""tryg\"",\""reise\"",\""ordinary\"",\""tryg-reise-premium\"",\""2026-09-20-canonical\""]""]",PGE90020 som faktisk gjaldt 29.09.2026 og eksakte produktreferanser. Lokal 01.10-utgave beviser ikke tilbakedatert gyldighet.,"Datert autoritativ produkt-/nivå-/kanalavklaring av de navngitte spørsmålene; fullvilkår/rider der pakken mangler, ikke forsikringsgiverlikhet eller kundedokument.",NOT_CERTIFIED_FOR_EXCEPTION. Recheck exact current claim against conflict; some catalog positives/boundaries may be misleading.,"Cannot safely conclude a disputed limit, level, eligibility or scope.",If exception later approved: name exact affected product/fact and unresolved source issue; never blanket disclaimer.,NOT_APPROVED,False,SR-066,True,"Resolve official source, OR prove current conservative representation AND gain explicit domain/pilot approval; P1 source-backed omissions cannot use this escape."
L-SR-067,"[""tryg""]","[""MC""]","[""[\""tryg\"",\""mc\"",\""ordinary\"",\""tryg-mc-ansvar\"",\""2026-07-01\""]"", ""[\""tryg\"",\""mc\"",\""ordinary\"",\""tryg-mc-delkasko\"",\""2026-01-01\""]"", ""[\""tryg\"",\""mc\"",\""ordinary\"",\""tryg-mc-kasko\"",\""2026-07-01\""]"", ""[\""tryg\"",\""mc\"",\""ordinary\"",\""tryg-mc-mc-ekstra\"",\""2026-07-01\""]""]","SC-046: Geografiskområde. PAU20900Jul2026EuropaeksklTyrkia;HTMLinklTyrkiaIsrael,SCOPEREVIEW","Datert autoritativ produkt-/nivå-/kanalavklaring av de navngitte spørsmålene; fullvilkår/rider der pakken mangler, ikke forsikringsgiverlikhet eller kundedokument.",NOT_CERTIFIED_FOR_EXCEPTION. Recheck exact current claim against conflict; some catalog positives/boundaries may be misleading.,"Cannot safely conclude a disputed limit, level, eligibility or scope.",If exception later approved: name exact affected product/fact and unresolved source issue; never blanket disclaimer.,NOT_APPROVED,False,SR-067,True,"Resolve official source, OR prove current conservative representation AND gain explicit domain/pilot approval; P1 source-backed omissions cannot use this escape."
L-SR-068,"[""tryg""]","[""Bobil""]","[""[\""tryg\"",\""bobil\"",\""ordinary\"",\""tryg-bobil-ansvar\"",\""2026-07-01\""]"", ""[\""tryg\"",\""bobil\"",\""ordinary\"",\""tryg-bobil-delkasko\"",\""2026-01-01\""]"", ""[\""tryg\"",\""bobil\"",\""ordinary\"",\""tryg-bobil-kasko\"",\""2026-01-01\""]"", ""[\""tryg\"",\""bobil\"",\""ordinary\"",\""tryg-bobil-bobil-ekstra\"",\""2026-07-01\""]""]",SC-047: Avregistrering. PAU18800Jul2026/IPIDApr2025sieralledekningeropphører;HTMLkunansvar/ulykke | SC-048: Maskinskadeinngang. Ingressunder10ANDunder180kkm;dekningstabellunder10ORunder180kkm;ikkeopphør200kregelkonflikt,"Datert autoritativ produkt-/nivå-/kanalavklaring av de navngitte spørsmålene; fullvilkår/rider der pakken mangler, ikke forsikringsgiverlikhet eller kundedokument.",NOT_CERTIFIED_FOR_EXCEPTION. Recheck exact current claim against conflict; some catalog positives/boundaries may be misleading.,"Cannot safely conclude a disputed limit, level, eligibility or scope.",If exception later approved: name exact affected product/fact and unresolved source issue; never blanket disclaimer.,NOT_APPROVED,False,SR-068,True,"Resolve official source, OR prove current conservative representation AND gain explicit domain/pilot approval; P1 source-backed omissions cannot use this escape."
L-SR-069,"[""tryg""]","[""Snøscooter""]","[""[\""tryg\"",\""snøscooter\"",\""ordinary\"",\""tryg-snoscooter-ansvar\"",null]"", ""[\""tryg\"",\""snøscooter\"",\""ordinary\"",\""tryg-snoscooter-brann-og-tyveri\"",null]"", ""[\""tryg\"",\""snøscooter\"",\""ordinary\"",\""tryg-snoscooter-kasko\"",null]""]",SC-049: Avregistrering. ProductJan2024ansvaropphør;HTMLansvarulykkeopphørandrebeholdes;IPIDJul2025avskiltingavslutterforsikringen.,"Datert autoritativ produkt-/nivå-/kanalavklaring av de navngitte spørsmålene; fullvilkår/rider der pakken mangler, ikke forsikringsgiverlikhet eller kundedokument.",NOT_CERTIFIED_FOR_EXCEPTION. Recheck exact current claim against conflict; some catalog positives/boundaries may be misleading.,"Cannot safely conclude a disputed limit, level, eligibility or scope.",If exception later approved: name exact affected product/fact and unresolved source issue; never blanket disclaimer.,NOT_APPROVED,False,SR-069,True,"Resolve official source, OR prove current conservative representation AND gain explicit domain/pilot approval; P1 source-backed omissions cannot use this escape."
L-SR-070,"[""tryg""]","[""Reise""]","[""[\""tryg\"",\""reise\"",\""ordinary\"",\""tryg-reise\"",\""2026-09-20-canonical\""]"", ""[\""tryg\"",\""reise\"",\""ordinary\"",\""tryg-reise-ekstra\"",\""2026-09-20-canonical\""]"", ""[\""tryg\"",\""reise\"",\""ordinary\"",\""tryg-reise-premium\"",\""2026-09-20-canonical\""]""]","SC-053: Reisevarighet. Samme HTML45hovedtabell/FAQ,70backpacking/borteboendebarnFAQ. | SC-054: Familiens barn/barnebarn. IPIDtilfyller21;webutpolicyår21/under21; barnebarnbosattellerreiserammen. Bevisstyrt måbevares. | SC-055: Loungefølge. SammeHTMLinntil5medreisendeioversiktog4inyttiginformasjon.","Datert autoritativ produkt-/nivå-/kanalavklaring av de navngitte spørsmålene; fullvilkår/rider der pakken mangler, ikke forsikringsgiverlikhet eller kundedokument.",NOT_CERTIFIED_FOR_EXCEPTION. Recheck exact current claim against conflict; some catalog positives/boundaries may be misleading.,"Cannot safely conclude a disputed limit, level, eligibility or scope.",If exception later approved: name exact affected product/fact and unresolved source issue; never blanket disclaimer.,NOT_APPROVED,False,SR-070,True,"Resolve official source, OR prove current conservative representation AND gain explicit domain/pilot approval; P1 source-backed omissions cannot use this escape."
L-HISTORICAL,"[""fremtind""]","[""Reise""]","[""[\""fremtind-eika-legacy\"",\""reise\"",\""ordinary\"",\""eika-reise-p10\"",\""P10-P10P-2025-01-01\""]"", ""[\""fremtind-eika-legacy\"",\""reise\"",\""ordinary\"",\""eika-reise-pluss-p10\"",\""P10-P10P-2025-01-01\""]""]",Eika P10/P15 historical customer comparisons,Active NITO scope excludes both historical products; defects remain for historical PDFs.,Excluded from active product selection/materialization; historical customer mode is NOT certified.,No assurance for historical policy comparison.,Explicit exclusion/review of these historical agreements before pilot use.,SCOPE_RESTRICTION_REQUIRES_PILOT_SIGNOFF,False,,False,
L-SAFE-SC-036,if,Bobil,if-bobil-super,Nyverdi kilometer,"Eksakt fullvilkår MOT4.11.1 støtter katalogens 60 000, nettsidens ingress 100 000 er registrert separat.",Behold fullvilkårets regel og synliggjør kildeavvik; ikke endre til nettsidens tall.,Den avgrensede eksisterende kildebruken er konservativ ifølge fullført audit; nærliggende spørsmål er fortsatt åpne.,Navngi dette konkrete kildeavviket dersom pilotunntak godkjennes.,EXPLICIT_PILOT_APPROVAL_PENDING,False,,CONDITIONAL_UNTIL_APPROVED,Menneskelig godkjenning av eksakt avgrensning; ikke fritak for andre mangler i produktet.
L-SAFE-SC-038,if,MC,if-mc-kasko,Maskinskade typeeligibility,Katalogens avgrensning til mellomtung/tung støttes av fullvilkår/IPID; nettsidens alle motorsykler er bredere.,Ingen utvidelse til lett MC basert på nettsideordlyd.,Den avgrensede eksisterende kildebruken er konservativ ifølge fullført audit; nærliggende spørsmål er fortsatt åpne.,Navngi dette konkrete kildeavviket dersom pilotunntak godkjennes.,EXPLICIT_PILOT_APPROVAL_PENDING,False,,CONDITIONAL_UNTIL_APPROVED,Menneskelig godkjenning av eksakt avgrensning; ikke fritak for andre mangler i produktet.
L-SAFE-SC-042,if,Hus,if-hus-basis / if-hus-utvidet / if-hus-super,Produktnivånavn,Fullvilkår og HTML støtter Basis/Utvidet/Super; udaterte IPID Standard/Super kan ikke overstyre dette.,"Behold eksplisitte dokumenterte nivåer, ingen usikker Standard-alias.",Den avgrensede eksisterende kildebruken er konservativ ifølge fullført audit; nærliggende spørsmål er fortsatt åpne.,Navngi dette konkrete kildeavviket dersom pilotunntak godkjennes.,EXPLICIT_PILOT_APPROVAL_PENDING,False,,CONDITIONAL_UNTIL_APPROVED,Menneskelig godkjenning av eksakt avgrensning; ikke fritak for andre mangler i produktet.
L-SAFE-SC-020,gjensidige,Hus,gjensidige-hus-pluss,Bekjempelse versus fysisk skade,Katalogen avgrenser 2 000 til bekjempelse; nettsidens bredere insektordlyd etablerer ikke fysisk-skade-egenandel.,Ikke spre bekjempelsesegenandelen til skade på bygningsdeler.,Den avgrensede eksisterende kildebruken er konservativ ifølge fullført audit; nærliggende spørsmål er fortsatt åpne.,Navngi dette konkrete kildeavviket dersom pilotunntak godkjennes.,EXPLICIT_PILOT_APPROVAL_PENDING,False,,CONDITIONAL_UNTIL_APPROVED,Menneskelig godkjenning av eksakt avgrensning; ikke fritak for andre mangler i produktet.
