kind,id,gate
batch,B-001,IMPLEMENTATION_READY
batch,B-002,IMPLEMENTATION_READY
batch,B-003,IMPLEMENTATION_READY
batch,B-004,IMPLEMENTATION_READY
batch,B-005,IMPLEMENTATION_READY
batch,B-006,IMPLEMENTATION_READY
batch,B-007,IMPLEMENTATION_READY
batch,B-008,IMPLEMENTATION_READY
batch,B-009,IMPLEMENTATION_READY
batch,B-010,IMPLEMENTATION_READY
batch,B-011,IMPLEMENTATION_READY
batch,B-012,IMPLEMENTATION_READY
batch,B-013,IMPLEMENTATION_READY
batch,B-014,IMPLEMENTATION_READY
batch,B-015,MAPPING_REVIEW_FIRST
batch,B-016,IMPLEMENTATION_READY
batch,B-017,MAPPING_REVIEW_FIRST
batch,B-018,MAPPING_REVIEW_FIRST
batch,B-019,MAPPING_REVIEW_FIRST
batch,B-020,MAPPING_REVIEW_FIRST
batch,B-021,MAPPING_REVIEW_FIRST
batch,B-022,CANONICAL_REVIEW_FIRST
batch,B-023,IMPLEMENTATION_READY
batch,B-024,IMPLEMENTATION_READY
batch,B-025,IMPLEMENTATION_READY
batch,B-026,IMPLEMENTATION_READY
batch,B-027,IMPLEMENTATION_READY
batch,B-028,IMPLEMENTATION_READY
batch,B-029,IMPLEMENTATION_READY
batch,B-030,IMPLEMENTATION_READY
batch,B-031,IMPLEMENTATION_READY
batch,B-032,IMPLEMENTATION_READY
batch,B-033,IMPLEMENTATION_READY
batch,B-034,IMPLEMENTATION_READY
batch,B-035,IMPLEMENTATION_READY
batch,B-036,IMPLEMENTATION_READY
batch,B-037,IMPLEMENTATION_READY
batch,B-038,IMPLEMENTATION_READY
batch,B-039,IMPLEMENTATION_READY
batch,B-040,IMPLEMENTATION_READY
batch,B-041,IMPLEMENTATION_READY
batch,B-042,IMPLEMENTATION_READY
batch,B-043,IMPLEMENTATION_READY
batch,B-044,IMPLEMENTATION_READY
batch,B-045,IMPLEMENTATION_READY
batch,B-046,IMPLEMENTATION_READY
batch,B-047,IMPLEMENTATION_READY
batch,B-048,IMPLEMENTATION_READY
batch,B-049,IMPLEMENTATION_READY
batch,B-050,IMPLEMENTATION_READY
batch,B-051,IMPLEMENTATION_READY
batch,B-052,IMPLEMENTATION_READY
batch,B-053,IMPLEMENTATION_READY
batch,B-054,IMPLEMENTATION_READY
batch,B-055,IMPLEMENTATION_READY
batch,B-056,IMPLEMENTATION_READY
batch,B-057,IMPLEMENTATION_READY
batch,B-058,IMPLEMENTATION_READY
batch,B-059,IMPLEMENTATION_READY
batch,B-060,IMPLEMENTATION_READY
batch,B-061,IMPLEMENTATION_READY
batch,B-062,IMPLEMENTATION_READY
batch,B-063,IMPLEMENTATION_READY
batch,B-064,IMPLEMENTATION_READY
batch,B-065,IMPLEMENTATION_READY
batch,B-066,IMPLEMENTATION_READY
batch,B-067,IMPLEMENTATION_READY
batch,B-068,IMPLEMENTATION_READY
batch,B-069,IMPLEMENTATION_READY
batch,B-070,IMPLEMENTATION_READY
batch,B-071,IMPLEMENTATION_READY
batch,B-072,IMPLEMENTATION_READY
batch,B-073,IMPLEMENTATION_READY
batch,B-074,IMPLEMENTATION_READY
batch,B-075,IMPLEMENTATION_READY
batch,B-076,IMPLEMENTATION_READY
batch,B-077,IMPLEMENTATION_READY
batch,B-078,IMPLEMENTATION_READY
batch,B-079,IMPLEMENTATION_READY
batch,B-080,IMPLEMENTATION_READY
batch,B-081,IMPLEMENTATION_READY
batch,B-082,IMPLEMENTATION_READY
batch,B-083,IMPLEMENTATION_READY
batch,B-084,IMPLEMENTATION_READY
batch,B-085,IMPLEMENTATION_READY
batch,B-086,IMPLEMENTATION_READY
batch,B-087,IMPLEMENTATION_READY
batch,B-088,IMPLEMENTATION_READY
batch,B-089,IMPLEMENTATION_READY
batch,B-090,IMPLEMENTATION_READY
batch,B-091,IMPLEMENTATION_READY
batch,B-092,IMPLEMENTATION_READY
batch,B-093,IMPLEMENTATION_READY
batch,B-094,IMPLEMENTATION_READY
batch,B-095,IMPLEMENTATION_READY
batch,B-096,MAPPING_REVIEW_FIRST
batch,B-097,CANONICAL_REVIEW_FIRST
batch,B-098,MAPPING_REVIEW_FIRST
batch,B-099,CANONICAL_REVIEW_FIRST
batch,B-100,MAPPING_REVIEW_FIRST
batch,B-101,CANONICAL_REVIEW_FIRST
batch,B-102,CANONICAL_REVIEW_FIRST
batch,B-103,CANONICAL_REVIEW_FIRST
batch,B-104,CANONICAL_REVIEW_FIRST
batch,B-105,CANONICAL_REVIEW_FIRST
batch,B-106,CANONICAL_REVIEW_FIRST
batch,B-107,CANONICAL_REVIEW_FIRST
batch,B-108,CANONICAL_REVIEW_FIRST
batch,B-109,MAPPING_REVIEW_FIRST
batch,B-110,CANONICAL_REVIEW_FIRST
batch,B-111,MAPPING_REVIEW_FIRST
batch,B-112,CANONICAL_REVIEW_FIRST
batch,B-113,CANONICAL_REVIEW_FIRST
batch,B-114,CANONICAL_REVIEW_FIRST
batch,B-115,CANONICAL_REVIEW_FIRST
batch,B-116,CANONICAL_REVIEW_FIRST
batch,B-117,CANONICAL_REVIEW_FIRST
batch,B-118,MAPPING_REVIEW_FIRST
batch,B-119,CANONICAL_REVIEW_FIRST
batch,B-120,CANONICAL_REVIEW_FIRST
batch,B-121,MAPPING_REVIEW_FIRST
batch,B-122,CANONICAL_REVIEW_FIRST
batch,B-123,CANONICAL_REVIEW_FIRST
batch,B-124,MAPPING_REVIEW_FIRST
batch,B-125,CANONICAL_REVIEW_FIRST
batch,B-126,MAPPING_REVIEW_FIRST
batch,B-127,CANONICAL_REVIEW_FIRST
batch,B-128,MAPPING_REVIEW_FIRST
batch,B-129,CANONICAL_REVIEW_FIRST
batch,B-130,CANONICAL_REVIEW_FIRST
batch,B-131,CANONICAL_REVIEW_FIRST
batch,B-132,MAPPING_REVIEW_FIRST
batch,B-133,CANONICAL_REVIEW_FIRST
batch,B-134,CANONICAL_REVIEW_FIRST
batch,B-135,CANONICAL_REVIEW_FIRST
batch,B-136,CANONICAL_REVIEW_FIRST
batch,B-137,MAPPING_REVIEW_FIRST
batch,B-138,CANONICAL_REVIEW_FIRST
batch,B-139,MAPPING_REVIEW_FIRST
batch,B-140,MAPPING_REVIEW_FIRST
batch,B-141,CANONICAL_REVIEW_FIRST
batch,B-142,MAPPING_REVIEW_FIRST
batch,B-143,MAPPING_REVIEW_FIRST
batch,B-144,CANONICAL_REVIEW_FIRST
batch,B-145,MAPPING_REVIEW_FIRST
batch,B-146,MAPPING_REVIEW_FIRST
batch,B-147,MAPPING_REVIEW_FIRST
batch,B-148,CANONICAL_REVIEW_FIRST
batch,B-149,MAPPING_REVIEW_FIRST
batch,B-150,MAPPING_REVIEW_FIRST
batch,B-151,MAPPING_REVIEW_FIRST
batch,B-152,MAPPING_REVIEW_FIRST
batch,B-153,CANONICAL_REVIEW_FIRST
batch,B-154,MAPPING_REVIEW_FIRST
batch,B-155,CANONICAL_REVIEW_FIRST
batch,B-156,MAPPING_REVIEW_FIRST
batch,B-157,CANONICAL_REVIEW_FIRST
batch,B-158,CANONICAL_REVIEW_FIRST
batch,B-159,CANONICAL_REVIEW_FIRST
batch,B-160,CANONICAL_REVIEW_FIRST
batch,B-161,CANONICAL_REVIEW_FIRST
batch,B-162,CANONICAL_REVIEW_FIRST
batch,B-163,CANONICAL_REVIEW_FIRST
batch,B-164,MAPPING_REVIEW_FIRST
batch,B-165,CANONICAL_REVIEW_FIRST
batch,B-166,CANONICAL_REVIEW_FIRST
batch,B-167,CANONICAL_REVIEW_FIRST
batch,B-168,CANONICAL_REVIEW_FIRST
batch,B-169,MAPPING_REVIEW_FIRST
batch,B-170,CANONICAL_REVIEW_FIRST
batch,B-171,MAPPING_REVIEW_FIRST
batch,B-172,CANONICAL_REVIEW_FIRST
batch,B-173,MAPPING_REVIEW_FIRST
batch,B-174,MAPPING_REVIEW_FIRST
batch,B-175,MAPPING_REVIEW_FIRST
batch,B-176,MAPPING_REVIEW_FIRST
batch,B-177,MAPPING_REVIEW_FIRST
batch,B-178,CANONICAL_REVIEW_FIRST
batch,B-179,MAPPING_REVIEW_FIRST
batch,B-180,CANONICAL_REVIEW_FIRST
batch,B-181,MAPPING_REVIEW_FIRST
batch,B-182,CANONICAL_REVIEW_FIRST
batch,B-183,CANONICAL_REVIEW_FIRST
batch,B-184,CANONICAL_REVIEW_FIRST
batch,B-185,MAPPING_REVIEW_FIRST
batch,B-186,MAPPING_REVIEW_FIRST
batch,B-187,SOURCE_RESEARCH_FIRST
batch,B-188,SOURCE_RESEARCH_FIRST
batch,B-189,SOURCE_RESEARCH_FIRST
batch,B-190,SOURCE_RESEARCH_FIRST
batch,B-191,SOURCE_RESEARCH_FIRST
batch,B-192,SOURCE_RESEARCH_FIRST
batch,B-193,SOURCE_RESEARCH_FIRST
batch,B-194,SOURCE_RESEARCH_FIRST
batch,B-195,SOURCE_RESEARCH_FIRST
batch,B-196,SOURCE_RESEARCH_FIRST
batch,B-197,SOURCE_RESEARCH_FIRST
batch,B-198,SOURCE_RESEARCH_FIRST
batch,B-199,SOURCE_RESEARCH_FIRST
batch,B-200,SOURCE_RESEARCH_FIRST
batch,B-201,SOURCE_RESEARCH_FIRST
batch,B-202,SOURCE_RESEARCH_FIRST
batch,B-203,SOURCE_RESEARCH_FIRST
batch,B-204,SOURCE_RESEARCH_FIRST
source_research,SR-002,Resolve OR approved demonstrated conservative representation
source_research,SR-003,Resolve OR approved demonstrated conservative representation
source_research,SR-004,Resolve OR approved demonstrated conservative representation
source_research,SR-005,Resolve OR approved demonstrated conservative representation
source_research,SR-006,Resolve OR approved demonstrated conservative representation
source_research,SR-007,Resolve OR approved demonstrated conservative representation
source_research,SR-008,Resolve OR approved demonstrated conservative representation
source_research,SR-009,Resolve OR approved demonstrated conservative representation
source_research,SR-010,Resolve OR approved demonstrated conservative representation
source_research,SR-011,Resolve OR approved demonstrated conservative representation
source_research,SR-012,Resolve OR approved demonstrated conservative representation
source_research,SR-013,Resolve OR approved demonstrated conservative representation
source_research,SR-014,Resolve OR approved demonstrated conservative representation
source_research,SR-015,Resolve OR approved demonstrated conservative representation
source_research,SR-016,Resolve OR approved demonstrated conservative representation
source_research,SR-017,Resolve OR approved demonstrated conservative representation
source_research,SR-019,Resolve OR approved demonstrated conservative representation
source_research,SR-020,Resolve OR approved demonstrated conservative representation
source_research,SR-021,Resolve OR approved demonstrated conservative representation
source_research,SR-022,Resolve OR approved demonstrated conservative representation
source_research,SR-023,Resolve OR approved demonstrated conservative representation
source_research,SR-024,Resolve OR approved demonstrated conservative representation
source_research,SR-025,Resolve OR approved demonstrated conservative representation
source_research,SR-026,Resolve OR approved demonstrated conservative representation
source_research,SR-027,Resolve OR approved demonstrated conservative representation
source_research,SR-028,Resolve OR approved demonstrated conservative representation
source_research,SR-029,Resolve OR approved demonstrated conservative representation
source_research,SR-030,Resolve OR approved demonstrated conservative representation
source_research,SR-031,Resolve OR approved demonstrated conservative representation
source_research,SR-032,Resolve OR approved demonstrated conservative representation
source_research,SR-034,Resolve OR approved demonstrated conservative representation
source_research,SR-035,Resolve OR approved demonstrated conservative representation
source_research,SR-036,Resolve OR approved demonstrated conservative representation
source_research,SR-037,Resolve OR approved demonstrated conservative representation
source_research,SR-038,Resolve OR approved demonstrated conservative representation
source_research,SR-039,Resolve OR approved demonstrated conservative representation
source_research,SR-040,Resolve OR approved demonstrated conservative representation
source_research,SR-041,Resolve OR approved demonstrated conservative representation
source_research,SR-042,Resolve OR approved demonstrated conservative representation
source_research,SR-043,Resolve OR approved demonstrated conservative representation
source_research,SR-044,Resolve OR approved demonstrated conservative representation
source_research,SR-045,Resolve OR approved demonstrated conservative representation
source_research,SR-046,Resolve OR approved demonstrated conservative representation
source_research,SR-047,Resolve OR approved demonstrated conservative representation
source_research,SR-048,Resolve OR approved demonstrated conservative representation
source_research,SR-050,Resolve OR approved demonstrated conservative representation
source_research,SR-051,Resolve OR approved demonstrated conservative representation
source_research,SR-052,Resolve OR approved demonstrated conservative representation
source_research,SR-053,Resolve OR approved demonstrated conservative representation
source_research,SR-055,Resolve OR approved demonstrated conservative representation
source_research,SR-056,Resolve OR approved demonstrated conservative representation
source_research,SR-057,Resolve OR approved demonstrated conservative representation
source_research,SR-058,Resolve OR approved demonstrated conservative representation
source_research,SR-059,Resolve OR approved demonstrated conservative representation
source_research,SR-060,Resolve OR approved demonstrated conservative representation
source_research,SR-061,Resolve OR approved demonstrated conservative representation
source_research,SR-062,Resolve OR approved demonstrated conservative representation
source_research,SR-063,Resolve OR approved demonstrated conservative representation
source_research,SR-064,Resolve OR approved demonstrated conservative representation
source_research,SR-065,Resolve OR approved demonstrated conservative representation
source_research,SR-066,Resolve OR approved demonstrated conservative representation
source_research,SR-067,Resolve OR approved demonstrated conservative representation
source_research,SR-068,Resolve OR approved demonstrated conservative representation
source_research,SR-069,Resolve OR approved demonstrated conservative representation
source_research,SR-070,Resolve OR approved demonstrated conservative representation
human_review,HR-001,Domain signed verdict
human_review,HR-002,Domain signed verdict
human_review,HR-003,Domain signed verdict
human_review,HR-004,Domain signed verdict
human_review,HR-005,Domain signed verdict
canonical_mapping_review,CR-001,Exact semantic tuple mapping approved
canonical_mapping_review,CR-002,Exact semantic tuple mapping approved
canonical_mapping_review,CR-003,Exact semantic tuple mapping approved
canonical_mapping_review,CR-004,Exact semantic tuple mapping approved
canonical_mapping_review,CR-005,Exact semantic tuple mapping approved
canonical_mapping_review,CR-006,Exact semantic tuple mapping approved
canonical_mapping_review,CR-007,Exact semantic tuple mapping approved
canonical_mapping_review,CR-008,Exact semantic tuple mapping approved
canonical_mapping_review,CR-009,Exact semantic tuple mapping approved
canonical_mapping_review,CR-010,Exact semantic tuple mapping approved
canonical_mapping_review,CR-011,Exact semantic tuple mapping approved
canonical_mapping_review,CR-012,Exact semantic tuple mapping approved
canonical_mapping_review,CR-013,Exact semantic tuple mapping approved
canonical_mapping_review,CR-014,Exact semantic tuple mapping approved
canonical_mapping_review,CR-015,Exact semantic tuple mapping approved
canonical_mapping_review,CR-016,Exact semantic tuple mapping approved
canonical_mapping_review,CR-017,Exact semantic tuple mapping approved
canonical_mapping_review,CR-018,Exact semantic tuple mapping approved
canonical_mapping_review,CR-019,Exact semantic tuple mapping approved
canonical_mapping_review,CR-020,Exact semantic tuple mapping approved
canonical_mapping_review,CR-021,Exact semantic tuple mapping approved
canonical_mapping_review,CR-022,Exact semantic tuple mapping approved
canonical_mapping_review,CR-023,Exact semantic tuple mapping approved
canonical_mapping_review,CR-024,Exact semantic tuple mapping approved
canonical_mapping_review,CR-025,Exact semantic tuple mapping approved
canonical_mapping_review,CR-026,Exact semantic tuple mapping approved
canonical_mapping_review,CR-027,Exact semantic tuple mapping approved
canonical_mapping_review,CR-028,Exact semantic tuple mapping approved
canonical_mapping_review,CR-029,Exact semantic tuple mapping approved
canonical_mapping_review,CR-030,Exact semantic tuple mapping approved
canonical_mapping_review,CR-031,Exact semantic tuple mapping approved
canonical_mapping_review,CR-032,Exact semantic tuple mapping approved
canonical_mapping_review,CR-033,Exact semantic tuple mapping approved
canonical_mapping_review,CR-034,Exact semantic tuple mapping approved
canonical_mapping_review,CR-035,Exact semantic tuple mapping approved
canonical_mapping_review,CR-036,Exact semantic tuple mapping approved
canonical_mapping_review,CR-037,Exact semantic tuple mapping approved
canonical_mapping_review,CR-038,Exact semantic tuple mapping approved
canonical_mapping_review,CR-039,Exact semantic tuple mapping approved
canonical_mapping_review,CR-040,Exact semantic tuple mapping approved
canonical_mapping_review,CR-041,Exact semantic tuple mapping approved
canonical_mapping_review,CR-042,Exact semantic tuple mapping approved
canonical_mapping_review,CR-043,Exact semantic tuple mapping approved
canonical_mapping_review,CR-044,Exact semantic tuple mapping approved
canonical_mapping_review,CR-045,Exact semantic tuple mapping approved
canonical_mapping_review,CR-046,Exact semantic tuple mapping approved
canonical_mapping_review,CR-047,Exact semantic tuple mapping approved
canonical_mapping_review,CR-048,Exact semantic tuple mapping approved
canonical_mapping_review,CR-049,Exact semantic tuple mapping approved
canonical_mapping_review,CR-050,Exact semantic tuple mapping approved
canonical_mapping_review,CR-051,Exact semantic tuple mapping approved
canonical_mapping_review,CR-052,Exact semantic tuple mapping approved
canonical_mapping_review,CR-053,Exact semantic tuple mapping approved
canonical_mapping_review,CR-054,Exact semantic tuple mapping approved
canonical_mapping_review,CR-055,Exact semantic tuple mapping approved
canonical_mapping_review,CR-056,Exact semantic tuple mapping approved
canonical_mapping_review,CR-057,Exact semantic tuple mapping approved
canonical_mapping_review,CR-058,Exact semantic tuple mapping approved
canonical_mapping_review,CR-059,Exact semantic tuple mapping approved
canonical_mapping_review,CR-060,Exact semantic tuple mapping approved
canonical_mapping_review,CR-061,Exact semantic tuple mapping approved
canonical_mapping_review,CR-062,Exact semantic tuple mapping approved
canonical_mapping_review,CR-063,Exact semantic tuple mapping approved
canonical_mapping_review,CR-064,Exact semantic tuple mapping approved
canonical_mapping_review,CR-065,Exact semantic tuple mapping approved
canonical_mapping_review,CR-066,Exact semantic tuple mapping approved
canonical_mapping_review,CR-067,Exact semantic tuple mapping approved
canonical_mapping_review,CR-068,Exact semantic tuple mapping approved
canonical_mapping_review,CR-069,Exact semantic tuple mapping approved
canonical_mapping_review,CR-070,Exact semantic tuple mapping approved
canonical_mapping_review,CR-071,Exact semantic tuple mapping approved
canonical_mapping_review,CR-072,Exact semantic tuple mapping approved
canonical_mapping_review,CR-073,Exact semantic tuple mapping approved
canonical_mapping_review,CR-074,Exact semantic tuple mapping approved
canonical_mapping_review,CR-075,Exact semantic tuple mapping approved
canonical_mapping_review,CR-076,Exact semantic tuple mapping approved
canonical_mapping_review,CR-077,Exact semantic tuple mapping approved
canonical_mapping_review,CR-078,Exact semantic tuple mapping approved
canonical_mapping_review,CR-079,Exact semantic tuple mapping approved
canonical_mapping_review,CR-080,Exact semantic tuple mapping approved
canonical_mapping_review,CR-081,Exact semantic tuple mapping approved
canonical_mapping_review,CR-082,Exact semantic tuple mapping approved
canonical_mapping_review,CR-083,Exact semantic tuple mapping approved
canonical_mapping_review,CR-084,Exact semantic tuple mapping approved
canonical_mapping_review,CR-085,Exact semantic tuple mapping approved
canonical_mapping_review,CR-086,Exact semantic tuple mapping approved
canonical_mapping_review,CR-087,Exact semantic tuple mapping approved
canonical_mapping_review,CR-088,Exact semantic tuple mapping approved
canonical_mapping_review,CR-089,Exact semantic tuple mapping approved
canonical_mapping_review,CR-090,Exact semantic tuple mapping approved
canonical_mapping_review,CR-091,Exact semantic tuple mapping approved
canonical_mapping_review,CR-092,Exact semantic tuple mapping approved
canonical_mapping_review,CR-093,Exact semantic tuple mapping approved
canonical_mapping_review,CR-094,Exact semantic tuple mapping approved
canonical_mapping_review,CR-095,Exact semantic tuple mapping approved
canonical_mapping_review,CR-096,Exact semantic tuple mapping approved
canonical_mapping_review,CR-097,Exact semantic tuple mapping approved
canonical_mapping_review,CR-098,Exact semantic tuple mapping approved
canonical_mapping_review,CR-099,Exact semantic tuple mapping approved
canonical_mapping_review,CR-100,Exact semantic tuple mapping approved
canonical_mapping_review,CR-101,Exact semantic tuple mapping approved
canonical_mapping_review,CR-102,Exact semantic tuple mapping approved
canonical_mapping_review,CR-103,Exact semantic tuple mapping approved
canonical_mapping_review,CR-104,Exact semantic tuple mapping approved
canonical_mapping_review,CR-105,Exact semantic tuple mapping approved
canonical_mapping_review,CR-106,Exact semantic tuple mapping approved
canonical_mapping_review,CR-107,Exact semantic tuple mapping approved
canonical_mapping_review,CR-108,Exact semantic tuple mapping approved
canonical_mapping_review,CR-109,Exact semantic tuple mapping approved
canonical_mapping_review,CR-110,Exact semantic tuple mapping approved
canonical_mapping_review,CR-111,Exact semantic tuple mapping approved
canonical_mapping_review,CR-112,Exact semantic tuple mapping approved
canonical_mapping_review,CR-113,Exact semantic tuple mapping approved
canonical_mapping_review,CR-114,Exact semantic tuple mapping approved
canonical_mapping_review,CR-115,Exact semantic tuple mapping approved
canonical_mapping_review,CR-116,Exact semantic tuple mapping approved
canonical_mapping_review,CR-117,Exact semantic tuple mapping approved
canonical_mapping_review,CR-118,Exact semantic tuple mapping approved
canonical_mapping_review,CR-119,Exact semantic tuple mapping approved
canonical_mapping_review,CR-120,Exact semantic tuple mapping approved
canonical_mapping_review,CR-121,Exact semantic tuple mapping approved
canonical_mapping_review,CR-122,Exact semantic tuple mapping approved
canonical_mapping_review,CR-123,Exact semantic tuple mapping approved
canonical_mapping_review,CR-124,Exact semantic tuple mapping approved
canonical_mapping_review,CR-125,Exact semantic tuple mapping approved
canonical_mapping_review,CR-126,Exact semantic tuple mapping approved
canonical_mapping_review,CR-127,Exact semantic tuple mapping approved
canonical_mapping_review,CR-128,Exact semantic tuple mapping approved
canonical_mapping_review,CR-129,Exact semantic tuple mapping approved
canonical_mapping_review,CR-130,Exact semantic tuple mapping approved
canonical_mapping_review,CR-131,Exact semantic tuple mapping approved
canonical_mapping_review,CR-132,Exact semantic tuple mapping approved
canonical_mapping_review,CR-133,Exact semantic tuple mapping approved
canonical_mapping_review,CR-134,Exact semantic tuple mapping approved
canonical_mapping_review,CR-135,Exact semantic tuple mapping approved
canonical_mapping_review,CR-136,Exact semantic tuple mapping approved
canonical_mapping_review,CR-137,Exact semantic tuple mapping approved
canonical_mapping_review,CR-138,Exact semantic tuple mapping approved
canonical_mapping_review,CR-139,Exact semantic tuple mapping approved
canonical_mapping_review,CR-140,Exact semantic tuple mapping approved
canonical_mapping_review,CR-141,Exact semantic tuple mapping approved
canonical_mapping_review,CR-142,Exact semantic tuple mapping approved
canonical_mapping_review,CR-143,Exact semantic tuple mapping approved
canonical_mapping_review,CR-144,Exact semantic tuple mapping approved
canonical_mapping_review,CR-145,Exact semantic tuple mapping approved
canonical_mapping_review,CR-146,Exact semantic tuple mapping approved
canonical_mapping_review,CR-147,Exact semantic tuple mapping approved
canonical_mapping_review,CR-148,Exact semantic tuple mapping approved
canonical_mapping_review,CR-149,Exact semantic tuple mapping approved
canonical_mapping_review,CR-150,Exact semantic tuple mapping approved
canonical_mapping_review,CR-151,Exact semantic tuple mapping approved
canonical_mapping_review,CR-152,Exact semantic tuple mapping approved
canonical_mapping_review,CR-153,Exact semantic tuple mapping approved
canonical_mapping_review,CR-154,Exact semantic tuple mapping approved
canonical_mapping_review,CR-155,Exact semantic tuple mapping approved
canonical_mapping_review,CR-156,Exact semantic tuple mapping approved
canonical_mapping_review,CR-157,Exact semantic tuple mapping approved
canonical_mapping_review,CR-158,Exact semantic tuple mapping approved
canonical_mapping_review,CR-159,Exact semantic tuple mapping approved
canonical_mapping_review,CR-160,Exact semantic tuple mapping approved
canonical_mapping_review,CR-161,Exact semantic tuple mapping approved
canonical_mapping_review,CR-162,Exact semantic tuple mapping approved
canonical_mapping_review,CR-163,Exact semantic tuple mapping approved
canonical_mapping_review,CR-164,Exact semantic tuple mapping approved
canonical_mapping_review,CR-165,Exact semantic tuple mapping approved
canonical_mapping_review,CR-166,Exact semantic tuple mapping approved
canonical_mapping_review,CR-167,Exact semantic tuple mapping approved
canonical_mapping_review,CR-168,Exact semantic tuple mapping approved
canonical_mapping_review,CR-169,Exact semantic tuple mapping approved
canonical_mapping_review,CR-170,Exact semantic tuple mapping approved
canonical_mapping_review,CR-171,Exact semantic tuple mapping approved
canonical_mapping_review,CR-172,Exact semantic tuple mapping approved
canonical_mapping_review,CR-173,Exact semantic tuple mapping approved
canonical_mapping_review,CR-174,Exact semantic tuple mapping approved
canonical_mapping_review,CR-175,Exact semantic tuple mapping approved
canonical_mapping_review,CR-176,Exact semantic tuple mapping approved
canonical_mapping_review,CR-177,Exact semantic tuple mapping approved
canonical_mapping_review,CR-178,Exact semantic tuple mapping approved
canonical_mapping_review,CR-179,Exact semantic tuple mapping approved
canonical_mapping_review,CR-180,Exact semantic tuple mapping approved
canonical_mapping_review,CR-181,Exact semantic tuple mapping approved
canonical_mapping_review,CR-182,Exact semantic tuple mapping approved
canonical_mapping_review,CR-183,Exact semantic tuple mapping approved
canonical_mapping_review,CR-184,Exact semantic tuple mapping approved
canonical_mapping_review,CR-185,Exact semantic tuple mapping approved
canonical_mapping_review,CR-186,Exact semantic tuple mapping approved
canonical_mapping_review,CR-187,Exact semantic tuple mapping approved
canonical_mapping_review,CR-188,Exact semantic tuple mapping approved
canonical_mapping_review,CR-189,Exact semantic tuple mapping approved
canonical_mapping_review,CR-190,Exact semantic tuple mapping approved
canonical_mapping_review,CR-191,Exact semantic tuple mapping approved
canonical_mapping_review,CR-192,Exact semantic tuple mapping approved
canonical_mapping_review,CR-193,Exact semantic tuple mapping approved
canonical_mapping_review,CR-194,Exact semantic tuple mapping approved
canonical_mapping_review,CR-195,Exact semantic tuple mapping approved
canonical_mapping_review,CR-196,Exact semantic tuple mapping approved
canonical_mapping_review,CR-197,Exact semantic tuple mapping approved
canonical_mapping_review,CR-198,Exact semantic tuple mapping approved
canonical_mapping_review,CR-199,Exact semantic tuple mapping approved
canonical_mapping_review,CR-200,Exact semantic tuple mapping approved
canonical_mapping_review,CR-201,Exact semantic tuple mapping approved
canonical_mapping_review,CR-202,Exact semantic tuple mapping approved
canonical_mapping_review,CR-203,Exact semantic tuple mapping approved
canonical_mapping_review,CR-204,Exact semantic tuple mapping approved
canonical_mapping_review,CR-205,Exact semantic tuple mapping approved
canonical_mapping_review,CR-206,Exact semantic tuple mapping approved
canonical_mapping_review,CR-207,Exact semantic tuple mapping approved
canonical_mapping_review,CR-208,Exact semantic tuple mapping approved
canonical_mapping_review,CR-209,Exact semantic tuple mapping approved
canonical_mapping_review,CR-210,Exact semantic tuple mapping approved
canonical_mapping_review,CR-211,Exact semantic tuple mapping approved
canonical_mapping_review,CR-212,Exact semantic tuple mapping approved
canonical_mapping_review,CR-213,Exact semantic tuple mapping approved
canonical_mapping_review,CR-214,Exact semantic tuple mapping approved
canonical_mapping_review,CR-215,Exact semantic tuple mapping approved
canonical_mapping_review,CR-216,Exact semantic tuple mapping approved
canonical_mapping_review,CR-217,Exact semantic tuple mapping approved
canonical_mapping_review,CR-218,Exact semantic tuple mapping approved
canonical_mapping_review,CR-219,Exact semantic tuple mapping approved
canonical_mapping_review,CR-220,Exact semantic tuple mapping approved
canonical_mapping_review,CR-221,Exact semantic tuple mapping approved
canonical_mapping_review,CR-222,Exact semantic tuple mapping approved
canonical_mapping_review,CR-223,Exact semantic tuple mapping approved
canonical_mapping_review,CR-224,Exact semantic tuple mapping approved
canonical_mapping_review,CR-225,Exact semantic tuple mapping approved
canonical_mapping_review,CR-226,Exact semantic tuple mapping approved
canonical_mapping_review,CR-227,Exact semantic tuple mapping approved
canonical_mapping_review,CR-228,Exact semantic tuple mapping approved
canonical_mapping_review,CR-229,Exact semantic tuple mapping approved
canonical_mapping_review,CR-230,Exact semantic tuple mapping approved
canonical_mapping_review,CR-231,Exact semantic tuple mapping approved
canonical_mapping_review,CR-232,Exact semantic tuple mapping approved
canonical_mapping_review,CR-233,Exact semantic tuple mapping approved
canonical_mapping_review,CR-234,Exact semantic tuple mapping approved
canonical_mapping_review,CR-235,Exact semantic tuple mapping approved
canonical_mapping_review,CR-236,Exact semantic tuple mapping approved
canonical_mapping_review,CR-237,Exact semantic tuple mapping approved
canonical_mapping_review,CR-238,Exact semantic tuple mapping approved
canonical_mapping_review,CR-239,Exact semantic tuple mapping approved
canonical_mapping_review,CR-240,Exact semantic tuple mapping approved
canonical_mapping_review,CR-241,Exact semantic tuple mapping approved
canonical_mapping_review,CR-242,Exact semantic tuple mapping approved
canonical_mapping_review,CR-243,Exact semantic tuple mapping approved
canonical_mapping_review,CR-244,Exact semantic tuple mapping approved
canonical_mapping_review,CR-245,Exact semantic tuple mapping approved
canonical_mapping_review,CR-246,Exact semantic tuple mapping approved
canonical_mapping_review,CR-247,Exact semantic tuple mapping approved
canonical_mapping_review,CR-248,Exact semantic tuple mapping approved
canonical_mapping_review,CR-249,Exact semantic tuple mapping approved
canonical_mapping_review,CR-250,Exact semantic tuple mapping approved
canonical_mapping_review,CR-251,Exact semantic tuple mapping approved
canonical_mapping_review,CR-252,Exact semantic tuple mapping approved
canonical_mapping_review,CR-253,Exact semantic tuple mapping approved
canonical_mapping_review,CR-254,Exact semantic tuple mapping approved
canonical_mapping_review,CR-255,Exact semantic tuple mapping approved
canonical_mapping_review,CR-256,Exact semantic tuple mapping approved
canonical_mapping_review,CR-257,Exact semantic tuple mapping approved
canonical_mapping_review,CR-258,Exact semantic tuple mapping approved
canonical_mapping_review,CR-259,Exact semantic tuple mapping approved
canonical_mapping_review,CR-260,Exact semantic tuple mapping approved
canonical_mapping_review,CR-261,Exact semantic tuple mapping approved
canonical_mapping_review,CR-262,Exact semantic tuple mapping approved
canonical_mapping_review,CR-263,Exact semantic tuple mapping approved
canonical_mapping_review,CR-264,Exact semantic tuple mapping approved
canonical_mapping_review,CR-265,Exact semantic tuple mapping approved
canonical_mapping_review,CR-266,Exact semantic tuple mapping approved
canonical_mapping_review,CR-267,Exact semantic tuple mapping approved
canonical_mapping_review,CR-268,Exact semantic tuple mapping approved
canonical_mapping_review,CR-269,Exact semantic tuple mapping approved
canonical_mapping_review,CR-270,Exact semantic tuple mapping approved
canonical_mapping_review,CR-271,Exact semantic tuple mapping approved
canonical_mapping_review,CR-272,Exact semantic tuple mapping approved
canonical_mapping_review,CR-273,Exact semantic tuple mapping approved
canonical_mapping_review,CR-274,Exact semantic tuple mapping approved
canonical_mapping_review,CR-275,Exact semantic tuple mapping approved
canonical_mapping_review,CR-276,Exact semantic tuple mapping approved
canonical_mapping_review,CR-277,Exact semantic tuple mapping approved
canonical_mapping_review,CR-278,Exact semantic tuple mapping approved
canonical_mapping_review,CR-279,Exact semantic tuple mapping approved
canonical_mapping_review,CR-280,Exact semantic tuple mapping approved
canonical_mapping_review,CR-281,Exact semantic tuple mapping approved
canonical_mapping_review,CR-282,Exact semantic tuple mapping approved
canonical_mapping_review,CR-283,Exact semantic tuple mapping approved
canonical_mapping_review,CR-284,Exact semantic tuple mapping approved
canonical_mapping_review,CR-285,Exact semantic tuple mapping approved
canonical_mapping_review,CR-286,Exact semantic tuple mapping approved
canonical_mapping_review,CR-287,Exact semantic tuple mapping approved
canonical_mapping_review,CR-288,Exact semantic tuple mapping approved
canonical_mapping_review,CR-289,Exact semantic tuple mapping approved
canonical_mapping_review,CR-290,Exact semantic tuple mapping approved
canonical_mapping_review,CR-291,Exact semantic tuple mapping approved
canonical_mapping_review,CR-292,Exact semantic tuple mapping approved
canonical_mapping_review,CR-293,Exact semantic tuple mapping approved
canonical_mapping_review,CR-294,Exact semantic tuple mapping approved
canonical_mapping_review,CR-295,Exact semantic tuple mapping approved
canonical_mapping_review,CR-296,Exact semantic tuple mapping approved
canonical_mapping_review,CR-297,Exact semantic tuple mapping approved
canonical_mapping_review,CR-298,Exact semantic tuple mapping approved
canonical_mapping_review,CR-299,Exact semantic tuple mapping approved
canonical_mapping_review,CR-300,Exact semantic tuple mapping approved
canonical_mapping_review,CR-301,Exact semantic tuple mapping approved
canonical_mapping_review,CR-302,Exact semantic tuple mapping approved
canonical_mapping_review,CR-303,Exact semantic tuple mapping approved
canonical_mapping_review,CR-304,Exact semantic tuple mapping approved
canonical_mapping_review,CR-305,Exact semantic tuple mapping approved
canonical_mapping_review,CR-306,Exact semantic tuple mapping approved
canonical_mapping_review,CR-307,Exact semantic tuple mapping approved
canonical_mapping_review,CR-308,Exact semantic tuple mapping approved
canonical_mapping_review,CR-309,Exact semantic tuple mapping approved
canonical_mapping_review,CR-310,Exact semantic tuple mapping approved
canonical_mapping_review,CR-311,Exact semantic tuple mapping approved
canonical_mapping_review,CR-312,Exact semantic tuple mapping approved
canonical_mapping_review,CR-313,Exact semantic tuple mapping approved
canonical_mapping_review,CR-314,Exact semantic tuple mapping approved
canonical_mapping_review,CR-315,Exact semantic tuple mapping approved
canonical_mapping_review,CR-316,Exact semantic tuple mapping approved
canonical_mapping_review,CR-317,Exact semantic tuple mapping approved
canonical_mapping_review,CR-318,Exact semantic tuple mapping approved
canonical_mapping_review,CR-319,Exact semantic tuple mapping approved
canonical_mapping_review,CR-320,Exact semantic tuple mapping approved
canonical_mapping_review,CR-321,Exact semantic tuple mapping approved
canonical_mapping_review,CR-322,Exact semantic tuple mapping approved
canonical_mapping_review,CR-323,Exact semantic tuple mapping approved
canonical_mapping_review,CR-324,Exact semantic tuple mapping approved
canonical_mapping_review,CR-325,Exact semantic tuple mapping approved
canonical_mapping_review,CR-326,Exact semantic tuple mapping approved
canonical_mapping_review,CR-327,Exact semantic tuple mapping approved
canonical_mapping_review,CR-328,Exact semantic tuple mapping approved
canonical_mapping_review,CR-329,Exact semantic tuple mapping approved
canonical_mapping_review,CR-330,Exact semantic tuple mapping approved
canonical_mapping_review,CR-331,Exact semantic tuple mapping approved
canonical_mapping_review,CR-332,Exact semantic tuple mapping approved
canonical_mapping_review,CR-333,Exact semantic tuple mapping approved
canonical_mapping_review,CR-334,Exact semantic tuple mapping approved
canonical_mapping_review,CR-335,Exact semantic tuple mapping approved
canonical_mapping_review,CR-336,Exact semantic tuple mapping approved
canonical_mapping_review,CR-337,Exact semantic tuple mapping approved
canonical_mapping_review,CR-338,Exact semantic tuple mapping approved
canonical_mapping_review,CR-339,Exact semantic tuple mapping approved
canonical_mapping_review,CR-340,Exact semantic tuple mapping approved
canonical_mapping_review,CR-341,Exact semantic tuple mapping approved
canonical_mapping_review,CR-342,Exact semantic tuple mapping approved
canonical_mapping_review,CR-343,Exact semantic tuple mapping approved
canonical_mapping_review,CR-344,Exact semantic tuple mapping approved
canonical_mapping_review,CR-345,Exact semantic tuple mapping approved
canonical_mapping_review,CR-346,Exact semantic tuple mapping approved
canonical_mapping_review,CR-347,Exact semantic tuple mapping approved
canonical_mapping_review,CR-348,Exact semantic tuple mapping approved
canonical_mapping_review,CR-349,Exact semantic tuple mapping approved
canonical_mapping_review,CR-350,Exact semantic tuple mapping approved
canonical_mapping_review,CR-351,Exact semantic tuple mapping approved
canonical_mapping_review,CR-352,Exact semantic tuple mapping approved
canonical_mapping_review,CR-353,Exact semantic tuple mapping approved
canonical_mapping_review,CR-354,Exact semantic tuple mapping approved
canonical_mapping_review,CR-355,Exact semantic tuple mapping approved
canonical_mapping_review,CR-356,Exact semantic tuple mapping approved
canonical_mapping_review,CR-357,Exact semantic tuple mapping approved
canonical_mapping_review,CR-358,Exact semantic tuple mapping approved
canonical_mapping_review,CR-359,Exact semantic tuple mapping approved
canonical_mapping_review,CR-360,Exact semantic tuple mapping approved
canonical_mapping_review,CR-361,Exact semantic tuple mapping approved
canonical_mapping_review,CR-362,Exact semantic tuple mapping approved
canonical_mapping_review,CR-363,Exact semantic tuple mapping approved
canonical_mapping_review,CR-364,Exact semantic tuple mapping approved
canonical_mapping_review,CR-365,Exact semantic tuple mapping approved
canonical_mapping_review,CR-366,Exact semantic tuple mapping approved
canonical_mapping_review,CR-367,Exact semantic tuple mapping approved
canonical_mapping_review,CR-368,Exact semantic tuple mapping approved
canonical_mapping_review,CR-369,Exact semantic tuple mapping approved
canonical_mapping_review,CR-370,Exact semantic tuple mapping approved
canonical_mapping_review,CR-371,Exact semantic tuple mapping approved
canonical_mapping_review,CR-372,Exact semantic tuple mapping approved
canonical_mapping_review,CR-373,Exact semantic tuple mapping approved
canonical_mapping_review,CR-374,Exact semantic tuple mapping approved
canonical_mapping_review,CR-375,Exact semantic tuple mapping approved
canonical_mapping_review,CR-376,Exact semantic tuple mapping approved
canonical_mapping_review,CR-377,Exact semantic tuple mapping approved
canonical_mapping_review,CR-378,Exact semantic tuple mapping approved
canonical_mapping_review,CR-379,Exact semantic tuple mapping approved
canonical_mapping_review,CR-380,Exact semantic tuple mapping approved
canonical_mapping_review,CR-381,Exact semantic tuple mapping approved
canonical_mapping_review,CR-382,Exact semantic tuple mapping approved
canonical_mapping_review,CR-383,Exact semantic tuple mapping approved
canonical_mapping_review,CR-384,Exact semantic tuple mapping approved
canonical_mapping_review,CR-385,Exact semantic tuple mapping approved
canonical_mapping_review,CR-386,Exact semantic tuple mapping approved
canonical_mapping_review,CR-387,Exact semantic tuple mapping approved
canonical_mapping_review,CR-388,Exact semantic tuple mapping approved
canonical_mapping_review,CR-389,Exact semantic tuple mapping approved
canonical_mapping_review,CR-390,Exact semantic tuple mapping approved
canonical_mapping_review,CR-391,Exact semantic tuple mapping approved
canonical_mapping_review,CR-392,Exact semantic tuple mapping approved
canonical_mapping_review,CR-393,Exact semantic tuple mapping approved
canonical_mapping_review,CR-394,Exact semantic tuple mapping approved
canonical_mapping_review,CR-395,Exact semantic tuple mapping approved
canonical_mapping_review,CR-396,Exact semantic tuple mapping approved
canonical_mapping_review,CR-397,Exact semantic tuple mapping approved
canonical_mapping_review,CR-398,Exact semantic tuple mapping approved
canonical_mapping_review,CR-399,Exact semantic tuple mapping approved
canonical_mapping_review,CR-400,Exact semantic tuple mapping approved
canonical_mapping_review,CR-401,Exact semantic tuple mapping approved
canonical_mapping_review,CR-402,Exact semantic tuple mapping approved
canonical_mapping_review,CR-403,Exact semantic tuple mapping approved
canonical_mapping_review,CR-404,Exact semantic tuple mapping approved
canonical_mapping_review,CR-405,Exact semantic tuple mapping approved
canonical_mapping_review,CR-406,Exact semantic tuple mapping approved
canonical_mapping_review,CR-407,Exact semantic tuple mapping approved
canonical_mapping_review,CR-408,Exact semantic tuple mapping approved
canonical_mapping_review,CR-409,Exact semantic tuple mapping approved
canonical_mapping_review,CR-410,Exact semantic tuple mapping approved
canonical_mapping_review,CR-411,Exact semantic tuple mapping approved
canonical_mapping_review,CR-412,Exact semantic tuple mapping approved
canonical_mapping_review,CR-413,Exact semantic tuple mapping approved
canonical_mapping_review,CR-414,Exact semantic tuple mapping approved
canonical_mapping_review,CR-415,Exact semantic tuple mapping approved
canonical_mapping_review,CR-416,Exact semantic tuple mapping approved
canonical_mapping_review,CR-417,Exact semantic tuple mapping approved
canonical_mapping_review,CR-418,Exact semantic tuple mapping approved
canonical_mapping_review,CR-419,Exact semantic tuple mapping approved
canonical_mapping_review,CR-420,Exact semantic tuple mapping approved
canonical_mapping_review,CR-421,Exact semantic tuple mapping approved
canonical_mapping_review,CR-422,Exact semantic tuple mapping approved
canonical_mapping_review,CR-423,Exact semantic tuple mapping approved
canonical_mapping_review,CR-424,Exact semantic tuple mapping approved
canonical_mapping_review,CR-425,Exact semantic tuple mapping approved
canonical_mapping_review,CR-426,Exact semantic tuple mapping approved
canonical_mapping_review,CR-427,Exact semantic tuple mapping approved
canonical_mapping_review,CR-428,Exact semantic tuple mapping approved
canonical_mapping_review,CR-429,Exact semantic tuple mapping approved
canonical_mapping_review,CR-430,Exact semantic tuple mapping approved
canonical_mapping_review,CR-431,Exact semantic tuple mapping approved
canonical_mapping_review,CR-432,Exact semantic tuple mapping approved
canonical_mapping_review,CR-433,Exact semantic tuple mapping approved
canonical_mapping_review,CR-434,Exact semantic tuple mapping approved
canonical_mapping_review,CR-435,Exact semantic tuple mapping approved
canonical_mapping_review,CR-436,Exact semantic tuple mapping approved
canonical_mapping_review,CR-437,Exact semantic tuple mapping approved
canonical_mapping_review,CR-438,Exact semantic tuple mapping approved
canonical_mapping_review,CR-439,Exact semantic tuple mapping approved
canonical_mapping_review,CR-440,Exact semantic tuple mapping approved
canonical_mapping_review,CR-441,Exact semantic tuple mapping approved
canonical_mapping_review,CR-442,Exact semantic tuple mapping approved
canonical_mapping_review,CR-443,Exact semantic tuple mapping approved
canonical_mapping_review,CR-444,Exact semantic tuple mapping approved
canonical_mapping_review,CR-445,Exact semantic tuple mapping approved
canonical_mapping_review,CR-446,Exact semantic tuple mapping approved
canonical_mapping_review,CR-447,Exact semantic tuple mapping approved
canonical_mapping_review,CR-448,Exact semantic tuple mapping approved
canonical_mapping_review,CR-449,Exact semantic tuple mapping approved
canonical_mapping_review,CR-450,Exact semantic tuple mapping approved
canonical_mapping_review,CR-451,Exact semantic tuple mapping approved
canonical_mapping_review,CR-452,Exact semantic tuple mapping approved
canonical_mapping_review,CR-453,Exact semantic tuple mapping approved
canonical_mapping_review,CR-454,Exact semantic tuple mapping approved
canonical_mapping_review,CR-455,Exact semantic tuple mapping approved
canonical_mapping_review,CR-456,Exact semantic tuple mapping approved
canonical_mapping_review,CR-457,Exact semantic tuple mapping approved
canonical_mapping_review,CR-458,Exact semantic tuple mapping approved
canonical_mapping_review,CR-459,Exact semantic tuple mapping approved
canonical_mapping_review,CR-460,Exact semantic tuple mapping approved
canonical_mapping_review,CR-461,Exact semantic tuple mapping approved
canonical_mapping_review,CR-462,Exact semantic tuple mapping approved
canonical_mapping_review,CR-463,Exact semantic tuple mapping approved
canonical_mapping_review,CR-464,Exact semantic tuple mapping approved
canonical_mapping_review,CR-465,Exact semantic tuple mapping approved
canonical_mapping_review,CR-466,Exact semantic tuple mapping approved
canonical_mapping_review,CR-467,Exact semantic tuple mapping approved
canonical_mapping_review,CR-468,Exact semantic tuple mapping approved
canonical_mapping_review,CR-469,Exact semantic tuple mapping approved
