registry,claim_id,support_status,product_identity,key,finding_ids,signature_ids,final_batch_ids,research_conflicts,evidence,no_automatic_rewrite
unsupported-catalog-facts,CC-01260,UNSUPPORTED_CONFIRMED,"[""frende"",""bil"",""ordinary"",""frende-bil-kasko"",""2026-01-01""]",bonus.parkert,"[""GAP-1387"", ""GAP-1401""]","[""006717c0ed25b662"", ""e11463463378fa98""]","[""B-006"", ""B-034""]",[],2026terms11.13.3 p10 requires unknownvehicle+specifiedparking/time; no under6years/policereport conditions. Full15pterms/IPID2p/general4p reviewed.,True
unsupported-catalog-facts,CC-01298,UNSUPPORTED_CONFIRMED,"[""frende"",""bil"",""ordinary"",""frende-bil-utvidet"",""2026-01-01""]",bonus.parkert,"[""GAP-1431"", ""GAP-1445""]","[""006717c0ed25b662"", ""e11463463378fa98""]","[""B-006"", ""B-034""]",[],2026terms11.13.3 p10 requires unknownvehicle+specifiedparking/time; no under6years/policereport conditions. Full15pterms/IPID2p/general4p reviewed.,True
unsupported-catalog-facts,CC-01726,UNSUPPORTED_CONFIRMED,"[""storebrand"",""innbo"",""ordinary"",""sb-innbo-super"",""innbo09""]",flytting.transport.grense,"[""GAP-0931"", ""GAP-0932""]","[""0eb8ba09123305ee"", ""d6bfb19994c894e5""]","[""B-005"", ""B-079""]",[],Full30pterms+IPID+general; C1.5 no50000 peritem; B3 inntil10m² notunder10m²,True
unsupported-catalog-facts,CC-02455,CATALOG_FACT_NOT_SUPPORTED_BY_SOURCE,"[""gjensidige"",""bolig"",""ordinary"",""gjensidige-hus"",""Alminnelige vilkår""]",hus.ror.tining,"[""GAP-2132""]","[""e0a4907dd08e7a74""]","[""B-007""]",[],"Tining supported byproductpage; oppspyling not supported by complete localpackage. Partial positive claim, not exclusion.",True
unsupported-catalog-facts,CC-02523,CATALOG_FACT_NOT_SUPPORTED_BY_SOURCE,"[""gjensidige"",""bolig"",""ordinary"",""gjensidige-hus-pluss"",""Alminnelige vilkår""]",hus.ror.tining,"[""GAP-2192""]","[""e0a4907dd08e7a74""]","[""B-007""]",[],"Tining supported byproductpage; oppspyling not supported by complete localpackage. Partial positive claim, not exclusion.",True
unsupported-catalog-facts,CC-04481,CATALOG_FACT_NOT_SUPPORTED_BY_APPLICABLE_SOURCE,"[""gjensidige"",""mc"",""ordinary"",""gjensidige-mc-delkasko"",null]",mc.leiekjoretoy.dekning,"[""GAP-2361""]","[""ab868c6b64912871""]","[""B-001""]",[],Own complete Delkasko source package lacks Kasko PDF4 extension; factorynonAnsvar condition causes unsupported material inclusion.,True
unsupported-catalog-facts,CC-04482,CATALOG_FACT_NOT_SUPPORTED_BY_APPLICABLE_SOURCE,"[""gjensidige"",""mc"",""ordinary"",""gjensidige-mc-delkasko"",null]",mc.leiekjoretoy.dager,"[""GAP-2361""]","[""ab868c6b64912871""]","[""B-001""]",[],Own complete Delkasko source package lacks Kasko PDF4 extension; factorynonAnsvar condition causes unsupported material inclusion.,True
unsupported-catalog-facts,CC-04483,CATALOG_FACT_NOT_SUPPORTED_BY_APPLICABLE_SOURCE,"[""gjensidige"",""mc"",""ordinary"",""gjensidige-mc-delkasko"",null]",mc.leiekjoretoy.begrensning,"[""GAP-2361""]","[""ab868c6b64912871""]","[""B-001""]",[],Own complete Delkasko source package lacks Kasko PDF4 extension; factorynonAnsvar condition causes unsupported material inclusion.,True
catalog-semantic-mismatches,CC-01253,LABEL_BOUNDARY_MISMATCH,"[""frende"",""bil"",""ordinary"",""frende-bil-kasko"",""2026-01-01""]",nyverdi.alder,"[""GAP-1370""]","[""de9a7f789ea93d2a""]","[""B-034""]","[""SC-012""]",Catalog under1/3years;maintermsnotolderthan1/3years. Sameagevalue but strictoperator differs. IPIDunder wording also present; reviewsourceprecision.,True
catalog-semantic-mismatches,CC-01291,LABEL_BOUNDARY_MISMATCH,"[""frende"",""bil"",""ordinary"",""frende-bil-utvidet"",""2026-01-01""]",nyverdi.alder,"[""GAP-1414""]","[""bfdfed514c4cb32d""]","[""B-034""]","[""SC-012""]",Catalog under1/3years;maintermsnotolderthan1/3years. Sameagevalue but strictoperator differs. IPIDunder wording also present; reviewsourceprecision.,True
catalog-semantic-mismatches,CC-01372,UNSUPPORTED_APPLICABILITY_OR_SEMANTICS,"[""tryg"",""innbo"",""ordinary"",""tryg-innbo-ekstra"",""2026-07-01""]",tyveri.fellesgarasje.grense,"[""GAP-4431""]","[""891bffa82bebd3a0""]","[""B-011""]",[],"{""source"": ""catalog/sources/tryg/innbo/Innbo_og_losore_Ekstra_PPK13302.pdf"", ""location"": ""s4 §2.4"", ""reason"": ""Wrong-level inherited sublimit""}",True
catalog-semantic-mismatches,CC-01379,UNSUPPORTED_APPLICABILITY_OR_SEMANTICS,"[""tryg"",""innbo"",""ordinary"",""tryg-innbo-ekstra"",""2026-07-01""]",flytting.transport.grense,"[""GAP-4435""]","[""b45608cad7c89e92""]","[""B-015""]",[],"{""source"": ""catalog/sources/tryg/innbo/Innbo_og_losore_Ekstra_PPK13302.pdf"", ""location"": ""s4 §2.4"", ""reason"": ""Theft limit labeled as transport damage""}",True
catalog-semantic-mismatches,CC-01542,CATALOG_FACT_SEMANTICALLY_MISMAPPED,"[""gjensidige"",""innbo"",""ordinary"",""gj-innbo"",null]",innbo.kjoretoytilbehor.grense,"[""GAP-1986""]","[""23495713f8dfa933""]","[""B-014""]",[],Proven narrower/wrong location/geography/deductible binding; see exact-key source-fact finding and full package.,True
catalog-semantic-mismatches,CC-01557,CATALOG_FACT_SEMANTICALLY_MISMAPPED,"[""gjensidige"",""innbo"",""ordinary"",""gj-innbo"",null]",ansvar.geografi,"[""GAP-2017""]","[""c74c647eb0c3573a""]","[""B-014""]",[],Proven narrower/wrong location/geography/deductible binding; see exact-key source-fact finding and full package.,True
catalog-semantic-mismatches,CC-01574,CATALOG_FACT_SEMANTICALLY_MISMAPPED,"[""gjensidige"",""innbo"",""ordinary"",""gj-innbo-pluss"",null]",innbo.kjoretoytilbehor.grense,"[""GAP-2030""]","[""23495713f8dfa933""]","[""B-014""]",[],Proven narrower/wrong location/geography/deductible binding; see exact-key source-fact finding and full package.,True
catalog-semantic-mismatches,CC-01589,CATALOG_FACT_SEMANTICALLY_MISMAPPED,"[""gjensidige"",""innbo"",""ordinary"",""gj-innbo-pluss"",null]",ansvar.geografi,"[""GAP-2070""]","[""c74c647eb0c3573a""]","[""B-014""]",[],Proven narrower/wrong location/geography/deductible binding; see exact-key source-fact finding and full package.,True
catalog-semantic-mismatches,CC-01603,CATALOG_FACT_SEMANTICALLY_MISMAPPED,"[""gjensidige"",""innbo"",""ordinary"",""gj-innbo-pluss"",null]",tyveri.fellesbod.sykkelgrense,"[""GAP-2079""]","[""084efe78ee699c73""]","[""B-014""]",[],Proven narrower/wrong location/geography/deductible binding; see exact-key source-fact finding and full package.,True
catalog-semantic-mismatches,CC-01608,CATALOG_FACT_SEMANTICALLY_MISMAPPED,"[""gjensidige"",""innbo"",""ordinary"",""gj-innbo-pluss"",null]",sykkel.uhell.grense,"[""GAP-2077""]","[""07dbd5f80afdf0cd""]","[""B-014""]",[],Proven narrower/wrong location/geography/deductible binding; see exact-key source-fact finding and full package.,True
catalog-semantic-mismatches,CC-01609,CATALOG_FACT_SEMANTICALLY_MISMAPPED,"[""gjensidige"",""innbo"",""ordinary"",""gj-innbo-pluss"",null]",sykkel.skadeverk.grense,"[""GAP-2078""]","[""1a60a06962435907""]","[""B-014""]",[],Proven narrower/wrong location/geography/deductible binding; see exact-key source-fact finding and full package.,True
catalog-semantic-mismatches,CC-01622,CATALOG_FACT_SEMANTICALLY_MISMAPPED,"[""gjensidige"",""innbo"",""ordinary"",""gj-innbo-pluss"",null]",utleie.egenandel,"[""GAP-2057"", ""GAP-2080""]","[""26c05b62a27b04aa"", ""7aeb2a06ad182884""]","[""B-014"", ""B-052""]",[],Proven narrower/wrong location/geography/deductible binding; see exact-key source-fact finding and full package.,True
catalog-semantic-mismatches,CC-01635,LABEL_BOUNDARY_MISMATCH,"[""storebrand"",""innbo"",""ordinary"",""sb-innbo-standard"",""innbo09""]",innbo.smabygg.grense,"[""GAP-0847""]","[""240b026dc1edc071""]","[""B-079""]",[],Full30pterms+IPID+general; C1.5 no50000 peritem; B3 inntil10m² notunder10m²,True
catalog-semantic-mismatches,CC-01682,LABEL_BOUNDARY_MISMATCH,"[""storebrand"",""innbo"",""ordinary"",""sb-innbo-super"",""innbo09""]",innbo.smabygg.grense,"[""GAP-0893""]","[""240b026dc1edc071""]","[""B-079""]",[],Full30pterms+IPID+general; C1.5 no50000 peritem; B3 inntil10m² notunder10m²,True
catalog-semantic-mismatches,CC-02370,LABEL_SCOPE_MISMATCH,"[""storebrand"",""bolig"",""ordinary"",""storebrand-hus-standard"",""2025-08-15""]",hus.aldersfradrag.badeinnretning,"[""GAP-0976"", ""GAP-5699""]","[""063f2fff5bf4ea6e"", ""15fd26b2688897a4""]","[""B-013""]",[],"HUS10B6.4.11physical29: electrical qualification applies to indoor bath devices, not all pool/bath objects; numeric schedule supported.",True
catalog-semantic-mismatches,CC-02432,LABEL_SCOPE_MISMATCH,"[""storebrand"",""bolig"",""ordinary"",""storebrand-hus-super"",""2025-08-15""]",hus.aldersfradrag.badeinnretning,"[""GAP-1022"", ""GAP-5700""]","[""063f2fff5bf4ea6e"", ""15fd26b2688897a4""]","[""B-013""]",[],"HUS10B6.4.11physical29: electrical qualification applies to indoor bath devices, not all pool/bath objects; numeric schedule supported.",True
catalog-semantic-mismatches,CC-02579,UNSUPPORTED_APPLICABILITY_OR_SEMANTICS,"[""fremtind"",""bolig"",""ordinary"",""fremtind-hus-standard"",""PBK-200.100-015+PBK-200.200-010""]",hus.bygninger.utsmykning,"[""GAP-5076"", ""GAP-5106""]","[""8249889091145082"", ""b0688e6c58147a9a""]","[""B-002"", ""B-029""]",[],"{""artifact"": ""catalog/sources/fremtind/hus/canonical/Vilkar_Topp_Hus.pdf"", ""location"": ""Standard§3.1s3"", ""reason"": ""Kunstnerisk utsmykning under Omfattes ikke på Standard; Topppositiv§1.1""}",True
catalog-semantic-mismatches,CC-03028,CATALOG_FACT_SEMANTICALLY_MISMAPPED,"[""if"",""reise"",""ordinary"",""if-reise-basis"",""2026-09-20-canonical""]",reise.medisinsk.behandling,"[""GAP-3553""]","[""b9a4784069bf37d9""]","[""B-004""]",[],"{""artifact"": ""catalog/sources/if/reise/canonical/Helars-reiseforsikring-vilkar.pdf"", ""location"": ""13 §5.1"", ""actual"": ""skadet i en ulykke"", ""catalog"": ""alvorlig ulykkesskade"", ""note"": ""General benefits/sum correct; extra severity threshold unsupported for this dimension.""}",True
catalog-semantic-mismatches,CC-03043,CATALOG_FACT_SEMANTICALLY_MISMAPPED,"[""if"",""reise"",""ordinary"",""if-reise-basis"",""2026-09-20-canonical""]",reise.sikkerhet.reisegods,"[""GAP-5714""]","[""c32aeea4a2a3a2f8""]","[""B-004""]",[],"{""path"": ""catalog/sources/if/reise/canonical/Helars-reiseforsikring-vilkar.pdf"", ""location"": ""2 nivåtabell;8 §3;11 §4.4"", ""note"": ""Kapittel 3 og 4 gjelder Standard/Super. Basis har ikke forsinkelser eller personlige eiendeler i nivåtabellen; sikkerhetsforskrift for disse kapitlene er ikke dokumentasjon på en Basis-dekning.""}",True
catalog-semantic-mismatches,CC-03059,CATALOG_FACT_SEMANTICALLY_MISMAPPED,"[""if"",""reise"",""ordinary"",""if-reise-standard"",""2026-09-20-canonical""]",reise.medisinsk.behandling,"[""GAP-3590""]","[""b9a4784069bf37d9""]","[""B-004""]",[],"{""artifact"": ""catalog/sources/if/reise/canonical/Helars-reiseforsikring-vilkar.pdf"", ""location"": ""13 §5.1"", ""actual"": ""skadet i en ulykke"", ""catalog"": ""alvorlig ulykkesskade"", ""note"": ""General benefits/sum correct; extra severity threshold unsupported for this dimension.""}",True
catalog-semantic-mismatches,CC-03093,CATALOG_FACT_SEMANTICALLY_MISMAPPED,"[""if"",""reise"",""ordinary"",""if-reise-super"",""2026-09-20-canonical""]",reise.medisinsk.behandling,"[""GAP-3631""]","[""b9a4784069bf37d9""]","[""B-004""]",[],"{""artifact"": ""catalog/sources/if/reise/canonical/Helars-reiseforsikring-vilkar.pdf"", ""location"": ""13 §5.1"", ""actual"": ""skadet i en ulykke"", ""catalog"": ""alvorlig ulykkesskade"", ""note"": ""General benefits/sum correct; extra severity threshold unsupported for this dimension.""}",True
catalog-semantic-mismatches,CC-03163,EVENT_SCOPE_CONFLATED,"[""storebrand"",""reise"",""ordinary"",""storebrand-reise-standard"",""2026-09-20-canonical""]",reise.forsinkelse.rute,"[""GAP-1056"", ""GAP-1057"", ""GAP-1058""]","[""1771a99107898315"", ""a20572d9ec59ed5e"", ""c7be1bbec91f4e13""]","[""B-021"", ""B-082""]",[],IPID1 versusTermsA/B1; B3.1 event1 differs from event2 at1500/24h.,True
catalog-semantic-mismatches,CC-03276,CATALOG_FACT_SEMANTICALLY_MISMAPPED,"[""gjensidige"",""reise"",""ordinary"",""gjensidige-reise-pluss"",""2026-09-20-canonical""]",reise.bagasje.per_gjenstand,"[""GAP-2256""]","[""764ee65f51c3d731""]","[""B-016""]",[],OwnPlussPDF6 40k; inheritedStandard20k. Wronglevelclaim despite validStandardprovenance.,True
catalog-semantic-mismatches,CC-03349,UNSUPPORTED_APPLICABILITY_OR_SEMANTICS,"[""fremtind"",""reise"",""ordinary"",""fremtind-reise"",""PRE-450.200-015""]",reise.sikkerhet.reisegods,"[""GAP-5178""]","[""effb870e81df71e7""]","[""B-192""]",[],"{""artifact"": ""catalog/sources/fremtind/reise/canonical/fremtind-reise-vilkar.pdf"", ""location"": ""s4–5"", ""reason"": ""No§7.6; requirement not in full applicable archivedpackage""}",True
catalog-semantic-mismatches,CC-03353,UNSUPPORTED_APPLICABILITY_OR_SEMANTICS,"[""fremtind-eika-legacy"",""reise"",""ordinary"",""eika-reise-p10"",""P10-P10P-2025-01-01""]",reise.personer.omfang,"[""GAP-5179"", ""GAP-5212""]","[""42c2a36bff254c04"", ""6a8fa7667b6b4f31""]","[""B-205""]",[],"{""artifact"": ""catalog/sources/fremtind/reise/canonical/reise-vilkar-p10.pdf"", ""location"": ""§1.2s4"", ""reason"": ""Norge/norskfolketrygd ogbarnebarningenannenforsikring erstattes mednyNordengrenseregler.""}",True
catalog-semantic-mismatches,CC-03359,UNSUPPORTED_APPLICABILITY_OR_SEMANTICS,"[""fremtind-eika-legacy"",""reise"",""ordinary"",""eika-reise-p10"",""P10-P10P-2025-01-01""]",reise.bagasje.mobil,"[""GAP-5213""]","[""614e6706ae2502ce""]","[""B-205""]",[],"{""artifact"": ""catalog/sources/fremtind/reise/canonical/reise-vilkar-p10.pdf"", ""location"": ""§2.3–4s6–7;P15.6s27"", ""reason"": ""P10ingenegenmobiluhell;P15generelluhell6000/år. Eksakt Fremtindnyvilkår mobiltekst er ikke underbygd avhistoriskkilde.""}",True
catalog-semantic-mismatches,CC-03360,UNSUPPORTED_APPLICABILITY_OR_SEMANTICS,"[""fremtind-eika-legacy"",""reise"",""ordinary"",""eika-reise-p10"",""P10-P10P-2025-01-01""]",reise.bagasje.mobil_egenandel,"[""GAP-5214""]","[""c05c0db230591fe9""]","[""B-205""]",[],"{""artifact"": ""catalog/sources/fremtind/reise/canonical/reise-vilkar-p10.pdf"", ""location"": ""§2.6s8;P15.19s28"", ""reason"": ""2000 fra currentFremtind kan ikke legges på P10/P15;historisk500/0.""}",True
catalog-semantic-mismatches,CC-03385,UNSUPPORTED_APPLICABILITY_OR_SEMANTICS,"[""fremtind-eika-legacy"",""reise"",""ordinary"",""eika-reise-p10"",""P10-P10P-2025-01-01""]",reise.omrade.ud,"[""GAP-5180"", ""GAP-5215""]","[""01c571aed2922601"", ""b34d20e8795adf8e""]","[""B-205""]",[],"{""artifact"": ""catalog/sources/fremtind/reise/canonical/reise-vilkar-p10.pdf"", ""location"": ""§1.3s5"", ""reason"": ""P10 begrenser krigsrisikoområde ved skade direktefra slikrisiko; generiskalleoffisielle reiseråd dokumenteresikke.""}",True
catalog-semantic-mismatches,CC-03400,UNSUPPORTED_APPLICABILITY_OR_SEMANTICS,"[""fremtind-eika-legacy"",""reise"",""ordinary"",""eika-reise-pluss-p10"",""P10-P10P-2025-01-01""]",reise.personer.omfang,"[""GAP-5216"", ""GAP-5252""]","[""42c2a36bff254c04"", ""6a8fa7667b6b4f31""]","[""B-205""]",[],"{""artifact"": ""catalog/sources/fremtind/reise/canonical/reise-vilkar-p10.pdf"", ""location"": ""§1.2s4"", ""reason"": ""Norge/norskfolketrygd ogbarnebarningenannenforsikring erstattes mednyNordengrenseregler.""}",True
catalog-semantic-mismatches,CC-03406,UNSUPPORTED_APPLICABILITY_OR_SEMANTICS,"[""fremtind-eika-legacy"",""reise"",""ordinary"",""eika-reise-pluss-p10"",""P10-P10P-2025-01-01""]",reise.bagasje.mobil,"[""GAP-5253""]","[""614e6706ae2502ce""]","[""B-205""]",[],"{""artifact"": ""catalog/sources/fremtind/reise/canonical/reise-vilkar-p10.pdf"", ""location"": ""§2.3–4s6–7;P15.6s27"", ""reason"": ""P10ingenegenmobiluhell;P15generelluhell6000/år. Eksakt Fremtindnyvilkår mobiltekst er ikke underbygd avhistoriskkilde.""}",True
catalog-semantic-mismatches,CC-03407,UNSUPPORTED_APPLICABILITY_OR_SEMANTICS,"[""fremtind-eika-legacy"",""reise"",""ordinary"",""eika-reise-pluss-p10"",""P10-P10P-2025-01-01""]",reise.bagasje.mobil_egenandel,"[""GAP-5254""]","[""c05c0db230591fe9""]","[""B-205""]",[],"{""artifact"": ""catalog/sources/fremtind/reise/canonical/reise-vilkar-p10.pdf"", ""location"": ""§2.6s8;P15.19s28"", ""reason"": ""2000 fra currentFremtind kan ikke legges på P10/P15;historisk500/0.""}",True
catalog-semantic-mismatches,CC-03425,UNSUPPORTED_APPLICABILITY_OR_SEMANTICS,"[""fremtind-eika-legacy"",""reise"",""ordinary"",""eika-reise-pluss-p10"",""P10-P10P-2025-01-01""]",reise.rettshjelp.egenandel,"[""GAP-5234"", ""GAP-5256""]","[""081897ea9890dd48"", ""2c6f6f776135fb46""]","[""B-205""]",[],"{""artifact"": ""catalog/sources/fremtind/reise/canonical/reise-vilkar-p10.pdf"", ""location"": ""P15.19s28"", ""reason"": ""Plussfritak i ordinærtvilkår; arvetpositiv500/1000egenandel er ikke overstyrt i eksaktPluss.""}",True
catalog-semantic-mismatches,CC-03427,UNSUPPORTED_APPLICABILITY_OR_SEMANTICS,"[""fremtind-eika-legacy"",""reise"",""ordinary"",""eika-reise-pluss-p10"",""P10-P10P-2025-01-01""]",reise.ulykke.behandling,"[""GAP-5247"", ""GAP-5257""]","[""19e07ca100e66430"", ""cc9b15fa0f3121c0""]","[""B-205""]",[],"{""artifact"": ""catalog/sources/fremtind/reise/canonical/reise-vilkar-p10.pdf"", ""location"": ""P15.19s28"", ""reason"": ""Plussfritak i ordinærtvilkår; arvetpositiv500/1000egenandel er ikke overstyrt i eksaktPluss.""}",True
catalog-semantic-mismatches,CC-03429,UNSUPPORTED_APPLICABILITY_OR_SEMANTICS,"[""fremtind-eika-legacy"",""reise"",""ordinary"",""eika-reise-pluss-p10"",""P10-P10P-2025-01-01""]",reise.ulykke.behandling_egenandel,"[""GAP-5247"", ""GAP-5258""]","[""0177d006e35081bf"", ""19e07ca100e66430""]","[""B-205""]",[],"{""artifact"": ""catalog/sources/fremtind/reise/canonical/reise-vilkar-p10.pdf"", ""location"": ""P15.19s28"", ""reason"": ""Plussfritak i ordinærtvilkår; arvetpositiv500/1000egenandel er ikke overstyrt i eksaktPluss.""}",True
catalog-semantic-mismatches,CC-03430,UNSUPPORTED_APPLICABILITY_OR_SEMANTICS,"[""fremtind-eika-legacy"",""reise"",""ordinary"",""eika-reise-pluss-p10"",""P10-P10P-2025-01-01""]",reise.ulykke.tann_egenandel,"[""GAP-5247"", ""GAP-5259""]","[""19e07ca100e66430"", ""30fc68fdaa903cfb""]","[""B-205""]",[],"{""artifact"": ""catalog/sources/fremtind/reise/canonical/reise-vilkar-p10.pdf"", ""location"": ""P15.19s28"", ""reason"": ""Plussfritak i ordinærtvilkår; arvetpositiv500/1000egenandel er ikke overstyrt i eksaktPluss.""}",True
catalog-semantic-mismatches,CC-03432,UNSUPPORTED_APPLICABILITY_OR_SEMANTICS,"[""fremtind-eika-legacy"",""reise"",""ordinary"",""eika-reise-pluss-p10"",""P10-P10P-2025-01-01""]",reise.omrade.ud,"[""GAP-5217"", ""GAP-5255""]","[""01c571aed2922601"", ""b34d20e8795adf8e""]","[""B-205""]",[],"{""artifact"": ""catalog/sources/fremtind/reise/canonical/reise-vilkar-p10.pdf"", ""location"": ""§1.3s5"", ""reason"": ""P10 begrenser krigsrisikoområde ved skade direktefra slikrisiko; generiskalleoffisielle reiseråd dokumenteresikke.""}",True
catalog-semantic-mismatches,CC-03482,LABEL_BOUNDARY_MISMATCH,"[""frende"",""reise"",""ordinary"",""frende-reiseforsikring"",""2026-03-01""]",reise.medisinsk.graviditet,"[""GAP-0329"", ""GAP-0335"", ""GAP-5713""]","[""627fa475ee5cedba"", ""7100d4eae7a85085"", ""8909f7b07db6ef56""]","[""B-043""]",[],Fullterms6.3p7/3.3p3 after36 versus first catalog sentence before36; preserve exact source formulation without inferred day.,True
catalog-semantic-mismatches,CC-05278,CATALOG_FACT_SEMANTICALLY_MISMAPPED,"[""tryg"",""båt"",""ordinary"",""tryg-bat-kasko-ansvar"",""2024-07-01""]",bat.maskinskade.alder,"[""GAP-4297""]","[""5b2547a6071ecad9""]","[""B-199""]",[],"{""artifact"": ""catalog/sources/boat-pet/tryg-boat-machinery-terms.pdf"", ""location"": ""1 §1"", ""note"": ""Under15/12vsutperioden15/12;seilbåtoldIPIDtypedconflictdistinct""}",True
catalog-semantic-mismatches,CC-05293,CATALOG_FACT_SEMANTICALLY_MISMAPPED,"[""tryg"",""båt"",""ordinary"",""tryg-bat-bat-ekstra"",""2024-07-01""]",bat.maskinskade.alder,"[""GAP-4327""]","[""5b2547a6071ecad9""]","[""B-199""]",[],"{""artifact"": ""catalog/sources/boat-pet/tryg-boat-machinery-terms.pdf"", ""location"": ""1 §1"", ""note"": ""Under15/12vsutperioden15/12;seilbåtoldIPIDtypedconflictdistinct""}",True
catalog-semantic-mismatches,CC-05314,CATALOG_FACT_SEMANTICALLY_MISMAPPED,"[""if"",""båt"",""ordinary"",""if-bat-kasko"",""2023-02-01""]",bat.maskinskade.egenandel,"[""GAP-3706""]","[""d07e9ae8a55beeaf""]","[""B-003""]",[],"{""artifact"": ""catalog/sources/boat-pet/if-boat-terms.pdf"", ""location"": ""6 §4.9.5"", ""note"": ""Catalogminimum8kinvalidfor4kbranchthrough5years;percentageonly11–15.""}",True
catalog-semantic-mismatches,CC-05329,CATALOG_FACT_SEMANTICALLY_MISMAPPED,"[""if"",""båt"",""ordinary"",""if-bat-super"",""2023-02-01""]",bat.maskinskade.egenandel,"[""GAP-3746""]","[""d07e9ae8a55beeaf""]","[""B-003""]",[],"{""artifact"": ""catalog/sources/boat-pet/if-boat-terms.pdf"", ""location"": ""6 §4.9.5"", ""note"": ""Catalogminimum8kinvalidfor4kbranchthrough5years;percentageonly11–15.""}",True
catalog-semantic-mismatches,CC-05546,CATALOG_FACT_SEMANTICALLY_MISMAPPED,"[""gjensidige"",""hund"",""ordinary"",""gjensidige-hund-behandling"",null]",dyr.rehabilitering.grense,"[""GAP-2892"", ""GAP-2908""]","[""4020e0b635ed18fd"", ""8cbf061ecadfbf46""]","[""B-050"", ""B-187""]",[],Optional5kactualsumisinfulltermsbutnotunconditionalbase;IPIDp1hasno5k;runtimebaseincludedterm/unknowncoverage.,True
catalog-semantic-mismatches,CC-05599,SEMANTIC_SCOPE_OR_BOUNDARY_MISMATCH,"[""sparebank1-fremtind"",""hund"",""ordinary"",""sparebank1-fremtind-hund-veterin-r"",""2025-08-07""]",dyr.diagnostikk.grense,"[""GAP-5584"", ""GAP-5596""]","[""0da02a8dae8fd373"", ""f01b778d102c1d15""]","[""B-009"", ""B-071""]",[],"{""artifact"": ""catalog/sources/boat-pet/fremtind-dog-vet-terms.pdf"", ""location"": ""§7s1"", ""reason"": ""Hundbase15000/år er erstattet medbarevalgt sum;Topp kanfjerne15000sublimit. Katt15000/år korrekt.""}",True
catalog-semantic-mismatches,CC-05607,SEMANTIC_SCOPE_OR_BOUNDARY_MISMATCH,"[""sparebank1-fremtind"",""hund"",""ordinary"",""sparebank1-fremtind-hund-veterin-r"",""2025-08-07""]",dyr.liv.reduksjon.start,"[""GAP-5601"", ""GAP-5608""]","[""2f9a53b7f0c4bde1"", ""3c5d03c25d19fbb5""]","[""B-010"", ""B-196""]",[],"{""artifact"": ""catalog/sources/boat-pet/fremtind-dog-life-terms.pdf"", ""location"": ""Død/tap s1tabeller"", ""reason"": ""Katalogfradrag5/7 utelaterden9årigegruppen;rasegrupper/gulv1500oghovedforfall ikke presist.""}",True
