raw_queue_id,input_status,triage_status,research_task_ids
SRQ-001,ALIAS_OF_CONFLICT_TASK,ALIAS_RETAINED,"[""SR-065""]"
SRQ-002,CLOSED_LOCAL_EVIDENCE,CLOSED_LOCAL,[]
SRQ-003,ALIAS_OF_CONFLICT_TASK,ALIAS_RETAINED,"[""SR-022""]"
SRQ-004,CLOSED_LOCAL_REVIEW,CLOSED_LOCAL,[]
SRQ-005,OPEN_SOURCE_RESEARCH_REQUIRED,OPEN_DEDUPLICATED,"[""SR-019""]"
SRQ-006,OPEN_SOURCE_RESEARCH_REQUIRED,OPEN_DEDUPLICATED,"[""SR-065""]"
SRQ-007,OPEN_SOURCE_RESEARCH_REQUIRED,OPEN_DEDUPLICATED,"[""SR-022""]"
SRQ-008,STALE_SUMMARY_REPLACEMENT_RESEARCH,OPEN_DEDUPLICATED,"[""SR-018""]"
SRQ-009,OPEN_SOURCE_RESEARCH_REQUIRED,OPEN_DEDUPLICATED,"[""SR-017""]"
SRQ-010,CLOSED_LOCAL_EVIDENCE,CLOSED_LOCAL,[]
SRQ-011,OPEN_SOURCE_RESEARCH_REQUIRED,OPEN_DEDUPLICATED,"[""SR-056""]"
SRQ-012,OPEN_SOURCE_RESEARCH_REQUIRED,OPEN_DEDUPLICATED,"[""SR-053""]"
SRQ-013,OPEN_SOURCE_RESEARCH_REQUIRED,OPEN_DEDUPLICATED,"[""SR-055""]"
SRQ-014,OPEN_SOURCE_RESEARCH_REQUIRED,OPEN_DEDUPLICATED,"[""SR-057""]"
SRQ-015,OPEN_SOURCE_RESEARCH_REQUIRED,OPEN_DEDUPLICATED,"[""SR-014""]"
SRQ-016,OPEN_SOURCE_RESEARCH_REQUIRED,OPEN_DEDUPLICATED,"[""SR-016""]"
SRQ-017,OPEN_SOURCE_RESEARCH_REQUIRED,OPEN_DEDUPLICATED,"[""SR-015""]"
SRQ-018,OPEN_SOURCE_RESEARCH_REQUIRED,OPEN_DEDUPLICATED,"[""SR-020""]"
SRQ-019,OPEN_SOURCE_RESEARCH_REQUIRED,OPEN_DEDUPLICATED,"[""SR-021""]"
SRQ-020,OPEN_SOURCE_RESEARCH_REQUIRED,OPEN_DEDUPLICATED,"[""SR-022""]"
SRQ-021,OPEN_SOURCE_RESEARCH_REQUIRED,OPEN_DEDUPLICATED,"[""SR-026""]"
SRQ-022,OPEN_SOURCE_RESEARCH_REQUIRED,OPEN_DEDUPLICATED,"[""SR-029""]"
SRQ-023,OPEN_SOURCE_RESEARCH_REQUIRED,OPEN_DEDUPLICATED,"[""SR-033""]"
SRQ-024,OPEN_SOURCE_RESEARCH_REQUIRED,OPEN_DEDUPLICATED,"[""SR-033""]"
SRQ-025,OPEN_SOURCE_RESEARCH_REQUIRED,OPEN_DEDUPLICATED,"[""SR-032""]"
SRQ-026,OPEN_SOURCE_RESEARCH_REQUIRED,OPEN_DEDUPLICATED,"[""SR-039""]"
SRQ-027,OPEN_SOURCE_RESEARCH_REQUIRED,OPEN_DEDUPLICATED,"[""SR-039""]"
SRQ-028,OPEN_SOURCE_RESEARCH_REQUIRED,OPEN_DEDUPLICATED,"[""SR-039""]"
SRQ-029,OPEN_SOURCE_RESEARCH_REQUIRED,OPEN_DEDUPLICATED,"[""SR-033""]"
SR-gjensidige-bobil-utleie,OPEN_SOURCE_RESEARCH_REQUIRED,OPEN_DEDUPLICATED,"[""SR-035""]"
SR-gjensidige-bobil-fortelt,OPEN_SOURCE_RESEARCH_REQUIRED,OPEN_DEDUPLICATED,"[""SR-035""]"
SRQ-032,OPEN_SOURCE_RESEARCH_REQUIRED,OPEN_DEDUPLICATED,"[""SR-034""]"
SRQ-033,OPEN_SOURCE_RESEARCH_REQUIRED,OPEN_DEDUPLICATED,"[""SR-034""]"
SR-gjensidige-tilhenger-extension,OPEN_SOURCE_RESEARCH_REQUIRED,OPEN_DEDUPLICATED,"[""SR-038""]"
SR-gjensidige-snoscooter-extension,OPEN_SOURCE_RESEARCH_REQUIRED,OPEN_DEDUPLICATED,"[""SR-037""]"
SR-gjensidige-campingvogn-extension,OPEN_SOURCE_RESEARCH_REQUIRED,OPEN_DEDUPLICATED,"[""SR-027""]"
SRQ-037,OPEN_SOURCE_RESEARCH_REQUIRED,OPEN_DEDUPLICATED,"[""SR-028""]"
SRQ-038,OPEN_SOURCE_RESEARCH_REQUIRED,OPEN_DEDUPLICATED,"[""SR-028""]"
SRQ-039,OPEN_SOURCE_RESEARCH_REQUIRED,OPEN_DEDUPLICATED,"[""SR-028""]"
SRQ-040,OPEN_SOURCE_RESEARCH_REQUIRED,OPEN_DEDUPLICATED,"[""SR-028""]"
SR-gjensidige-bat-options,OPEN_SOURCE_RESEARCH_REQUIRED,OPEN_DEDUPLICATED,"[""SR-024""]"
SRQ-042,OPEN_SOURCE_RESEARCH_REQUIRED,OPEN_DEDUPLICATED,"[""SR-023""]"
SRQ-043,OPEN_SOURCE_RESEARCH_REQUIRED,OPEN_DEDUPLICATED,"[""SR-023""]"
SRQ-044,OPEN_SOURCE_RESEARCH_REQUIRED,OPEN_DEDUPLICATED,"[""SR-033""]"
SR-gjensidige-pet-race,OPEN_SOURCE_RESEARCH_REQUIRED,OPEN_DEDUPLICATED,"[""SR-036""]"
SRQ-046,OPEN_SOURCE_RESEARCH_REQUIRED,OPEN_DEDUPLICATED,"[""SR-031""]"
SRQ-047,OPEN_SOURCE_RESEARCH_REQUIRED,OPEN_DEDUPLICATED,"[""SR-031""]"
SR-if-supergaranti,OPEN_SOURCE_RESEARCH_REQUIRED,OPEN_DEDUPLICATED,"[""SR-049""]"
SRQ-049,OPEN_SOURCE_RESEARCH_REQUIRED,OPEN_DEDUPLICATED,"[""SR-046""]"
SRQ-050,OPEN_SOURCE_RESEARCH_REQUIRED,OPEN_DEDUPLICATED,"[""SR-046""]"
SRQ-051,OPEN_SOURCE_RESEARCH_REQUIRED,OPEN_DEDUPLICATED,"[""SR-044""]"
SR-if-motor-precise-scope,OPEN_SOURCE_RESEARCH_REQUIRED,OPEN_DEDUPLICATED,"[""SR-045""]"
SRQ-053,OPEN_SOURCE_RESEARCH_REQUIRED,OPEN_DEDUPLICATED,"[""SR-048""]"
SRQ-054,OPEN_SOURCE_RESEARCH_REQUIRED,OPEN_DEDUPLICATED,"[""SR-050""]"
SRQ-055,OPEN_SOURCE_RESEARCH_REQUIRED,OPEN_DEDUPLICATED,"[""SR-041""]"
SR-if-innbo-optional,OPEN_SOURCE_RESEARCH_REQUIRED,OPEN_DEDUPLICATED,"[""SR-042"", ""SR-049""]"
SR-if-hus-package,OPEN_SOURCE_RESEARCH_REQUIRED,OPEN_DEDUPLICATED,"[""SR-043"", ""SR-049""]"
SRQ-058,OPEN_SOURCE_RESEARCH_REQUIRED,OPEN_DEDUPLICATED,"[""SR-043""]"
SR-if-reise-guarantee,OPEN_SOURCE_RESEARCH_REQUIRED,OPEN_DEDUPLICATED,"[""SR-049""]"
SRQ-060,OPEN_SOURCE_RESEARCH_REQUIRED,OPEN_DEDUPLICATED,"[""SR-051""]"
SR-if-boat-general,OPEN_SOURCE_RESEARCH_REQUIRED,OPEN_DEDUPLICATED,"[""SR-040""]"
SRQ-062,OPEN_SOURCE_RESEARCH_REQUIRED,OPEN_DEDUPLICATED,"[""SR-040""]"
SRQ-063,OPEN_SOURCE_RESEARCH_REQUIRED,OPEN_DEDUPLICATED,"[""SR-047""]"
SR-tryg-bil-product-base,OPEN_SOURCE_RESEARCH_REQUIRED,OPEN_DEDUPLICATED,"[""SR-061""]"
SR-tryg-mcb-ambiguity,OPEN_SOURCE_RESEARCH_REQUIRED,OPEN_DEDUPLICATED,"[""SR-067"", ""SR-068""]"
SRQ-066,OPEN_SOURCE_RESEARCH_REQUIRED,OPEN_DEDUPLICATED,"[""SR-067""]"
SRQ-067,OPEN_SOURCE_RESEARCH_REQUIRED,OPEN_DEDUPLICATED,"[""SR-068""]"
SRQ-068,OPEN_SOURCE_RESEARCH_REQUIRED,OPEN_DEDUPLICATED,"[""SR-068""]"
SR-tryg-extension-scope,OPEN_SOURCE_RESEARCH_REQUIRED,OPEN_DEDUPLICATED,"[""SR-069"", ""SR-062""]"
SRQ-070,OPEN_SOURCE_RESEARCH_REQUIRED,OPEN_DEDUPLICATED,"[""SR-069""]"
SR-tryg-boat-mainterms,OPEN_SOURCE_RESEARCH_REQUIRED,OPEN_DEDUPLICATED,"[""SR-059"", ""SR-058""]"
SRQ-072,OPEN_SOURCE_RESEARCH_REQUIRED,OPEN_DEDUPLICATED,"[""SR-060""]"
SR-tryg-pet-source-conflicts,OPEN_SOURCE_RESEARCH_REQUIRED,OPEN_DEDUPLICATED,"[""SR-065"", ""SR-063""]"
SRQ-074,OPEN_SOURCE_RESEARCH_REQUIRED,OPEN_DEDUPLICATED,"[""SR-065""]"
SR-tryg-innbo-dates-ipid,OPEN_SOURCE_RESEARCH_REQUIRED,OPEN_DEDUPLICATED,"[""SR-064"", ""SR-066""]"
SRQ-076,OPEN_SOURCE_RESEARCH_REQUIRED,OPEN_DEDUPLICATED,"[""SR-064""]"
SR-tryg-reise-web-conflicts,OPEN_SOURCE_RESEARCH_REQUIRED,OPEN_DEDUPLICATED,"[""SR-070"", ""SR-066""]"
SRQ-078,OPEN_SOURCE_RESEARCH_REQUIRED,OPEN_DEDUPLICATED,"[""SR-070""]"
SRQ-079,OPEN_SOURCE_RESEARCH_REQUIRED,OPEN_DEDUPLICATED,"[""SR-070""]"
SRQ-080,OPEN_SOURCE_RESEARCH_REQUIRED,OPEN_DEDUPLICATED,"[""SR-070""]"
SR-fremtind-bil-channel-minikasko,OPEN_SOURCE_RESEARCH_REQUIRED,OPEN_DEDUPLICATED,"[""SR-002"", ""SR-003""]"
SRQ-082,OPEN_SOURCE_RESEARCH_REQUIRED,OPEN_DEDUPLICATED,"[""SR-003""]"
SR-fremtind-innbo-art-channel,OPEN_SOURCE_RESEARCH_REQUIRED,OPEN_DEDUPLICATED,"[""SR-005""]"
SRQ-084,OPEN_SOURCE_RESEARCH_REQUIRED,OPEN_DEDUPLICATED,"[""SR-005""]"
SR-fremtind-hus-roof-boundary,OPEN_SOURCE_RESEARCH_REQUIRED,OPEN_DEDUPLICATED,"[""SR-007""]"
SRQ-086,OPEN_SOURCE_RESEARCH_REQUIRED,OPEN_DEDUPLICATED,"[""SR-007""]"
SR-fremtind-reise-security-channel,OPEN_SOURCE_RESEARCH_REQUIRED,OPEN_DEDUPLICATED,"[""SR-013""]"
SRQ-088,OPEN_SOURCE_RESEARCH_REQUIRED,OPEN_DEDUPLICATED,"[""SR-001""]"
fremtind-light-ipid-components,OPEN_SOURCE_RESEARCH_REQUIRED,OPEN_DEDUPLICATED,"[""SR-012""]"
SRQ-090,OPEN_SOURCE_RESEARCH_REQUIRED,OPEN_DEDUPLICATED,"[""SR-012""]"
SRQ-091,OPEN_SOURCE_RESEARCH_REQUIRED,OPEN_DEDUPLICATED,"[""SR-008""]"
fremtind-bobil-dnb-conflicts,OPEN_SOURCE_RESEARCH_REQUIRED,OPEN_DEDUPLICATED,"[""SR-006""]"
SRQ-093,OPEN_SOURCE_RESEARCH_REQUIRED,OPEN_DEDUPLICATED,"[""SR-006""]"
SRQ-094,OPEN_SOURCE_RESEARCH_REQUIRED,OPEN_DEDUPLICATED,"[""SR-006""]"
SRQ-095,OPEN_SOURCE_RESEARCH_REQUIRED,OPEN_DEDUPLICATED,"[""SR-006""]"
fremtind-boat-unit-age,OPEN_SOURCE_RESEARCH_REQUIRED,OPEN_DEDUPLICATED,"[""SR-011""]"
SRQ-097,OPEN_SOURCE_RESEARCH_REQUIRED,OPEN_DEDUPLICATED,"[""SR-011""]"
SRQ-098,OPEN_SOURCE_RESEARCH_REQUIRED,OPEN_DEDUPLICATED,"[""SR-011""]"
fremtind-pet-puppy-and-conflicts,OPEN_SOURCE_RESEARCH_REQUIRED,OPEN_DEDUPLICATED,"[""SR-010"", ""SR-004"", ""SR-009""]"
SRQ-100,OPEN_SOURCE_RESEARCH_REQUIRED,OPEN_DEDUPLICATED,"[""SR-004""]"
SRQ-101,OPEN_SOURCE_RESEARCH_REQUIRED,OPEN_DEDUPLICATED,"[""SR-009""]"
storebrand-boat-registration-and-alarm,OPEN_SOURCE_RESEARCH_REQUIRED,OPEN_DEDUPLICATED,"[""SR-052""]"
SRQ-103,OPEN_SOURCE_RESEARCH_REQUIRED,OPEN_DEDUPLICATED,"[""SR-052""]"
SRQ-104,OPEN_SOURCE_RESEARCH_REQUIRED,OPEN_DEDUPLICATED,"[""SR-052""]"
storebrand-motor-camp-final-questions,OPEN_SOURCE_RESEARCH_REQUIRED,OPEN_DEDUPLICATED,"[""SR-056"", ""SR-053""]"
storebrand-innbo-holiday-context,OPEN_SOURCE_RESEARCH_REQUIRED,OPEN_DEDUPLICATED,"[""SR-054""]"
storebrand-hus-final-questions,OPEN_SOURCE_RESEARCH_REQUIRED,OPEN_DEDUPLICATED,"[""SR-055""]"
storebrand-reise-purchase-transfer,OPEN_SOURCE_RESEARCH_REQUIRED,OPEN_DEDUPLICATED,"[""SR-057""]"
frende-bil-final-local-closure,OPEN_SOURCE_RESEARCH_REQUIRED,OPEN_DEDUPLICATED,"[""SR-015""]"
frende-mc-final-local-closure,OPEN_SOURCE_RESEARCH_REQUIRED,OPEN_DEDUPLICATED,"[""SR-020""]"
frende-bobil-final-local-closure,OPEN_SOURCE_RESEARCH_REQUIRED,OPEN_DEDUPLICATED,"[""SR-021""]"
frende-hus-final-local-closure,OPEN_SOURCE_RESEARCH_REQUIRED,OPEN_DEDUPLICATED,"[""SR-017""]"
frende-båt-final-local-closure,OPEN_SOURCE_RESEARCH_REQUIRED,OPEN_DEDUPLICATED,"[""SR-014""]"
frende-katt-final-local-closure,OPEN_SOURCE_RESEARCH_REQUIRED,OPEN_DEDUPLICATED,"[""SR-016""]"
gjensidige-final-addon-applicability,OPEN_SOURCE_RESEARCH_REQUIRED,OPEN_DEDUPLICATED,"[""SR-025"", ""SR-030"", ""SR-035""]"
