batch_id,title,P1_signature_count,P1_occurrence_count,products_affected,families_affected,complexity,risk,source_readiness,pilot_priority,recommended_model
B-001,Avgrens Gjensidige MC ferie-leie til dokumenterte nivåer,1,1,"[""[\""gjensidige\"",\""mc\"",\""ordinary\"",\""gjensidige-mc-delkasko\"",null]""]","[""MC""]",TRIVIAL_DATA,LOW,IMPLEMENTATION_READY,MUST_BEFORE_NITO,GPT-6 SOL MEDIUM
B-005,Fjern udokumentert gjenstandsgrense i Storebrand Innbo Super,1,1,"[""[\""storebrand\"",\""innbo\"",\""ordinary\"",\""sb-innbo-super\"",\""innbo09\""]""]","[""Innbo""]",TRIVIAL_DATA,LOW,IMPLEMENTATION_READY,MUST_BEFORE_NITO,GPT-6 SOL MEDIUM
B-006,Korriger Frende Bil parkeringsbonusvilkår,1,2,"[""[\""frende\"",\""bil\"",\""ordinary\"",\""frende-bil-kasko\"",\""2026-01-01\""]"", ""[\""frende\"",\""bil\"",\""ordinary\"",\""frende-bil-utvidet\"",\""2026-01-01\""]""]","[""Bil""]",TRIVIAL_DATA,LOW,IMPLEMENTATION_READY,MUST_BEFORE_NITO,GPT-6 SOL MEDIUM
B-007,Avgrens Gjensidige Hus rørservice til dokumentert tining,1,2,"[""[\""gjensidige\"",\""bolig\"",\""ordinary\"",\""gjensidige-hus\"",\""Alminnelige vilkår\""]"", ""[\""gjensidige\"",\""bolig\"",\""ordinary\"",\""gjensidige-hus-pluss\"",\""Alminnelige vilkår\""]""]","[""Hus""]",TRIVIAL_DATA,LOW,IMPLEMENTATION_READY,MUST_BEFORE_NITO,GPT-6 SOL MEDIUM
B-004,Korriger If Reise sykdoms- og ulykkesutløser,1,3,"[""[\""if\"",\""reise\"",\""ordinary\"",\""if-reise-basis\"",\""2026-09-20-canonical\""]"", ""[\""if\"",\""reise\"",\""ordinary\"",\""if-reise-standard\"",\""2026-09-20-canonical\""]"", ""[\""if\"",\""reise\"",\""ordinary\"",\""if-reise-super\"",\""2026-09-20-canonical\""]""]","[""Reise""]",DATA_BATCH,LOW,IMPLEMENTATION_READY,MUST_BEFORE_NITO,GPT-6 SOL HIGH
B-003,Korriger If Båt aldersgrener for motor/gir-egenandel,1,2,"[""[\""if\"",\""båt\"",\""ordinary\"",\""if-bat-kasko\"",\""2023-02-01\""]"", ""[\""if\"",\""båt\"",\""ordinary\"",\""if-bat-super\"",\""2023-02-01\""]""]","[""Båt""]",DATA_BATCH,LOW,IMPLEMENTATION_READY,MUST_BEFORE_NITO,GPT-6 SOL HIGH
B-002,Fjern kunstnerisk utsmykning fra Fremtind Hus Standard,1,1,"[""[\""fremtind\"",\""bolig\"",\""ordinary\"",\""fremtind-hus-standard\"",\""PBK-200.100-015+PBK-200.200-010\""]""]","[""Hus""]",TRIVIAL_DATA,LOW,IMPLEMENTATION_READY,MUST_BEFORE_NITO,GPT-6 SOL MEDIUM
B-024,Materialiser If Campingvogn Supers dokumenterte ytelser,9,9,"[""[\""if\"",\""campingvogn\"",\""ordinary\"",\""if-campingvogn-super\"",\""2024-03\""]""]","[""Campingvogn""]",DATA_BATCH,MEDIUM,IMPLEMENTATION_READY,MUST_BEFORE_NITO,GPT-6 SOL HIGH
B-023,Materialiser Fremtind MC ordinær nyverdi,2,3,"[""[\""fremtind\"",\""mc\"",\""ordinary-sparebank1\"",\""fremtind-mc-delkasko\"",null]"", ""[\""fremtind\"",\""mc\"",\""ordinary-sparebank1\"",\""fremtind-mc-kasko\"",null]""]","[""MC""]",DATA_BATCH,LOW,IMPLEMENTATION_READY,MUST_BEFORE_NITO,GPT-6 SOL HIGH
B-016,Korriger Gjensidige Reise Pluss enkeltgjenstands-overstyring,1,1,"[""[\""gjensidige\"",\""reise\"",\""ordinary\"",\""gjensidige-reise-pluss\"",\""2026-09-20-canonical\""]""]","[""Reise""]",TRIVIAL_DATA,LOW,IMPLEMENTATION_READY,MUST_BEFORE_NITO,GPT-6 SOL MEDIUM
B-008,Gjenopprett Storebrand Båt Super opplagsutstyr,1,1,"[""[\""storebrand\"",\""båt\"",\""ordinary\"",\""storebrand-bat-super\"",\""2024-09-01\""]""]","[""Båt""]",DATA_BATCH,LOW,IMPLEMENTATION_READY,MUST_BEFORE_NITO,GPT-6 SOL HIGH
B-019,Representer Storebrand Reise dagstur på korrekt overnattingsdimensjon,1,1,"[""[\""storebrand\"",\""reise\"",\""ordinary\"",\""storebrand-reise-standard\"",\""2026-09-20-canonical\""]""]","[""Reise""]",SMALL_CODE,MEDIUM,MAPPING_REVIEW_FIRST,MUST_BEFORE_NITO,GPT-6 ASTRA EXTRA HIGH
B-020,Bevar Gjensidige Hus gnagerfakta ved råte-/insektutvidelse,2,2,"[""[\""gjensidige\"",\""bolig\"",\""ordinary\"",\""gjensidige-hus\"",\""Alminnelige vilkår\""]"", ""[\""gjensidige\"",\""bolig\"",\""ordinary\"",\""gjensidige-hus-pluss\"",\""Alminnelige vilkår\""]""]","[""Hus""]",SMALL_CODE,MEDIUM,MAPPING_REVIEW_FIRST,MUST_BEFORE_NITO,GPT-6 ASTRA EXTRA HIGH
B-022,Avklar Gjensidige Bruk som avhengig tillegg til Liv,2,2,"[""[\""gjensidige\"",\""hund\"",\""ordinary\"",\""gjensidige-hund-behandling\"",null]"", ""[\""gjensidige\"",\""katt\"",\""ordinary\"",\""gjensidige-katt-behandling\"",null]""]","[""Hund"", ""Katt""]",SMALL_CODE,MEDIUM,CANONICAL_REVIEW_FIRST,MUST_BEFORE_NITO,GPT-6 ASTRA EXTRA HIGH
