"comparison_id","insurance_type","provider_a","product_a","scope_a","provider_b","product_b","scope_b","rendered_sections","rendered_facts","unknown_count","unavailable_count","optional_count","provider_specific_count","flag_count","status_text_contradiction_count","optional_included_conflict_count","possible_false_unknown_count","duplicate_concept_count","duplicate_display_label_count","internal_label_leak_count","customer_specific_reference_count","source_anomaly_count","runtime_error_count","ai_calls","pdf_operations","runtime_web_requests","primary","control_type","selection_reasons"
"bil__tryg__ordinary__bil-kasko__pau25205__vs__if__ordinary__if-bil-super__mot2-2__primary","Bil","Tryg","Kasko","ordinary","If","Super","ordinary","11","126","38","1","45","7","6","0","0","0","0","0","0","1","0","0","0","0","0","true","","ANCHOR_CROSS_PROVIDER"
"bil__tryg__ordinary__bil-kasko__pau25205__vs__gjensidige__ordinary__gj-bil-pluss__null__primary","Bil","Tryg","Kasko","ordinary","Gjensidige","Pluss","ordinary","11","130","40","1","37","5","5","0","0","0","0","0","0","1","0","0","0","0","0","true","","ANCHOR_CROSS_PROVIDER"
"bil__tryg__ordinary__bil-kasko__pau25205__vs__storebrand__ordinary__sb-bil-super__motor09__primary","Bil","Tryg","Kasko","ordinary","Storebrand","Super","ordinary","11","133","43","1","36","8","9","0","0","0","0","0","0","2","0","0","0","0","0","true","","ANCHOR_CROSS_PROVIDER"
"bil__tryg__ordinary__bil-kasko__pau25205__vs__sparebank-1-fremtind__ordinary__sb1-bil-toppkasko__pmo-357-001-004__primary","Bil","Tryg","Kasko","ordinary","SpareBank 1 / Fremtind","Toppkasko","ordinary","11","125","45","1","42","6","8","0","0","0","0","0","0","3","0","0","0","0","0","true","","ANCHOR_CROSS_PROVIDER"
"bil__tryg__ordinary__bil-kasko__pau25205__vs__dnb-fremtind__ordinary__dnb-bil-topp__pmo-357-001-004__primary","Bil","Tryg","Kasko","ordinary","DNB / Fremtind","Topp","ordinary","11","125","45","1","42","6","8","0","0","0","0","0","0","3","0","0","0","0","0","true","","ANCHOR_CROSS_PROVIDER"
"bil__tryg__ordinary__bil-kasko__pau25205__vs__eika-fremtind__ordinary__eika-bil-topp__pmo-357-001-004__primary","Bil","Tryg","Kasko","ordinary","Eika / Fremtind","Topp","ordinary","11","125","45","1","42","6","8","0","0","0","0","0","0","3","0","0","0","0","0","true","","ANCHOR_CROSS_PROVIDER"
"bil__tryg__ordinary__bil-kasko__pau25205__vs__fremtind__ordinary__fremtind-bil-topp__pmo-357-001-004__primary","Bil","Tryg","Kasko","ordinary","Fremtind","Topp","ordinary","11","125","45","1","42","6","8","0","0","0","0","0","0","3","0","0","0","0","0","true","","ANCHOR_CROSS_PROVIDER"
"bil__tryg__ordinary__bil-kasko__pau25205__vs__frende__ordinary__frende-bil-utvidet__2026-01-01__primary","Bil","Tryg","Kasko","ordinary","Frende","Utvidet","ordinary","11","110","30","1","35","10","11","0","0","0","0","0","0","2","0","0","0","0","0","true","","ANCHOR_CROSS_PROVIDER"
"bil__if__ordinary__if-bil-super__mot2-2__vs__frende__ordinary__frende-bil-utvidet__2026-01-01__primary","Bil","If","Super","ordinary","Frende","Utvidet","ordinary","11","98","19","0","17","17","14","0","0","0","0","0","0","1","0","0","0","0","0","true","","NON_ANCHOR_VARIATION|KNOWN_POSITIVE_CONTROL"
"bil__gjensidige__ordinary__gj-bil-ansvar__null__vs__storebrand__ordinary__sb-bil-ansvar__motor09__primary","Bil","Gjensidige","Ansvar","ordinary","Storebrand","Ansvar","ordinary","4","28","8","0","3","2","2","0","0","0","0","0","0","0","0","0","0","0","0","true","","LOWER_LEVEL_SPOT_CHECK"
"bil__if__ordinary__if-bil-super__mot2-2__vs__if__ordinary__if-bil-kasko__mot2-2__primary","Bil","If","Super","ordinary","If","Kasko","ordinary","11","102","12","0","26","1","1","0","0","0","0","0","0","0","0","0","0","0","0","true","","SAME_PROVIDER_LEVEL"
"bil__if__ordinary__if-bil-super__mot2-2__vs__tryg__ordinary__bil-kasko__pau25205__side-swap-control","Bil","If","Super","ordinary","Tryg","Kasko","ordinary","11","126","38","1","45","7","0","0","0","0","0","0","0","0","0","0","0","0","0","false","SIDE_SWAP_CONTROL","SIDE_SWAP_CONTROL"
"bil__tryg__ordinary__bil-kasko__pau25205__vs__tryg__ordinary__bil-kasko__pau25205__same-product-control","Bil","Tryg","Kasko","ordinary","Tryg","Kasko","ordinary","10","138","0","2","66","0","0","0","0","0","0","0","0","0","0","0","0","0","0","false","SAME_PRODUCT_CONTROL","SAME_PRODUCT_CONTROL"
"hus__tryg__ordinary__tryg-hus-ekstra__2026-01-01__vs__if__ordinary__if-hus-super__2023-09__primary","Hus","Tryg","Hus Ekstra","ordinary","If","Super","ordinary","12","182","76","1","30","0","3","0","0","0","0","0","0","3","0","0","0","0","0","true","","ANCHOR_CROSS_PROVIDER"
"hus__tryg__ordinary__tryg-hus-ekstra__2026-01-01__vs__storebrand__ordinary__storebrand-hus-super__2025-08-15__primary","Hus","Tryg","Hus Ekstra","ordinary","Storebrand","Super","ordinary","12","170","72","2","36","0","3","0","0","0","0","0","0","3","0","0","0","0","0","true","","ANCHOR_CROSS_PROVIDER"
"hus__tryg__ordinary__tryg-hus-ekstra__2026-01-01__vs__gjensidige__ordinary__gjensidige-hus__alminnelige-vilkår__primary","Hus","Tryg","Hus Ekstra","ordinary","Gjensidige","Hus","ordinary","12","172","94","1","40","0","3","0","0","0","0","0","0","3","0","0","0","0","0","true","","ANCHOR_CROSS_PROVIDER"
"hus__tryg__ordinary__tryg-hus-ekstra__2026-01-01__vs__fremtind__ordinary__fremtind-hus-topp__pbk-200-100-015-pbk-200-200-010__primary","Hus","Tryg","Hus Ekstra","ordinary","Fremtind","Topp","ordinary","11","170","84","1","36","0","3","0","0","0","0","0","0","3","0","0","0","0","0","true","","ANCHOR_CROSS_PROVIDER"
"hus__tryg__ordinary__tryg-hus-ekstra__2026-01-01__vs__frende__ordinary__frende-hus-utvidet__2026-09-01__primary","Hus","Tryg","Hus Ekstra","ordinary","Frende","Utvidet","ordinary","11","166","90","1","33","0","6","0","0","0","0","0","0","6","0","0","0","0","0","true","","ANCHOR_CROSS_PROVIDER"
"hus__if__ordinary__if-hus-super__2023-09__vs__frende__ordinary__frende-hus-utvidet__2026-09-01__primary","Hus","If","Super","ordinary","Frende","Utvidet","ordinary","12","134","50","0","3","0","5","0","0","0","0","0","0","5","0","0","0","0","0","true","","NON_ANCHOR_VARIATION|KNOWN_POSITIVE_CONTROL"
"hus__gjensidige__ordinary__gjensidige-hus-pluss__alminnelige-vilkår__vs__storebrand__ordinary__storebrand-hus-standard__2025-08-15__primary","Hus","Gjensidige","Hus Pluss","ordinary","Storebrand","Standard","ordinary","12","127","35","2","14","0","2","0","0","0","0","0","0","2","0","0","0","0","0","true","","LOWER_LEVEL_SPOT_CHECK"
"hus__if__ordinary__if-hus-super__2023-09__vs__if__ordinary__if-hus-utvidet__2023-09__primary","Hus","If","Super","ordinary","If","Utvidet","ordinary","12","142","8","1","0","0","2","0","0","0","0","0","0","2","0","0","0","0","0","true","","SAME_PROVIDER_LEVEL"
"hus__if__ordinary__if-hus-super__2023-09__vs__tryg__ordinary__tryg-hus-ekstra__2026-01-01__side-swap-control","Hus","If","Super","ordinary","Tryg","Hus Ekstra","ordinary","12","182","76","1","30","0","0","0","0","0","0","0","0","0","0","0","0","0","0","false","SIDE_SWAP_CONTROL","SIDE_SWAP_CONTROL"
"hus__tryg__ordinary__tryg-hus-ekstra__2026-01-01__vs__tryg__ordinary__tryg-hus-ekstra__2026-01-01__same-product-control","Hus","Tryg","Hus Ekstra","ordinary","Tryg","Hus Ekstra","ordinary","10","214","0","2","60","0","0","0","0","0","0","0","0","0","0","0","0","0","0","false","SAME_PRODUCT_CONTROL","SAME_PRODUCT_CONTROL"
"innbo__tryg__ordinary__tryg-innbo-ekstra__2026-07-01__vs__if__ordinary__if-innbo-super__ibo2-1__primary","Innbo","Tryg","Innbo Ekstra","ordinary","If","Super","ordinary","10","105","31","0","6","0","2","0","0","0","0","0","0","2","0","0","0","0","0","true","","ANCHOR_CROSS_PROVIDER"
"innbo__tryg__ordinary__tryg-innbo-ekstra__2026-07-01__vs__gjensidige__ordinary__gj-innbo-pluss__null__primary","Innbo","Tryg","Innbo Ekstra","ordinary","Gjensidige","Innbo Pluss","ordinary","10","99","35","0","11","0","1","0","0","0","0","0","0","1","0","0","0","0","0","true","","ANCHOR_CROSS_PROVIDER"
"innbo__tryg__ordinary__tryg-innbo-ekstra__2026-07-01__vs__storebrand__ordinary__sb-innbo-super__innbo09__primary","Innbo","Tryg","Innbo Ekstra","ordinary","Storebrand","Super","ordinary","10","107","39","2","6","0","5","0","0","0","0","0","0","5","0","0","0","0","0","true","","ANCHOR_CROSS_PROVIDER"
"innbo__tryg__ordinary__tryg-innbo-ekstra__2026-07-01__vs__fremtind__ordinary__fremtind-innbo-topp__2025-01-01__primary","Innbo","Tryg","Innbo Ekstra","ordinary","Fremtind","Innbo Pluss","ordinary","10","100","40","0","6","0","4","0","0","0","0","0","0","4","0","0","0","0","0","true","","ANCHOR_CROSS_PROVIDER"
"innbo__tryg__ordinary__tryg-innbo-ekstra__2026-07-01__vs__frende__ordinary__frende-innbo-standard__2026-09-01__primary","Innbo","Tryg","Innbo Ekstra","ordinary","Frende","Standard","ordinary","10","108","42","0","13","0","2","0","0","0","0","0","0","2","0","0","0","0","0","true","","ANCHOR_CROSS_PROVIDER"
"innbo__if__ordinary__if-innbo-super__ibo2-1__vs__frende__ordinary__frende-innbo-standard__2026-09-01__primary","Innbo","If","Super","ordinary","Frende","Standard","ordinary","10","123","49","0","7","0","2","0","0","0","0","0","0","2","0","0","0","0","0","true","","NON_ANCHOR_VARIATION"
"innbo__gjensidige__ordinary__gj-innbo__null__vs__storebrand__ordinary__sb-innbo-standard__innbo09__primary","Innbo","Gjensidige","Innbo","ordinary","Storebrand","Standard","ordinary","8","79","23","2","0","0","3","0","0","0","0","0","0","3","0","0","0","0","0","true","","LOWER_LEVEL_SPOT_CHECK"
"innbo__if__ordinary__if-innbo-super__ibo2-1__vs__if__ordinary__if-innbo-utvidet__ibo2-1__primary","Innbo","If","Super","ordinary","If","Utvidet","ordinary","10","112","8","0","0","0","2","0","0","0","0","0","0","2","0","0","0","0","0","true","","SAME_PROVIDER_LEVEL"
"innbo__if__ordinary__if-innbo-super__ibo2-1__vs__tryg__ordinary__tryg-innbo-ekstra__2026-07-01__side-swap-control","Innbo","If","Super","ordinary","Tryg","Innbo Ekstra","ordinary","10","105","31","0","6","0","0","0","0","0","0","0","0","0","0","0","0","0","0","false","SIDE_SWAP_CONTROL","SIDE_SWAP_CONTROL"
"innbo__tryg__ordinary__tryg-innbo-ekstra__2026-07-01__vs__tryg__ordinary__tryg-innbo-ekstra__2026-07-01__same-product-control","Innbo","Tryg","Innbo Ekstra","ordinary","Tryg","Innbo Ekstra","ordinary","9","90","0","0","12","0","0","0","0","0","0","0","0","0","0","0","0","0","0","false","SAME_PRODUCT_CONTROL","SAME_PRODUCT_CONTROL"
"reise__tryg__ordinary__tryg-reise-premium__2026-09-20-canonical__vs__if__ordinary__if-reise-super__2026-09-20-canonical__primary","Reise","Tryg","Reise Premium","ordinary","If","Super","ordinary","12","111","35","6","0","0","0","0","0","0","0","0","0","0","0","0","0","0","0","true","","ANCHOR_CROSS_PROVIDER"
"reise__tryg__ordinary__tryg-reise-premium__2026-09-20-canonical__vs__storebrand__ordinary__storebrand-reise-super__2026-09-20-canonical__primary","Reise","Tryg","Reise Premium","ordinary","Storebrand","Super","ordinary","12","117","33","1","0","0","0","0","0","0","0","0","0","0","0","0","0","0","0","true","","ANCHOR_CROSS_PROVIDER"
"reise__tryg__ordinary__tryg-reise-premium__2026-09-20-canonical__vs__gjensidige__ordinary__gjensidige-reise-pluss__2026-09-20-canonical__primary","Reise","Tryg","Reise Premium","ordinary","Gjensidige","Reise Pluss","ordinary","12","116","40","2","0","0","1","0","0","0","0","0","0","1","0","0","0","0","0","true","","ANCHOR_CROSS_PROVIDER"
"reise__tryg__ordinary__tryg-reise-premium__2026-09-20-canonical__vs__fremtind__ordinary__fremtind-reise__pre-450-200-015__primary","Reise","Tryg","Reise Premium","ordinary","Fremtind","Reise","ordinary","12","108","46","4","0","0","3","0","0","0","0","0","0","3","0","0","0","0","0","true","","ANCHOR_CROSS_PROVIDER"
"reise__tryg__ordinary__tryg-reise-premium__2026-09-20-canonical__vs__frende__ordinary__frende-reiseforsikring__2026-03-01__primary","Reise","Tryg","Reise Premium","ordinary","Frende","Reiseforsikring","ordinary","12","123","43","5","0","0","0","0","0","0","0","0","0","0","0","0","0","0","0","true","","ANCHOR_CROSS_PROVIDER"
"reise__if__ordinary__if-reise-super__2026-09-20-canonical__vs__frende__ordinary__frende-reiseforsikring__2026-03-01__primary","Reise","If","Super","ordinary","Frende","Reiseforsikring","ordinary","12","98","36","9","0","0","0","0","0","0","0","0","0","0","0","0","0","0","0","true","","NON_ANCHOR_VARIATION"
"reise__gjensidige__ordinary__gjensidige-reise__2026-09-20-canonical__vs__storebrand__ordinary__storebrand-reise-standard__2026-09-20-canonical__primary","Reise","Gjensidige","Reise","ordinary","Storebrand","Standard","ordinary","12","86","18","3","0","0","1","0","0","0","0","0","0","1","0","0","0","0","0","true","","LOWER_LEVEL_SPOT_CHECK"
"reise__tryg__ordinary__tryg-reise-premium__2026-09-20-canonical__vs__tryg__ordinary__tryg-reise-ekstra__2026-09-20-canonical__primary","Reise","Tryg","Reise Premium","ordinary","Tryg","Reise Ekstra","ordinary","12","132","4","3","3","0","1","0","0","0","0","0","0","1","0","0","0","0","0","true","","SAME_PROVIDER_LEVEL"
"reise__if__ordinary__if-reise-super__2026-09-20-canonical__vs__tryg__ordinary__tryg-reise-premium__2026-09-20-canonical__side-swap-control","Reise","If","Super","ordinary","Tryg","Reise Premium","ordinary","12","111","35","6","0","0","0","0","0","0","0","0","0","0","0","0","0","0","0","false","SIDE_SWAP_CONTROL","SIDE_SWAP_CONTROL"
"reise__tryg__ordinary__tryg-reise-premium__2026-09-20-canonical__vs__tryg__ordinary__tryg-reise-premium__2026-09-20-canonical__same-product-control","Reise","Tryg","Reise Premium","ordinary","Tryg","Reise Premium","ordinary","12","136","0","2","0","0","0","0","0","0","0","0","0","0","0","0","0","0","0","false","SAME_PRODUCT_CONTROL","SAME_PRODUCT_CONTROL"
"snøscooter__tryg__ordinary__tryg-snoscooter-kasko__null__vs__gjensidige__ordinary__gjensidige-snoscooter-kasko__null__primary","Snøscooter","Tryg","Kasko","ordinary","Gjensidige","Kasko","ordinary","11","26","8","0","4","0","1","0","0","0","1","0","0","0","0","0","0","0","0","true","","ANCHOR_CROSS_PROVIDER|KNOWN_POSITIVE_CONTROL"
"snøscooter__tryg__ordinary__tryg-snoscooter-kasko__null__vs__frende__ordinary__frende-snoscooter-kasko__2026-01-01__primary","Snøscooter","Tryg","Kasko","ordinary","Frende","Kasko","ordinary","10","21","9","0","4","0","1","0","0","0","1","0","0","0","0","0","0","0","0","true","","ANCHOR_CROSS_PROVIDER|KNOWN_POSITIVE_CONTROL"
"snøscooter__tryg__ordinary__tryg-snoscooter-kasko__null__vs__storebrand__ordinary__storebrand-snoscooter-kasko__2025-04-01__primary","Snøscooter","Tryg","Kasko","ordinary","Storebrand","Kasko","ordinary","9","20","8","0","4","0","1","0","0","0","1","0","0","0","0","0","0","0","0","true","","ANCHOR_CROSS_PROVIDER|KNOWN_POSITIVE_CONTROL"
"snøscooter__tryg__ordinary__tryg-snoscooter-kasko__null__vs__if__ordinary__if-snoscooter-kasko__2024-03__primary","Snøscooter","Tryg","Kasko","ordinary","If","Kasko","ordinary","9","22","10","0","4","0","1","0","0","0","1","0","0","0","0","0","0","0","0","true","","ANCHOR_CROSS_PROVIDER|KNOWN_POSITIVE_CONTROL"
"snøscooter__tryg__ordinary__tryg-snoscooter-kasko__null__vs__eika-fremtind__ordinary__eika-fremtind-snoscooter-kasko__2023-10-29__primary","Snøscooter","Tryg","Kasko","ordinary","Eika / Fremtind","Kasko","ordinary","9","22","6","0","4","0","2","0","0","0","1","0","0","1","0","0","0","0","0","true","","ANCHOR_CROSS_PROVIDER|KNOWN_POSITIVE_CONTROL"
"snøscooter__if__ordinary__if-snoscooter-kasko__2024-03__vs__frende__ordinary__frende-snoscooter-kasko__2026-01-01__primary","Snøscooter","If","Kasko","ordinary","Frende","Kasko","ordinary","8","17","7","0","0","0","0","0","0","0","0","0","0","0","0","0","0","0","0","true","","NON_ANCHOR_VARIATION"
"snøscooter__gjensidige__ordinary__gjensidige-snoscooter-ansvar__null__vs__storebrand__ordinary__storebrand-snoscooter-ansvar__2025-04-01__primary","Snøscooter","Gjensidige","Ansvar","ordinary","Storebrand","Ansvar","ordinary","3","8","4","0","0","0","0","0","0","0","0","0","0","0","0","0","0","0","0","true","","LOWER_LEVEL_SPOT_CHECK"
"snøscooter__tryg__ordinary__tryg-snoscooter-kasko__null__vs__tryg__ordinary__tryg-snoscooter-brann-og-tyveri__null__primary","Snøscooter","Tryg","Kasko","ordinary","Tryg","Brann og tyveri","ordinary","9","24","2","0","8","0","2","0","0","0","2","0","0","0","0","0","0","0","0","true","","SAME_PROVIDER_LEVEL|KNOWN_POSITIVE_CONTROL"
"snøscooter__gjensidige__ordinary__gjensidige-snoscooter-kasko__null__vs__tryg__ordinary__tryg-snoscooter-kasko__null__side-swap-control","Snøscooter","Gjensidige","Kasko","ordinary","Tryg","Kasko","ordinary","11","26","8","0","4","0","0","0","0","0","0","0","0","0","0","0","0","0","0","false","SIDE_SWAP_CONTROL","SIDE_SWAP_CONTROL"
"snøscooter__tryg__ordinary__tryg-snoscooter-kasko__null__vs__tryg__ordinary__tryg-snoscooter-kasko__null__same-product-control","Snøscooter","Tryg","Kasko","ordinary","Tryg","Kasko","ordinary","9","26","0","0","8","0","0","0","0","0","0","0","0","0","0","0","0","0","0","false","SAME_PRODUCT_CONTROL","SAME_PRODUCT_CONTROL"
"campingvogn__tryg__ordinary__tryg-campingvogn-campingvogn-ekstra__2026-01-01__vs__gjensidige__ordinary__gjensidige-campingvogn-pluss__null__primary","Campingvogn","Tryg","Campingvogn Ekstra","ordinary","Gjensidige","Pluss","ordinary","13","36","14","0","0","0","1","0","0","0","0","0","0","1","0","0","0","0","0","true","","ANCHOR_CROSS_PROVIDER"
"campingvogn__tryg__ordinary__tryg-campingvogn-campingvogn-ekstra__2026-01-01__vs__frende__ordinary__frende-campingvogn-kasko__2026-01-01__primary","Campingvogn","Tryg","Campingvogn Ekstra","ordinary","Frende","Kasko","ordinary","12","35","11","0","0","0","1","0","0","0","0","0","0","1","0","0","0","0","0","true","","ANCHOR_CROSS_PROVIDER"
"campingvogn__tryg__ordinary__tryg-campingvogn-campingvogn-ekstra__2026-01-01__vs__storebrand__ordinary__storebrand-campingvogn-super__2026-03-01__primary","Campingvogn","Tryg","Campingvogn Ekstra","ordinary","Storebrand","Super","ordinary","14","40","18","0","0","0","1","0","0","0","0","0","0","1","0","0","0","0","0","true","","ANCHOR_CROSS_PROVIDER"
"campingvogn__tryg__ordinary__tryg-campingvogn-campingvogn-ekstra__2026-01-01__vs__if__ordinary__if-campingvogn-kasko__2024-03__primary","Campingvogn","Tryg","Campingvogn Ekstra","ordinary","If","Kasko","ordinary","13","33","19","0","0","0","1","0","0","0","0","0","0","1","0","0","0","0","0","true","","ANCHOR_CROSS_PROVIDER"
"campingvogn__tryg__ordinary__tryg-campingvogn-campingvogn-ekstra__2026-01-01__vs__eika-fremtind__ordinary__eika-fremtind-campingvogn-kasko__2024-03-21__primary","Campingvogn","Tryg","Campingvogn Ekstra","ordinary","Eika / Fremtind","Kasko","ordinary","13","34","20","0","0","0","3","0","0","0","0","0","0","3","0","0","0","0","0","true","","ANCHOR_CROSS_PROVIDER"
"campingvogn__if__ordinary__if-campingvogn-kasko__2024-03__vs__frende__ordinary__frende-campingvogn-kasko__2026-01-01__primary","Campingvogn","If","Kasko","ordinary","Frende","Kasko","ordinary","11","22","14","0","0","0","0","0","0","0","0","0","0","0","0","0","0","0","0","true","","NON_ANCHOR_VARIATION"
"campingvogn__gjensidige__ordinary__gjensidige-campingvogn-delkasko__null__vs__storebrand__ordinary__storebrand-campingvogn-brann-og-tyveri__2026-03-01__primary","Campingvogn","Gjensidige","Delkasko","ordinary","Storebrand","Brann og tyveri","ordinary","8","16","6","0","0","0","0","0","0","0","0","0","0","0","0","0","0","0","0","true","","LOWER_LEVEL_SPOT_CHECK"
"campingvogn__tryg__ordinary__tryg-campingvogn-campingvogn-ekstra__2026-01-01__vs__tryg__ordinary__tryg-campingvogn-kasko__2026-01-01__primary","Campingvogn","Tryg","Campingvogn Ekstra","ordinary","Tryg","Kasko","ordinary","12","38","8","0","0","0","2","0","0","0","0","0","0","2","0","0","0","0","0","true","","SAME_PROVIDER_LEVEL"
"campingvogn__gjensidige__ordinary__gjensidige-campingvogn-pluss__null__vs__tryg__ordinary__tryg-campingvogn-campingvogn-ekstra__2026-01-01__side-swap-control","Campingvogn","Gjensidige","Pluss","ordinary","Tryg","Campingvogn Ekstra","ordinary","13","36","14","0","0","0","0","0","0","0","0","0","0","0","0","0","0","0","0","false","SIDE_SWAP_CONTROL","SIDE_SWAP_CONTROL"
"campingvogn__tryg__ordinary__tryg-campingvogn-campingvogn-ekstra__2026-01-01__vs__tryg__ordinary__tryg-campingvogn-campingvogn-ekstra__2026-01-01__same-product-control","Campingvogn","Tryg","Campingvogn Ekstra","ordinary","Tryg","Campingvogn Ekstra","ordinary","12","46","0","0","0","0","0","0","0","0","0","0","0","0","0","0","0","0","0","false","SAME_PRODUCT_CONTROL","SAME_PRODUCT_CONTROL"
"tilhenger__tryg__ordinary__tryg-tilhenger-kasko__2026-01-01__vs__gjensidige__ordinary__gjensidige-tilhenger-kasko__null__primary","Tilhenger","Tryg","Kasko","ordinary","Gjensidige","Kasko","ordinary","8","18","10","0","0","0","1","0","0","0","0","0","0","1","0","0","0","0","0","true","","ANCHOR_CROSS_PROVIDER"
"tilhenger__tryg__ordinary__tryg-tilhenger-kasko__2026-01-01__vs__frende__ordinary__frende-tilhenger-kasko__2026-01-01__primary","Tilhenger","Tryg","Kasko","ordinary","Frende","Kasko","ordinary","7","21","5","0","0","0","1","0","0","0","0","0","0","1","0","0","0","0","0","true","","ANCHOR_CROSS_PROVIDER"
"tilhenger__tryg__ordinary__tryg-tilhenger-kasko__2026-01-01__vs__storebrand__ordinary__storebrand-tilhenger-kasko__2026-03-01__primary","Tilhenger","Tryg","Kasko","ordinary","Storebrand","Kasko","ordinary","8","21","9","0","0","0","1","0","0","0","0","0","0","1","0","0","0","0","0","true","","ANCHOR_CROSS_PROVIDER"
"tilhenger__tryg__ordinary__tryg-tilhenger-kasko__2026-01-01__vs__if__ordinary__if-tilhenger-kasko__2024-03__primary","Tilhenger","Tryg","Kasko","ordinary","If","Kasko","ordinary","7","21","7","0","0","0","1","0","0","0","0","0","0","1","0","0","0","0","0","true","","ANCHOR_CROSS_PROVIDER"
"tilhenger__tryg__ordinary__tryg-tilhenger-kasko__2026-01-01__vs__eika-fremtind__ordinary__eika-fremtind-tilhenger-kasko__2024-03-21__primary","Tilhenger","Tryg","Kasko","ordinary","Eika / Fremtind","Kasko","ordinary","8","19","11","0","0","0","2","0","0","0","0","0","0","2","0","0","0","0","0","true","","ANCHOR_CROSS_PROVIDER"
"tilhenger__if__ordinary__if-tilhenger-kasko__2024-03__vs__frende__ordinary__frende-tilhenger-kasko__2026-01-01__primary","Tilhenger","If","Kasko","ordinary","Frende","Kasko","ordinary","6","16","8","0","0","0","0","0","0","0","0","0","0","0","0","0","0","0","0","true","","NON_ANCHOR_VARIATION"
"tilhenger__gjensidige__ordinary__gjensidige-tilhenger-delkasko__null__vs__storebrand__ordinary__storebrand-tilhenger-brann-og-tyveri__2026-03-01__primary","Tilhenger","Gjensidige","Delkasko","ordinary","Storebrand","Brann og tyveri","ordinary","5","11","3","0","0","0","0","0","0","0","0","0","0","0","0","0","0","0","0","true","","LOWER_LEVEL_SPOT_CHECK"
"tilhenger__tryg__ordinary__tryg-tilhenger-kasko__2026-01-01__vs__tryg__ordinary__tryg-tilhenger-brann-og-tyveri__2026-01-01__primary","Tilhenger","Tryg","Kasko","ordinary","Tryg","Brann og tyveri","ordinary","7","22","4","0","0","0","2","0","0","0","0","0","0","2","0","0","0","0","0","true","","SAME_PROVIDER_LEVEL"
"tilhenger__gjensidige__ordinary__gjensidige-tilhenger-kasko__null__vs__tryg__ordinary__tryg-tilhenger-kasko__2026-01-01__side-swap-control","Tilhenger","Gjensidige","Kasko","ordinary","Tryg","Kasko","ordinary","8","18","10","0","0","0","0","0","0","0","0","0","0","0","0","0","0","0","0","false","SIDE_SWAP_CONTROL","SIDE_SWAP_CONTROL"
"tilhenger__tryg__ordinary__tryg-tilhenger-kasko__2026-01-01__vs__tryg__ordinary__tryg-tilhenger-kasko__2026-01-01__same-product-control","Tilhenger","Tryg","Kasko","ordinary","Tryg","Kasko","ordinary","7","26","0","0","0","0","0","0","0","0","0","0","0","0","0","0","0","0","0","false","SAME_PRODUCT_CONTROL","SAME_PRODUCT_CONTROL"
"mc__tryg__ordinary__tryg-mc-mc-ekstra__2026-07-01__vs__if__ordinary__if-mc-kasko__2024-03__primary","MC","Tryg","MC Ekstra","ordinary","If","Kasko","ordinary","13","95","25","0","10","0","1","0","0","0","0","0","0","1","0","0","0","0","0","true","","ANCHOR_CROSS_PROVIDER"
"mc__tryg__ordinary__tryg-mc-mc-ekstra__2026-07-01__vs__gjensidige__ordinary__gjensidige-mc-kasko__null__primary","MC","Tryg","MC Ekstra","ordinary","Gjensidige","Kasko","ordinary","12","83","21","0","4","0","1","0","0","0","0","0","0","1","0","0","0","0","0","true","","ANCHOR_CROSS_PROVIDER"
"mc__tryg__ordinary__tryg-mc-mc-ekstra__2026-07-01__vs__storebrand__ordinary__storebrand-mc-kasko__motor09__primary","MC","Tryg","MC Ekstra","ordinary","Storebrand","Kasko","ordinary","13","85","33","0","4","0","2","0","0","0","0","0","0","2","0","0","0","0","0","true","","ANCHOR_CROSS_PROVIDER"
"mc__tryg__ordinary__tryg-mc-mc-ekstra__2026-07-01__vs__fremtind__ordinary-sparebank1__fremtind-mc-kasko__null__primary","MC","Tryg","MC Ekstra","ordinary","Fremtind","Kasko","ordinary-sparebank1","13","80","32","0","4","0","2","0","0","0","0","0","0","2","0","0","0","0","0","true","","ANCHOR_CROSS_PROVIDER"
"mc__tryg__ordinary__tryg-mc-mc-ekstra__2026-07-01__vs__frende__ordinary__frende-mc-kasko__2026-01-01__primary","MC","Tryg","MC Ekstra","ordinary","Frende","Kasko","ordinary","13","76","30","0","7","0","2","0","0","0","0","0","0","2","0","0","0","0","0","true","","ANCHOR_CROSS_PROVIDER"
"mc__if__ordinary__if-mc-kasko__2024-03__vs__frende__ordinary__frende-mc-kasko__2026-01-01__primary","MC","If","Kasko","ordinary","Frende","Kasko","ordinary","12","67","25","0","9","0","1","0","0","0","0","0","0","1","0","0","0","0","0","true","","NON_ANCHOR_VARIATION"
"mc__gjensidige__ordinary__gjensidige-mc-ansvar__null__vs__storebrand__ordinary__storebrand-mc-ansvar__motor09__primary","MC","Gjensidige","Ansvar","ordinary","Storebrand","Ansvar","ordinary","3","22","0","0","0","0","0","0","0","0","0","0","0","0","0","0","0","0","0","true","","LOWER_LEVEL_SPOT_CHECK"
"mc__tryg__ordinary__tryg-mc-mc-ekstra__2026-07-01__vs__tryg__ordinary__tryg-mc-kasko__2026-07-01__primary","MC","Tryg","MC Ekstra","ordinary","Tryg","Kasko","ordinary","12","87","17","0","8","0","2","0","0","0","0","0","0","2","0","0","0","0","0","true","","SAME_PROVIDER_LEVEL"
"mc__if__ordinary__if-mc-kasko__2024-03__vs__tryg__ordinary__tryg-mc-mc-ekstra__2026-07-01__side-swap-control","MC","If","Kasko","ordinary","Tryg","MC Ekstra","ordinary","13","95","25","0","10","0","0","0","0","0","0","0","0","0","0","0","0","0","0","false","SIDE_SWAP_CONTROL","SIDE_SWAP_CONTROL"
"mc__tryg__ordinary__tryg-mc-mc-ekstra__2026-07-01__vs__tryg__ordinary__tryg-mc-mc-ekstra__2026-07-01__same-product-control","MC","Tryg","MC Ekstra","ordinary","Tryg","MC Ekstra","ordinary","12","104","0","0","8","0","0","0","0","0","0","0","0","0","0","0","0","0","0","false","SAME_PRODUCT_CONTROL","SAME_PRODUCT_CONTROL"
"bobil__tryg__ordinary__tryg-bobil-bobil-ekstra__2026-07-01__vs__if__ordinary__if-bobil-super__2022-06__primary","Bobil","Tryg","Bobil Ekstra","ordinary","If","Super","ordinary","14","126","32","0","20","0","0","0","0","0","0","0","0","0","0","0","0","0","0","true","","ANCHOR_CROSS_PROVIDER"
"bobil__tryg__ordinary__tryg-bobil-bobil-ekstra__2026-07-01__vs__gjensidige__ordinary__gjensidige-bobil-pluss__null__primary","Bobil","Tryg","Bobil Ekstra","ordinary","Gjensidige","Pluss","ordinary","14","112","26","0","11","0","0","0","0","0","0","0","0","0","0","0","0","0","0","true","","ANCHOR_CROSS_PROVIDER"
"bobil__tryg__ordinary__tryg-bobil-bobil-ekstra__2026-07-01__vs__storebrand__ordinary__storebrand-bobil-super__motor09__primary","Bobil","Tryg","Bobil Ekstra","ordinary","Storebrand","Super","ordinary","14","123","36","0","13","0","1","0","0","0","0","0","0","1","0","0","0","0","0","true","","ANCHOR_CROSS_PROVIDER"
"bobil__tryg__ordinary__tryg-bobil-bobil-ekstra__2026-07-01__vs__fremtind__ordinary-dnb__fremtind-bobil-topp__2025-09-18__primary","Bobil","Tryg","Bobil Ekstra","ordinary","Fremtind","Topp","ordinary-dnb","14","111","27","0","19","0","1","0","0","0","0","0","0","1","0","0","0","0","0","true","","ANCHOR_CROSS_PROVIDER"
"bobil__tryg__ordinary__tryg-bobil-bobil-ekstra__2026-07-01__vs__frende__ordinary__frende-bobil-utvidet__2026-01-01__primary","Bobil","Tryg","Bobil Ekstra","ordinary","Frende","Utvidet","ordinary","13","107","23","0","21","0","1","0","0","0","0","0","0","1","0","0","0","0","0","true","","ANCHOR_CROSS_PROVIDER"
"bobil__if__ordinary__if-bobil-super__2022-06__vs__frende__ordinary__frende-bobil-utvidet__2026-01-01__primary","Bobil","If","Super","ordinary","Frende","Utvidet","ordinary","14","123","29","0","23","0","1","0","0","0","0","0","0","1","0","0","0","0","0","true","","NON_ANCHOR_VARIATION"
"bobil__gjensidige__ordinary__gjensidige-bobil-ansvar__null__vs__storebrand__ordinary__storebrand-bobil-ansvar__motor09__primary","Bobil","Gjensidige","Ansvar","ordinary","Storebrand","Ansvar","ordinary","3","22","0","0","0","0","0","0","0","0","0","0","0","0","0","0","0","0","0","true","","LOWER_LEVEL_SPOT_CHECK"
"bobil__tryg__ordinary__tryg-bobil-bobil-ekstra__2026-07-01__vs__tryg__ordinary__tryg-bobil-kasko__2026-01-01__primary","Bobil","Tryg","Bobil Ekstra","ordinary","Tryg","Kasko","ordinary","12","95","15","0","18","0","0","0","0","0","0","0","0","0","0","0","0","0","0","true","","SAME_PROVIDER_LEVEL"
"bobil__if__ordinary__if-bobil-super__2022-06__vs__tryg__ordinary__tryg-bobil-bobil-ekstra__2026-07-01__side-swap-control","Bobil","If","Super","ordinary","Tryg","Bobil Ekstra","ordinary","14","126","32","0","20","0","0","0","0","0","0","0","0","0","0","0","0","0","0","false","SIDE_SWAP_CONTROL","SIDE_SWAP_CONTROL"
"bobil__tryg__ordinary__tryg-bobil-bobil-ekstra__2026-07-01__vs__tryg__ordinary__tryg-bobil-bobil-ekstra__2026-07-01__same-product-control","Bobil","Tryg","Bobil Ekstra","ordinary","Tryg","Bobil Ekstra","ordinary","12","110","0","0","18","0","0","0","0","0","0","0","0","0","0","0","0","0","0","false","SAME_PRODUCT_CONTROL","SAME_PRODUCT_CONTROL"
