provider,insurance_type,scope,addon_id,version,version_note,applicable_products,component_id,source_artifacts,source_versions,catalog_fact_count,advisor_relevant_fact_count,represented,missing,too_coarse,customer_specific,status,fully_audited,notes,review_state,source_support_status,source_research_required,catalog_readiness,readiness_scope_note,reviewed_current_date,review_notes,semantic_audit_status,distribution_channel,audit_enumeration_evidence
tryg,"[""Snøscooter""]",ordinary,tryg-snoscooter-forerulykke,,Add-on has no own version dimension when null; linked source versions retained separately.,"[""[\""tryg\"",\""snøscooter\"",\""ordinary\"",\""tryg-snoscooter-ansvar\"",null]"", ""[\""tryg\"",\""snøscooter\"",\""ordinary\"",\""tryg-snoscooter-brann-og-tyveri\"",null]"", ""[\""tryg\"",\""snøscooter\"",\""ordinary\"",\""tryg-snoscooter-kasko\"",null]""]",tryg-snoscooter-forerulykke,"[""catalog/sources/vehicle-extensions/tryg-odpdf-2001c3a6.pdf""]","[""2025-01-01""]",2,6,0,0,6,0,COMPLETE_WITH_RECORDED_GAPS,True,"PAU28002and28003separatesourcesandroles;optional,200k/100ksupported;qualifiersmissing.",COMPLETE,AVAILABLE_LOCAL_REVIEW_COMPLETE,False,REMEDIATION_REQUIRED,Includes exact component occurrences and recorded availability/scope questions; parent-product readiness separate.,,,,,
tryg,"[""Snøscooter""]",ordinary,tryg-snoscooter-ulykke,,Add-on has no own version dimension when null; linked source versions retained separately.,"[""[\""tryg\"",\""snøscooter\"",\""ordinary\"",\""tryg-snoscooter-ansvar\"",null]"", ""[\""tryg\"",\""snøscooter\"",\""ordinary\"",\""tryg-snoscooter-brann-og-tyveri\"",null]"", ""[\""tryg\"",\""snøscooter\"",\""ordinary\"",\""tryg-snoscooter-kasko\"",null]""]",tryg-snoscooter-ulykke,"[""catalog/sources/vehicle-extensions/tryg-odpdf-56716918.pdf""]","[""2024-07-01""]",2,6,0,0,6,0,COMPLETE_WITH_RECORDED_GAPS,True,"PAU28002and28003separatesourcesandroles;optional,200k/100ksupported;qualifiersmissing.",COMPLETE,AVAILABLE_LOCAL_REVIEW_COMPLETE,False,REMEDIATION_REQUIRED,Includes exact component occurrences and recorded availability/scope questions; parent-product readiness separate.,,,,,
tryg,"[""Bil""]",ordinary,bil-ekstra,,Add-on has no own version dimension when null; linked source versions retained separately.,"[""[\""tryg\"",\""bil\"",\""ordinary\"",\""bil-kasko\"",\""PAU25205\""]""]",bilEkstra,"[""catalog/sources/tryg/Bilforsikring-BilEkstra.pdf""]","[""2026-07-01""]",23,14,9,0,4,0,COMPLETE_WITH_RECORDED_GAPS,True,"Fullsourcepackageandallcomponentfactsreadwithmajorlimits/conditions/optionalstatus. Leiebil:temporallyinactiveatSep29snapshot,effectiveOct1nowavailable3Bilproducts;read-onlyprobeandseparateavailabilitynote,notasourceloss.",COMPLETE,AVAILABLE_LOCAL_REVIEW_COMPLETE,False,REMEDIATION_REQUIRED,Includes exact component occurrences and recorded availability/scope questions; parent-product readiness separate.,2026-10-01,,,,
tryg,"[""Bil""]",ordinary,elbil-ekstra,,Add-on has no own version dimension when null; linked source versions retained separately.,"[""[\""tryg\"",\""bil\"",\""ordinary\"",\""bil-kasko\"",\""PAU25205\""]""]",elbilEkstra,"[""catalog/sources/tryg/Bilforsikring-ElbilEkstra.pdf""]","[""2026-07-01""]",22,13,8,0,4,0,COMPLETE_WITH_RECORDED_GAPS,True,"Fullsourcepackageandallcomponentfactsreadwithmajorlimits/conditions/optionalstatus. Leiebil:temporallyinactiveatSep29snapshot,effectiveOct1nowavailable3Bilproducts;read-onlyprobeandseparateavailabilitynote,notasourceloss.",COMPLETE,AVAILABLE_LOCAL_REVIEW_COMPLETE,False,REMEDIATION_REQUIRED,Includes exact component occurrences and recorded availability/scope questions; parent-product readiness separate.,2026-10-01,,,,
tryg,"[""Bil""]",ordinary,leiebil,,Add-on has no own version dimension when null; linked source versions retained separately.,[],leiebil,"[""catalog/sources/tryg/Bilforsikring-Leiebil.pdf""]","[""2026-10-01""]",6,3,3,0,0,0,COMPLETE_WITH_RECORDED_GAPS,True,"Fullsourcepackageandallcomponentfactsreadwithmajorlimits/conditions/optionalstatus. Leiebil:temporallyinactiveatSep29snapshot,effectiveOct1nowavailable3Bilproducts;read-onlyprobeandseparateavailabilitynote,notasourceloss.",COMPLETE,AVAILABLE_LOCAL_REVIEW_COMPLETE,False,READY,Includes exact component occurrences and recorded availability/scope questions; parent-product readiness separate.,2026-10-01,,,,
tryg,"[""Bil""]",ordinary,maskinskade,,Add-on has no own version dimension when null; linked source versions retained separately.,"[""[\""tryg\"",\""bil\"",\""ordinary\"",\""bil-kasko\"",\""PAU25205\""]""]",maskinskade,"[""catalog/sources/tryg/Bilforsikring-Maskinskade.pdf""]","[""2026-08-01""]",13,5,3,0,2,0,COMPLETE_WITH_RECORDED_GAPS,True,"Fullsourcepackageandallcomponentfactsreadwithmajorlimits/conditions/optionalstatus. Leiebil:temporallyinactiveatSep29snapshot,effectiveOct1nowavailable3Bilproducts;read-onlyprobeandseparateavailabilitynote,notasourceloss.",COMPLETE,AVAILABLE_LOCAL_REVIEW_COMPLETE,False,REMEDIATION_REQUIRED,Includes exact component occurrences and recorded availability/scope questions; parent-product readiness separate.,2026-10-01,,,,
tryg,"[""Bil""]",ordinary,forer-passasjerulykke,,Add-on has no own version dimension when null; linked source versions retained separately.,"[""[\""tryg\"",\""bil\"",\""ordinary\"",\""bil-ansvar\"",\""PAU25003\""]"", ""[\""tryg\"",\""bil\"",\""ordinary\"",\""bil-delkasko\"",\""PAU25835\""]"", ""[\""tryg\"",\""bil\"",\""ordinary\"",\""bil-kasko\"",\""PAU25205\""]""]",ulykke,"[""catalog/sources/tryg/Fører- og Passasjerulykke.pdf""]","[""2024-07-01""]",4,12,6,0,6,0,COMPLETE_WITH_RECORDED_GAPS,True,"Fullsourcepackageandallcomponentfactsreadwithmajorlimits/conditions/optionalstatus. Leiebil:temporallyinactiveatSep29snapshot,effectiveOct1nowavailable3Bilproducts;read-onlyprobeandseparateavailabilitynote,notasourceloss.",COMPLETE,AVAILABLE_LOCAL_REVIEW_COMPLETE,False,READY_WITH_MINOR_GAPS,Includes exact component occurrences and recorded availability/scope questions; parent-product readiness separate.,2026-10-01,,,,
tryg,"[""Bil""]",ordinary,forer-passasjerulykke-ekstra,,Add-on has no own version dimension when null; linked source versions retained separately.,"[""[\""tryg\"",\""bil\"",\""ordinary\"",\""bil-ansvar\"",\""PAU25003\""]"", ""[\""tryg\"",\""bil\"",\""ordinary\"",\""bil-delkasko\"",\""PAU25835\""]"", ""[\""tryg\"",\""bil\"",\""ordinary\"",\""bil-kasko\"",\""PAU25205\""]""]",ulykkeEkstra,"[""catalog/sources/tryg/Fører- og passasjerulykke Ekstra.pdf""]","[""2024-05-01""]",6,9,6,0,3,0,COMPLETE_WITH_RECORDED_GAPS,True,"Fullsourcepackageandallcomponentfactsreadwithmajorlimits/conditions/optionalstatus. Leiebil:temporallyinactiveatSep29snapshot,effectiveOct1nowavailable3Bilproducts;read-onlyprobeandseparateavailabilitynote,notasourceloss.",COMPLETE,AVAILABLE_LOCAL_REVIEW_COMPLETE,False,READY_WITH_MINOR_GAPS,Includes exact component occurrences and recorded availability/scope questions; parent-product readiness separate.,2026-10-01,,,,
if,"[""Bil""]",ordinary,if-leiebil,,Add-on has no own version dimension when null; linked source versions retained separately.,"[""[\""if\"",\""bil\"",\""ordinary\"",\""if-bil-kasko\"",\""MOT2-2\""]"", ""[\""if\"",\""bil\"",\""ordinary\"",\""if-bil-super\"",\""MOT2-2\""]""]",ifLeiebil,"[""catalog/sources/if/Kjoretoyforsikring-MOT2-2.pdf""]","[""2024-03""]",6,10,6,0,4,0,COMPLETE,True,No optional component is treated as customer-selected. Available membership enumerated from exact runtime products/channel arguments; no compatible configuration exhaustiveness asserted.,COMPLETE,AVAILABLE_LOCAL_REVIEW_COMPLETE,False,REMEDIATION_REQUIRED,Includes exact component occurrences and recorded availability/scope questions; parent-product readiness separate.,,"FullMOT4.9/4.10 lest, alle egne katalogpåstander kontrollert, materielle mangler registrert; valgfri status riktig.",,,
if,"[""Bil""]",ordinary,if-motor-gir,,Add-on has no own version dimension when null; linked source versions retained separately.,"[""[\""if\"",\""bil\"",\""ordinary\"",\""if-bil-kasko\"",\""MOT2-2\""]"", ""[\""if\"",\""bil\"",\""ordinary\"",\""if-bil-super\"",\""MOT2-2\""]""]",ifMotorGir,"[""catalog/sources/if/Kjoretoyforsikring-MOT2-2.pdf""]","[""2024-03""]",8,10,6,2,2,0,COMPLETE,True,No optional component is treated as customer-selected. Available membership enumerated from exact runtime products/channel arguments; no compatible configuration exhaustiveness asserted.,COMPLETE,AVAILABLE_LOCAL_REVIEW_COMPLETE,False,REMEDIATION_REQUIRED,Includes exact component occurrences and recorded availability/scope questions; parent-product readiness separate.,,"FullMOT4.9/4.10 lest, alle egne katalogpåstander kontrollert, materielle mangler registrert; valgfri status riktig.",,,
gjensidige,"[""Bil""]",ordinary,gj-punktering,,Add-on has no own version dimension when null; linked source versions retained separately.,"[""[\""gjensidige\"",\""bil\"",\""ordinary\"",\""gj-bil-kasko\"",null]"", ""[\""gjensidige\"",\""bil\"",\""ordinary\"",\""gj-bil-pluss\"",null]""]",gjPunktering,"[""catalog/sources/gjensidige/Bil-Kasko-alminnelige-vilkar.pdf""]","[""UNKNOWN""]",4,6,0,0,6,0,COMPLETE,True,"Kasko/Pluss optional offering, limit/deductible/control and consequences reviewed; two missing material details recorded.",COMPLETE,AVAILABLE_LOCAL_REVIEW_COMPLETE,True,REMEDIATION_REQUIRED,Includes exact component occurrences and recorded availability/scope questions; parent-product readiness separate.,,,COMPLETE,,
gjensidige,"[""Bil""]",ordinary,gj-utvidet-utstyr,,Add-on has no own version dimension when null; linked source versions retained separately.,"[""[\""gjensidige\"",\""bil\"",\""ordinary\"",\""gj-bil-ansvar\"",null]"", ""[\""gjensidige\"",\""bil\"",\""ordinary\"",\""gj-bil-delkasko\"",null]"", ""[\""gjensidige\"",\""bil\"",\""ordinary\"",\""gj-bil-kasko\"",null]"", ""[\""gjensidige\"",\""bil\"",\""ordinary\"",\""gj-bil-pluss\"",null]""]",gjUtvidetUtstyr,"[""catalog/sources/gjensidige/Bilforsikring-Produktark-MOT01.pdf""]","[""UNKNOWN""]",1,8,0,0,0,4,COMPLETE,True,"Generic option and customer-specific sum/extent verified; exact four-level eligibility not proven by IPID, especially Ansvar. No guessed default or amount. FOLLOW-UP: audited availability statement separately from exact-level matrix; customer value properly reference-only. Available-local review closed with explicit research gate for unsupported level certainty, not a declaration all levels correct.",COMPLETE,AVAILABLE_LOCAL_REVIEW_COMPLETE,True,REVIEW_REQUIRED,Includes exact component occurrences and recorded availability/scope questions; parent-product readiness separate.,,,COMPLETE,,
gjensidige,"[""Bil""]",ordinary,gj-spesiallakk,,Add-on has no own version dimension when null; linked source versions retained separately.,"[""[\""gjensidige\"",\""bil\"",\""ordinary\"",\""gj-bil-ansvar\"",null]"", ""[\""gjensidige\"",\""bil\"",\""ordinary\"",\""gj-bil-delkasko\"",null]"", ""[\""gjensidige\"",\""bil\"",\""ordinary\"",\""gj-bil-kasko\"",null]"", ""[\""gjensidige\"",\""bil\"",\""ordinary\"",\""gj-bil-pluss\"",null]""]",gjSpesiallakk,"[""catalog/sources/gjensidige/Bilforsikring-Produktark-MOT01.pdf""]","[""UNKNOWN""]",1,8,0,0,0,4,COMPLETE,True,"Generic option and customer-specific sum/extent verified; exact four-level eligibility not proven by IPID, especially Ansvar. No guessed default or amount. FOLLOW-UP: audited availability statement separately from exact-level matrix; customer value properly reference-only. Available-local review closed with explicit research gate for unsupported level certainty, not a declaration all levels correct.",COMPLETE,AVAILABLE_LOCAL_REVIEW_COMPLETE,True,REVIEW_REQUIRED,Includes exact component occurrences and recorded availability/scope questions; parent-product readiness separate.,,,COMPLETE,,
gjensidige,"[""Bil""]",ordinary,gj-funksjonsutstyr,,Add-on has no own version dimension when null; linked source versions retained separately.,"[""[\""gjensidige\"",\""bil\"",\""ordinary\"",\""gj-bil-ansvar\"",null]"", ""[\""gjensidige\"",\""bil\"",\""ordinary\"",\""gj-bil-delkasko\"",null]"", ""[\""gjensidige\"",\""bil\"",\""ordinary\"",\""gj-bil-kasko\"",null]"", ""[\""gjensidige\"",\""bil\"",\""ordinary\"",\""gj-bil-pluss\"",null]""]",gjFunksjonsutstyr,"[""catalog/sources/gjensidige/Bilforsikring-Produktark-MOT01.pdf""]","[""UNKNOWN""]",1,8,0,0,0,4,COMPLETE,True,"Generic option and customer-specific sum/extent verified; exact four-level eligibility not proven by IPID, especially Ansvar. No guessed default or amount. FOLLOW-UP: audited availability statement separately from exact-level matrix; customer value properly reference-only. Available-local review closed with explicit research gate for unsupported level certainty, not a declaration all levels correct.",COMPLETE,AVAILABLE_LOCAL_REVIEW_COMPLETE,True,REVIEW_REQUIRED,Includes exact component occurrences and recorded availability/scope questions; parent-product readiness separate.,,,COMPLETE,,
storebrand,"[""Bil""]",ordinary,sb-leiebil,,Add-on has no own version dimension when null; linked source versions retained separately.,"[""[\""storebrand\"",\""bil\"",\""ordinary\"",\""sb-bil-kasko\"",\""motor09\""]"", ""[\""storebrand\"",\""bil\"",\""ordinary\"",\""sb-bil-super\"",\""motor09\""]""]",sbLeiebil,"[""catalog/sources/storebrand/vilkar-motorvognforsikring-motor09.pdf""]","[""2025-04-01""]",7,12,0,2,10,0,COMPLETE,True,BothKasko/Superrequirementchecked;full7/7.1/7.2read;exactclassC/I retained;missingsecondaryterms recorded. Optionalavailabilitynotselection.,COMPLETE,AVAILABLE_LOCAL_REVIEW_COMPLETE,False,REMEDIATION_REQUIRED,Includes exact component occurrences and recorded availability/scope questions; parent-product readiness separate.,,,COMPLETE,,
storebrand,"[""Bil""]",ordinary,sb-leiebil-utvidet,,Add-on has no own version dimension when null; linked source versions retained separately.,"[""[\""storebrand\"",\""bil\"",\""ordinary\"",\""sb-bil-kasko\"",\""motor09\""]"", ""[\""storebrand\"",\""bil\"",\""ordinary\"",\""sb-bil-super\"",\""motor09\""]""]",sbLeiebilUtvidet,"[""catalog/sources/storebrand/vilkar-motorvognforsikring-motor09.pdf""]","[""2025-04-01""]",7,12,0,2,10,0,COMPLETE,True,BothKasko/Superrequirementchecked;full7/7.1/7.2read;exactclassC/I retained;missingsecondaryterms recorded. Optionalavailabilitynotselection.,COMPLETE,AVAILABLE_LOCAL_REVIEW_COMPLETE,False,REMEDIATION_REQUIRED,Includes exact component occurrences and recorded availability/scope questions; parent-product readiness separate.,,,COMPLETE,,
sparebank1-fremtind,"[""Bil""]",ordinary,sb1-leiebil,,Add-on has no own version dimension when null; linked source versions retained separately.,"[""[\""sparebank1-fremtind\"",\""bil\"",\""ordinary\"",\""sb1-bil-kasko\"",\""PMO-357.001-004\""]"", ""[\""sparebank1-fremtind\"",\""bil\"",\""ordinary\"",\""sb1-bil-toppkasko\"",\""PMO-357.001-004\""]""]",sp1Leiebil,"[""catalog/sources/sparebank1-fremtind/Vilkar_leiebil.pdf""]","[""2025-09-18""]",6,4,4,0,0,0,COMPLETE_WITH_RECORDED_GAPS,True,"Generic active named add-on originals source-checked; optional Kasko/Topp, customer selection preserved. Explicit channel runtimeprobe reconciles SB1IDs excluded whenchannelNone. Independent channelweb authority remains source research limitation.",COMPLETE,AVAILABLE_LOCAL_REVIEW_COMPLETE,True,REVIEW_REQUIRED,Includes exact component occurrences and recorded availability/scope questions; parent-product readiness separate.,,,,,
sparebank1-fremtind,"[""Bil""]",ordinary,sb1-maskinskade,,Add-on has no own version dimension when null; linked source versions retained separately.,"[""[\""sparebank1-fremtind\"",\""bil\"",\""ordinary\"",\""sb1-bil-kasko\"",\""PMO-357.001-004\""]"", ""[\""sparebank1-fremtind\"",\""bil\"",\""ordinary\"",\""sb1-bil-toppkasko\"",\""PMO-357.001-004\""]""]",sp1Maskinskade,"[""catalog/sources/sparebank1-fremtind/Vilkar_maskinskade.pdf""]","[""2025-09-18""]",9,12,4,2,6,0,COMPLETE_WITH_RECORDED_GAPS,True,"Generic active named add-on originals source-checked; optional Kasko/Topp, customer selection preserved. Explicit channel runtimeprobe reconciles SB1IDs excluded whenchannelNone. Independent channelweb authority remains source research limitation.",COMPLETE,AVAILABLE_LOCAL_REVIEW_COMPLETE,True,REMEDIATION_REQUIRED,Includes exact component occurrences and recorded availability/scope questions; parent-product readiness separate.,,,,,
dnb-fremtind,"[""Bil""]",ordinary,dnb-leiebil,,Add-on has no own version dimension when null; linked source versions retained separately.,"[""[\""dnb-fremtind\"",\""bil\"",\""ordinary\"",\""dnb-bil-kasko\"",\""PMO-357.001-004\""]"", ""[\""dnb-fremtind\"",\""bil\"",\""ordinary\"",\""dnb-bil-topp\"",\""PMO-357.001-004\""]""]",sp1Leiebil,"[""catalog/sources/sparebank1-fremtind/Vilkar_leiebil.pdf""]","[""2025-09-18""]",6,4,4,0,0,0,COMPLETE_WITH_RECORDED_GAPS,True,"Generic active named add-on originals source-checked; optional Kasko/Topp, customer selection preserved. Explicit channel runtimeprobe reconciles SB1IDs excluded whenchannelNone. Independent channelweb authority remains source research limitation.",COMPLETE,AVAILABLE_LOCAL_REVIEW_COMPLETE,True,REVIEW_REQUIRED,Includes exact component occurrences and recorded availability/scope questions; parent-product readiness separate.,,,,,
dnb-fremtind,"[""Bil""]",ordinary,dnb-maskinskade,,Add-on has no own version dimension when null; linked source versions retained separately.,"[""[\""dnb-fremtind\"",\""bil\"",\""ordinary\"",\""dnb-bil-kasko\"",\""PMO-357.001-004\""]"", ""[\""dnb-fremtind\"",\""bil\"",\""ordinary\"",\""dnb-bil-topp\"",\""PMO-357.001-004\""]""]",sp1Maskinskade,"[""catalog/sources/sparebank1-fremtind/Vilkar_maskinskade.pdf""]","[""2025-09-18""]",9,12,4,2,6,0,COMPLETE_WITH_RECORDED_GAPS,True,"Generic active named add-on originals source-checked; optional Kasko/Topp, customer selection preserved. Explicit channel runtimeprobe reconciles SB1IDs excluded whenchannelNone. Independent channelweb authority remains source research limitation.",COMPLETE,AVAILABLE_LOCAL_REVIEW_COMPLETE,True,REMEDIATION_REQUIRED,Includes exact component occurrences and recorded availability/scope questions; parent-product readiness separate.,,,,,
eika-fremtind,"[""Bil""]",ordinary,eika-leiebil,,Add-on has no own version dimension when null; linked source versions retained separately.,"[""[\""eika-fremtind\"",\""bil\"",\""ordinary\"",\""eika-bil-kasko\"",\""PMO-357.001-004\""]"", ""[\""eika-fremtind\"",\""bil\"",\""ordinary\"",\""eika-bil-topp\"",\""PMO-357.001-004\""]""]",sp1Leiebil,"[""catalog/sources/sparebank1-fremtind/Vilkar_leiebil.pdf""]","[""2025-09-18""]",6,4,4,0,0,0,COMPLETE_WITH_RECORDED_GAPS,True,"Generic active named add-on originals source-checked; optional Kasko/Topp, customer selection preserved. Explicit channel runtimeprobe reconciles SB1IDs excluded whenchannelNone. Independent channelweb authority remains source research limitation.",COMPLETE,AVAILABLE_LOCAL_REVIEW_COMPLETE,True,REVIEW_REQUIRED,Includes exact component occurrences and recorded availability/scope questions; parent-product readiness separate.,,,,,
eika-fremtind,"[""Bil""]",ordinary,eika-maskinskade,,Add-on has no own version dimension when null; linked source versions retained separately.,"[""[\""eika-fremtind\"",\""bil\"",\""ordinary\"",\""eika-bil-kasko\"",\""PMO-357.001-004\""]"", ""[\""eika-fremtind\"",\""bil\"",\""ordinary\"",\""eika-bil-topp\"",\""PMO-357.001-004\""]""]",sp1Maskinskade,"[""catalog/sources/sparebank1-fremtind/Vilkar_maskinskade.pdf""]","[""2025-09-18""]",9,12,4,2,6,0,COMPLETE_WITH_RECORDED_GAPS,True,"Generic active named add-on originals source-checked; optional Kasko/Topp, customer selection preserved. Explicit channel runtimeprobe reconciles SB1IDs excluded whenchannelNone. Independent channelweb authority remains source research limitation.",COMPLETE,AVAILABLE_LOCAL_REVIEW_COMPLETE,True,REMEDIATION_REQUIRED,Includes exact component occurrences and recorded availability/scope questions; parent-product readiness separate.,,,,,
fremtind,"[""Bil""]",ordinary,fremtind-leiebil,,Add-on has no own version dimension when null; linked source versions retained separately.,"[""[\""fremtind\"",\""bil\"",\""ordinary\"",\""fremtind-bil-kasko\"",\""PMO-357.001-004\""]"", ""[\""fremtind\"",\""bil\"",\""ordinary\"",\""fremtind-bil-topp\"",\""PMO-357.001-004\""]""]",sp1Leiebil,"[""catalog/sources/sparebank1-fremtind/Vilkar_leiebil.pdf""]","[""2025-09-18""]",6,4,4,0,0,0,COMPLETE_WITH_RECORDED_GAPS,True,"Generic active named add-on originals source-checked; optional Kasko/Topp, customer selection preserved. Explicit channel runtimeprobe reconciles SB1IDs excluded whenchannelNone. Independent channelweb authority remains source research limitation.",COMPLETE,AVAILABLE_LOCAL_REVIEW_COMPLETE,True,REVIEW_REQUIRED,Includes exact component occurrences and recorded availability/scope questions; parent-product readiness separate.,,,,,
fremtind,"[""Bil""]",ordinary,fremtind-maskinskade,,Add-on has no own version dimension when null; linked source versions retained separately.,"[""[\""fremtind\"",\""bil\"",\""ordinary\"",\""fremtind-bil-kasko\"",\""PMO-357.001-004\""]"", ""[\""fremtind\"",\""bil\"",\""ordinary\"",\""fremtind-bil-topp\"",\""PMO-357.001-004\""]""]",sp1Maskinskade,"[""catalog/sources/sparebank1-fremtind/Vilkar_maskinskade.pdf""]","[""2025-09-18""]",9,12,4,2,6,0,COMPLETE_WITH_RECORDED_GAPS,True,"Generic active named add-on originals source-checked; optional Kasko/Topp, customer selection preserved. Explicit channel runtimeprobe reconciles SB1IDs excluded whenchannelNone. Independent channelweb authority remains source research limitation.",COMPLETE,AVAILABLE_LOCAL_REVIEW_COMPLETE,True,REMEDIATION_REQUIRED,Includes exact component occurrences and recorded availability/scope questions; parent-product readiness separate.,,,,,
fremtind,"[""Bil""]",ordinary,fremtind-sb1-leiebil,,Add-on has no own version dimension when null; linked source versions retained separately.,"[""[\""fremtind\"",\""bil\"",\""ordinary\"",\""fremtind-bil-kasko\"",\""PMO-357.001-004\""]"", ""[\""fremtind\"",\""bil\"",\""ordinary\"",\""fremtind-bil-topp\"",\""PMO-357.001-004\""]""]",sp1Leiebil,"[""catalog/sources/sparebank1-fremtind/Vilkar_leiebil.pdf""]","[""2025-09-18""]",6,4,4,0,0,0,COMPLETE_WITH_RECORDED_GAPS,True,"Generic active named add-on originals source-checked; optional Kasko/Topp, customer selection preserved. Explicit channel runtimeprobe reconciles SB1IDs excluded whenchannelNone. Independent channelweb authority remains source research limitation.",COMPLETE,AVAILABLE_LOCAL_REVIEW_COMPLETE,True,REVIEW_REQUIRED,Includes exact component occurrences and recorded availability/scope questions; parent-product readiness separate.,,,,SpareBank 1,runtime-fremtind-channel-probe.json
fremtind,"[""Bil""]",ordinary,fremtind-sb1-maskinskade,,Add-on has no own version dimension when null; linked source versions retained separately.,"[""[\""fremtind\"",\""bil\"",\""ordinary\"",\""fremtind-bil-kasko\"",\""PMO-357.001-004\""]"", ""[\""fremtind\"",\""bil\"",\""ordinary\"",\""fremtind-bil-topp\"",\""PMO-357.001-004\""]""]",sp1Maskinskade,"[""catalog/sources/sparebank1-fremtind/Vilkar_maskinskade.pdf""]","[""2025-09-18""]",9,12,4,2,6,0,COMPLETE_WITH_RECORDED_GAPS,True,"Generic active named add-on originals source-checked; optional Kasko/Topp, customer selection preserved. Explicit channel runtimeprobe reconciles SB1IDs excluded whenchannelNone. Independent channelweb authority remains source research limitation.",COMPLETE,AVAILABLE_LOCAL_REVIEW_COMPLETE,True,REMEDIATION_REQUIRED,Includes exact component occurrences and recorded availability/scope questions; parent-product readiness separate.,,,,SpareBank 1,runtime-fremtind-channel-probe.json
frende,"[""Bil""]",ordinary,frende-leiebil,,Add-on has no own version dimension when null; linked source versions retained separately.,"[""[\""frende\"",\""bil\"",\""ordinary\"",\""frende-bil-kasko\"",\""2026-01-01\""]"", ""[\""frende\"",\""bil\"",\""ordinary\"",\""frende-bil-utvidet\"",\""2026-01-01\""]""]",frendeLeiebil,"[""catalog/sources/frende/Vilkar_kjoretoyforsikring.pdf""]","[""2026-01-01""]",4,8,6,0,2,0,COMPLETE,True,Bil rental exactscope/durations/cash fullyaudited; triggeringconditiongap recorded.,COMPLETE,AVAILABLE_LOCAL_REVIEW_COMPLETE,False,REMEDIATION_REQUIRED,Includes exact component occurrences and recorded availability/scope questions; parent-product readiness separate.,,,COMPLETE,,
frende,"[""Bil""]",ordinary,frende-maskinskade,,Add-on has no own version dimension when null; linked source versions retained separately.,"[""[\""frende\"",\""bil\"",\""ordinary\"",\""frende-bil-kasko\"",\""2026-01-01\""]"", ""[\""frende\"",\""bil\"",\""ordinary\"",\""frende-bil-utvidet\"",\""2026-01-01\""]""]",frendeMaskinskade,"[""catalog/sources/frende/Vilkar_kjoretoyforsikring.pdf""]","[""2026-01-01""]",7,12,2,2,6,0,COMPLETE,True,"Allclauses read; agewordinginternalconflict and leasedexclusionIPIDattribution unresolved; component/unntakgaps recorded. FOLLOW-UP: all locally available availability/limits/conditions/provenance checked. Completion denotes available-local audit closure with external applicability gate, not certainty of conflicting age/level/cash words. Customer selected status not inferred.",COMPLETE,AVAILABLE_LOCAL_REVIEW_COMPLETE,True,REMEDIATION_REQUIRED,Includes exact component occurrences and recorded availability/scope questions; parent-product readiness separate.,,,COMPLETE,,
tryg,"[""Innbo""]",ordinary,tryg-innbo-utleie,,Add-on has no own version dimension when null; linked source versions retained separately.,"[""[\""tryg\"",\""innbo\"",\""ordinary\"",\""tryg-innbo\"",\""2026-07-01\""]"", ""[\""tryg\"",\""innbo\"",\""ordinary\"",\""tryg-innbo-ekstra\"",\""2026-07-01\""]""]",trygInnboUtleie,"[""catalog/sources/tryg/innbo/Utleie_PPK13306.pdf""]","[""2026-01-01""]",6,8,4,2,2,0,COMPLETE_WITH_RECORDED_GAPS,True,"Both applicable products; six numerical facts supported; optional status, household scope, trigger/exclusions and settlement reviewed.",COMPLETE,AVAILABLE_LOCAL_REVIEW_COMPLETE,False,READY_WITH_MINOR_GAPS,Includes exact component occurrences and recorded availability/scope questions; parent-product readiness separate.,,,,,
gjensidige,"[""Innbo""]",ordinary,gj-innbo-utleie,,Add-on has no own version dimension when null; linked source versions retained separately.,"[""[\""gjensidige\"",\""innbo\"",\""ordinary\"",\""gj-innbo-pluss\"",null]""]",gjInnboUtleie,"[""catalog/sources/gjensidige/innbo/Gjensidige_Innbo_Pluss_alminnelige_vilkar.pdf""]","[""Ikke oppgitt""]",5,3,0,0,2,0,COMPLETE,True,"ExplicitPlussbevis selection,6m/20k,lease/security,10krent-only deductible reviewed. Wrong vandalismdeductible and missing contractqualifiers recorded.",COMPLETE,AVAILABLE_LOCAL_REVIEW_COMPLETE,True,REMEDIATION_REQUIRED,Includes exact component occurrences and recorded availability/scope questions; parent-product readiness separate.,,,COMPLETE,,
gjensidige,"[""Innbo""]",ordinary,gj-innbo-sykkel-hoyere-sum,,Add-on has no own version dimension when null; linked source versions retained separately.,"[""[\""gjensidige\"",\""innbo\"",\""ordinary\"",\""gj-innbo-pluss\"",null]""]",gjInnboSykkelUtvidelse,"[""catalog/sources/gjensidige/innbo/Gjensidige_Innbo_Pluss_alminnelige_vilkar.pdf""]","[""Ikke oppgitt""]",1,1,0,0,0,0,COMPLETE,True,"IPID2higherchosen sum; fullpackage no exact levels. Source applicability for Standard versusPluss remains uncertain; no amount invented. FOLLOW-UP local closure: all local full terms/IPID/HTML checked, no missing review pages. Bicycle actual higher sum is customer-specific; Standard versusPluss availability remains an explicit source-scope gap, not a fabricated amount.",COMPLETE,AVAILABLE_LOCAL_REVIEW_COMPLETE,True,REVIEW_REQUIRED,Includes exact component occurrences and recorded availability/scope questions; parent-product readiness separate.,,,COMPLETE,,
frende,"[""Innbo""]",ordinary,frende-innbo-uhell,,Add-on has no own version dimension when null; linked source versions retained separately.,"[""[\""frende\"",\""innbo\"",\""ordinary\"",\""frende-innbo-standard\"",\""2026-09-01\""]""]",frendeInnboUhell,"[""catalog/sources/frende/innbo/Vilkar_innboforsikring_01092026.pdf""]","[""Ikke oppgitt""]",7,6,5,0,1,0,COMPLETE,True,All7addonclaims checked; fullsection11+6.7+geography read; optional selection protected. Newerfullterms versus olderIPID skadedyr wording flagged; no inferred payout.,COMPLETE,AVAILABLE_LOCAL_REVIEW_COMPLETE,False,REMEDIATION_REQUIRED,Includes exact component occurrences and recorded availability/scope questions; parent-product readiness separate.,,,COMPLETE,,
tryg,"[""Hus""]",ordinary,tryg-hus-rate-skadedyr,,Add-on has no own version dimension when null; linked source versions retained separately.,"[""[\""tryg\"",\""bolig\"",\""ordinary\"",\""tryg-hus\"",\""2026-01-01\""]"", ""[\""tryg\"",\""bolig\"",\""ordinary\"",\""tryg-hus-ekstra\"",\""2026-01-01\""]""]",trygHusRot,"[""catalog/sources/tryg/hus/05000PF405.pdf"", ""catalog/sources/tryg/hus/05PPK40501.pdf"", ""catalog/sources/tryg/hus/05PPK40502.pdf""]","[""2025-01-01"", ""2026-01-01"", ""UNKNOWN""]",24,18,12,0,6,0,COMPLETE_WITH_RECORDED_GAPS,True,All material availability/scope/status/limits/conditions/provenance checked across both house levels. Numerical boundary controls positive; minorP2settlementdetails flagged.,COMPLETE,AVAILABLE_LOCAL_REVIEW_COMPLETE,False,READY_WITH_MINOR_GAPS,Includes exact component occurrences and recorded availability/scope questions; parent-product readiness separate.,,,,,
tryg,"[""Hus""]",ordinary,tryg-hus-utleie,,Add-on has no own version dimension when null; linked source versions retained separately.,"[""[\""tryg\"",\""bolig\"",\""ordinary\"",\""tryg-hus\"",\""2026-01-01\""]"", ""[\""tryg\"",\""bolig\"",\""ordinary\"",\""tryg-hus-ekstra\"",\""2026-01-01\""]""]",trygHusRental,"[""catalog/sources/tryg/hus/05000PF121.pdf"", ""catalog/sources/tryg/hus/05PPK11506.pdf""]","[""2026-01-01"", ""UNKNOWN""]",8,6,4,0,2,0,COMPLETE_WITH_RECORDED_GAPS,True,All material availability/scope/status/limits/conditions/provenance checked across both house levels. Numerical boundary controls positive; minorP2settlementdetails flagged.,COMPLETE,AVAILABLE_LOCAL_REVIEW_COMPLETE,False,READY_WITH_MINOR_GAPS,Includes exact component occurrences and recorded availability/scope questions; parent-product readiness separate.,,,,,
storebrand,"[""Hus""]",ordinary,storebrand-hus-utleie,,Add-on has no own version dimension when null; linked source versions retained separately.,"[""[\""storebrand\"",\""bolig\"",\""ordinary\"",\""storebrand-hus-standard\"",\""2025-08-15\""]"", ""[\""storebrand\"",\""bolig\"",\""ordinary\"",\""storebrand-hus-super\"",\""2025-08-15\""]""]",storebrandHusRental,"[""catalog/sources/storebrand/hus/Vilkar-utleieforsikring-UTLEI03.pdf""]","[""10/2025""]",6,16,6,2,6,0,COMPLETE,True,"Full9pUTLEI03 and HUS10F read;6claims and8sourcefirstrules scoped separately. Applicability max3 and transfer exception needs clarification. Optional != selected. FOLLOW-UP: optional availability and all6claims/8rules reviewed; HUS10F vsUTLEI03 conflicting applicability retained as final research gate, not unresolved reading. No selected status inferred. Exact max3/transfer terms require clarification before remediation.",COMPLETE,AVAILABLE_LOCAL_REVIEW_COMPLETE,True,REMEDIATION_REQUIRED,Includes exact component occurrences and recorded availability/scope questions; parent-product readiness separate.,,,COMPLETE,,
gjensidige,"[""Hus""]",ordinary,gjensidige-hus-utleie,,Add-on has no own version dimension when null; linked source versions retained separately.,"[""[\""gjensidige\"",\""bolig\"",\""ordinary\"",\""gjensidige-hus\"",\""Alminnelige vilkår\""]"", ""[\""gjensidige\"",\""bolig\"",\""ordinary\"",\""gjensidige-hus-pluss\"",\""Alminnelige vilkår\""]""]",gjensidigeHusRental,"[""catalog/sources/gjensidige/hus/Hus-Standard-alminnelige-vilkar.pdf""]","[""Alminnelige vilkår""]",5,8,2,0,6,0,COMPLETE,True,"Availability,selected-vsoptional,scope,materiallimits/conditions andprovenance reviewed acrossfullpackage. Gaps/conflicts retained; reviewcomplete is not gapfree.",COMPLETE,AVAILABLE_LOCAL_REVIEW_COMPLETE,True,REMEDIATION_REQUIRED,Includes exact component occurrences and recorded availability/scope questions; parent-product readiness separate.,,,COMPLETE,,
gjensidige,"[""Hus""]",ordinary,gjensidige-hus-rate-insekter,,Add-on has no own version dimension when null; linked source versions retained separately.,"[""[\""gjensidige\"",\""bolig\"",\""ordinary\"",\""gjensidige-hus\"",\""Alminnelige vilkår\""]""]",gjensidigeHusRotOption,"[""catalog/sources/gjensidige/hus/Hus-Pluss-alminnelige-vilkar.pdf""]","[""Alminnelige vilkår""]",5,5,1,0,2,0,COMPLETE,True,"Availability,selected-vsoptional,scope,materiallimits/conditions andprovenance reviewed acrossfullpackage. Gaps/conflicts retained; reviewcomplete is not gapfree.",COMPLETE,AVAILABLE_LOCAL_REVIEW_COMPLETE,True,REMEDIATION_REQUIRED,Includes exact component occurrences and recorded availability/scope questions; parent-product readiness separate.,,,COMPLETE,,
gjensidige,"[""Hus""]",ordinary,gjensidige-hus-smart,,Add-on has no own version dimension when null; linked source versions retained separately.,"[""[\""gjensidige\"",\""bolig\"",\""ordinary\"",\""gjensidige-hus\"",\""Alminnelige vilkår\""]"", ""[\""gjensidige\"",\""bolig\"",\""ordinary\"",\""gjensidige-hus-pluss\"",\""Alminnelige vilkår\""]""]",gjensidigeHusSmart,"[""catalog/sources/gjensidige/hus/Hus-Smart-alarmvilkar.html"", ""catalog/sources/gjensidige/hus/Hus-Smart-produktside.html""]","[""Kontrollert 2026-09-20""]",3,18,2,0,16,0,COMPLETE,True,"Availability,selected-vsoptional,scope,materiallimits/conditions andprovenance reviewed acrossfullpackage. Gaps/conflicts retained; reviewcomplete is not gapfree.",COMPLETE,AVAILABLE_LOCAL_REVIEW_COMPLETE,True,REMEDIATION_REQUIRED,Includes exact component occurrences and recorded availability/scope questions; parent-product readiness separate.,,,COMPLETE,,
fremtind,"[""Hus""]",ordinary,fremtind-hus-rate-insekter,,Add-on has no own version dimension when null; linked source versions retained separately.,"[""[\""fremtind\"",\""bolig\"",\""ordinary\"",\""fremtind-hus-standard\"",\""PBK-200.100-015+PBK-200.200-010\""]"", ""[\""fremtind\"",\""bolig\"",\""ordinary\"",\""fremtind-hus-topp\"",\""PBK-200.100-015+PBK-200.200-010\""]""]",fremtindHusRot,"[""catalog/sources/fremtind/hus/canonical/Vilkar_Sopp_og_Rate_valgbar.pdf""]","[""009""]",5,8,4,0,4,0,COMPLETE,True,"Both level applicability, optional status, limits, major qualifications and exclusions, deductibles and source provenance checked against independent inventory; positive control plus gaps retained.",COMPLETE,AVAILABLE_LOCAL_REVIEW_COMPLETE,False,REMEDIATION_REQUIRED,Includes exact component occurrences and recorded availability/scope questions; parent-product readiness separate.,,,,,
fremtind,"[""Hus""]",ordinary,fremtind-hus-utleie,,Add-on has no own version dimension when null; linked source versions retained separately.,"[""[\""fremtind\"",\""bolig\"",\""ordinary\"",\""fremtind-hus-standard\"",\""PBK-200.100-015+PBK-200.200-010\""]"", ""[\""fremtind\"",\""bolig\"",\""ordinary\"",\""fremtind-hus-topp\"",\""PBK-200.100-015+PBK-200.200-010\""]""]",fremtindHusRental,"[""catalog/sources/fremtind/hus/canonical/Vilkar_Utleie_valgbar.pdf""]","[""007""]",5,12,8,2,2,0,COMPLETE,True,"Both level applicability, optional status, limits, major qualifications and exclusions, deductibles and source provenance checked against independent inventory; positive control plus gaps retained.",COMPLETE,AVAILABLE_LOCAL_REVIEW_COMPLETE,False,READY_WITH_MINOR_GAPS,Includes exact component occurrences and recorded availability/scope questions; parent-product readiness separate.,,,,,
frende,"[""Hus""]",ordinary,frende-hus-rate-skadedyr,,Add-on has no own version dimension when null; linked source versions retained separately.,"[""[\""frende\"",\""bolig\"",\""ordinary\"",\""frende-hus-standard\"",\""2026-09-01\""]"", ""[\""frende\"",\""bolig\"",\""ordinary\"",\""frende-hus-utvidet\"",\""2026-09-01\""]""]",frendeHusRot,"[""catalog/sources/frende/hus/canonical/Vilkar-husforsikring.pdf""]","[""Ikke oppgitt""]",4,8,8,0,0,0,COMPLETE,True,Exactaddon fullterms+baseprerequisites+bothproducts reviewed. Optionality retained. Detailed source omissions listed; raw source age/sourcehierarchy not generalized.,COMPLETE,AVAILABLE_LOCAL_REVIEW_COMPLETE,False,READY,Includes exact component occurrences and recorded availability/scope questions; parent-product readiness separate.,,,COMPLETE,,
frende,"[""Hus""]",ordinary,frende-hus-utleie,,Add-on has no own version dimension when null; linked source versions retained separately.,"[""[\""frende\"",\""bolig\"",\""ordinary\"",\""frende-hus-standard\"",\""2026-09-01\""]"", ""[\""frende\"",\""bolig\"",\""ordinary\"",\""frende-hus-utvidet\"",\""2026-09-01\""]""]",frendeHusRental,"[""catalog/sources/frende/hus/canonical/Vilkar-husforsikring.pdf""]","[""Ikke oppgitt""]",3,4,2,0,2,0,COMPLETE,True,Exactaddon fullterms+baseprerequisites+bothproducts reviewed. Optionality retained. Detailed source omissions listed; raw source age/sourcehierarchy not generalized.,COMPLETE,AVAILABLE_LOCAL_REVIEW_COMPLETE,True,REMEDIATION_REQUIRED,Includes exact component occurrences and recorded availability/scope questions; parent-product readiness separate.,,,COMPLETE,,
tryg,"[""Reise""]",ordinary,tryg-reise-ulykke,,Add-on has no own version dimension when null; linked source versions retained separately.,"[""[\""tryg\"",\""reise\"",\""ordinary\"",\""tryg-reise\"",\""2026-09-20-canonical\""]""]",trygReiseAccident,"[""catalog/sources/tryg/reise/canonical/PRF46010-Ulykke-Ulykke-Ekstra.pdf""]","[""PRF46010""]",4,6,2,0,4,0,COMPLETE_WITH_RECORDED_GAPS,True,Availability/optional status and level-specific sums correct; material accident/occupation/death timing restrictions missing.,COMPLETE,AVAILABLE_LOCAL_REVIEW_COMPLETE,False,REMEDIATION_REQUIRED,Includes exact component occurrences and recorded availability/scope questions; parent-product readiness separate.,,,,,
tryg,"[""Reise""]",ordinary,tryg-reise-ulykke-ekstra,,Add-on has no own version dimension when null; linked source versions retained separately.,"[""[\""tryg\"",\""reise\"",\""ordinary\"",\""tryg-reise-ekstra\"",\""2026-09-20-canonical\""]""]",trygReiseAccidentExtra,"[""catalog/sources/tryg/reise/canonical/PRF46010-Ulykke-Ulykke-Ekstra.pdf""]","[""PRF46010""]",4,6,2,0,4,0,COMPLETE_WITH_RECORDED_GAPS,True,Availability/optional status and level-specific sums correct; material accident/occupation/death timing restrictions missing.,COMPLETE,AVAILABLE_LOCAL_REVIEW_COMPLETE,False,REMEDIATION_REQUIRED,Includes exact component occurrences and recorded availability/scope questions; parent-product readiness separate.,,,,,
tryg,"[""MC""]",ordinary,tryg-mc-ulykke,,Add-on has no own version dimension when null; linked source versions retained separately.,"[""[\""tryg\"",\""mc\"",\""ordinary\"",\""tryg-mc-ansvar\"",\""2026-07-01\""]"", ""[\""tryg\"",\""mc\"",\""ordinary\"",\""tryg-mc-delkasko\"",\""2026-01-01\""]"", ""[\""tryg\"",\""mc\"",\""ordinary\"",\""tryg-mc-kasko\"",\""2026-07-01\""]""]",tryg-mc-ulykke,"[""catalog/sources/tryg/Fører- og Passasjerulykke.pdf""]","[""2024-07-01""]",4,9,3,0,6,0,COMPLETE_WITH_RECORDED_GAPS,True,Fulloriginalscopedtoexacttype/level;optionalnotselected;Bobilmotor100kkmcomponentgapandentrywordingconflictrecorded.,COMPLETE,AVAILABLE_LOCAL_REVIEW_COMPLETE,False,READY_WITH_MINOR_GAPS,Includes exact component occurrences and recorded availability/scope questions; parent-product readiness separate.,,,,,
tryg,"[""MC""]",ordinary,tryg-mc-ulykke-ekstra,,Add-on has no own version dimension when null; linked source versions retained separately.,"[""[\""tryg\"",\""mc\"",\""ordinary\"",\""tryg-mc-mc-ekstra\"",\""2026-07-01\""]""]",tryg-mc-ulykke-ekstra,"[""catalog/sources/mc-bobil/tryg-05PAU27010.pdf"", ""catalog/sources/tryg/Fører- og Passasjerulykke.pdf""]","[""2024-07-01"", ""2026-07-01""]",4,4,2,0,2,0,COMPLETE_WITH_RECORDED_GAPS,True,Fulloriginalscopedtoexacttype/level;optionalnotselected;Bobilmotor100kkmcomponentgapandentrywordingconflictrecorded.,COMPLETE,AVAILABLE_LOCAL_REVIEW_COMPLETE,False,READY_WITH_MINOR_GAPS,Includes exact component occurrences and recorded availability/scope questions; parent-product readiness separate.,,,,,
tryg,"[""Bobil""]",ordinary,tryg-bobil-ulykke,,Add-on has no own version dimension when null; linked source versions retained separately.,"[""[\""tryg\"",\""bobil\"",\""ordinary\"",\""tryg-bobil-ansvar\"",\""2026-07-01\""]"", ""[\""tryg\"",\""bobil\"",\""ordinary\"",\""tryg-bobil-delkasko\"",\""2026-01-01\""]"", ""[\""tryg\"",\""bobil\"",\""ordinary\"",\""tryg-bobil-kasko\"",\""2026-01-01\""]"", ""[\""tryg\"",\""bobil\"",\""ordinary\"",\""tryg-bobil-bobil-ekstra\"",\""2026-07-01\""]""]",tryg-bobil-ulykke,"[""catalog/sources/tryg/Fører- og Passasjerulykke.pdf""]","[""2024-07-01""]",4,12,4,0,8,0,COMPLETE_WITH_RECORDED_GAPS,True,Fulloriginalscopedtoexacttype/level;optionalnotselected;Bobilmotor100kkmcomponentgapandentrywordingconflictrecorded.,COMPLETE,AVAILABLE_LOCAL_REVIEW_COMPLETE,False,READY_WITH_MINOR_GAPS,Includes exact component occurrences and recorded availability/scope questions; parent-product readiness separate.,,,,,
tryg,"[""Bobil""]",ordinary,tryg-bobil-maskinskade,,Add-on has no own version dimension when null; linked source versions retained separately.,"[""[\""tryg\"",\""bobil\"",\""ordinary\"",\""tryg-bobil-kasko\"",\""2026-01-01\""]"", ""[\""tryg\"",\""bobil\"",\""ordinary\"",\""tryg-bobil-bobil-ekstra\"",\""2026-07-01\""]""]",tryg-bobil-maskinskade,"[""catalog/sources/tryg/Bilforsikring-Maskinskade.pdf""]","[""2026-08-01""]",5,4,2,0,2,0,COMPLETE_WITH_RECORDED_GAPS,True,Fulloriginalscopedtoexacttype/level;optionalnotselected;Bobilmotor100kkmcomponentgapandentrywordingconflictrecorded.,COMPLETE,AVAILABLE_LOCAL_REVIEW_COMPLETE,False,REMEDIATION_REQUIRED,Includes exact component occurrences and recorded availability/scope questions; parent-product readiness separate.,,,,,
if,"[""MC""]",ordinary,if-mc-motor-gir,,Add-on has no own version dimension when null; linked source versions retained separately.,"[""[\""if\"",\""mc\"",\""ordinary\"",\""if-mc-kasko\"",\""2024-03\""]""]",if-mc-motor-gir,"[""catalog/sources/vehicle-extensions/if-Vilkaar-4103ea25.pdf"", ""catalog/sources/vehicle-extensions/if-Vilkaar-df7c20ba.pdf"", ""catalog/sources/mc-bobil/if-SV692.pdf"", ""catalog/sources/mc-bobil/if-mc-ipid.pdf"", ""catalog/sources/mc-bobil/if-mc-product.html""]","[""2020-11"", ""UNKNOWN""]",6,5,2,0,3,0,COMPLETE,True,No optional component is treated as customer-selected. Available membership enumerated from exact runtime products/channel arguments; no compatible configuration exhaustiveness asserted.,COMPLETE,AVAILABLE_LOCAL_REVIEW_COMPLETE,False,REMEDIATION_REQUIRED,Includes exact component occurrences and recorded availability/scope questions; parent-product readiness separate.,,Alle egne tilleggskilder lest og påstander kontrollert; valgfrie dekninger forblir valgfrie. Tap av kvalifikasjoner er registrert.,,,
if,"[""Bobil""]",ordinary,if-bobil-leiebil,,Add-on has no own version dimension when null; linked source versions retained separately.,"[""[\""if\"",\""bobil\"",\""ordinary\"",\""if-bobil-kasko\"",\""2024-03\""]"", ""[\""if\"",\""bobil\"",\""ordinary\"",\""if-bobil-super\"",\""2022-06\""]""]",if-bobil-leiebil,"[""catalog/sources/vehicle-extensions/if-Vilkaar-4103ea25.pdf"", ""catalog/sources/vehicle-extensions/if-Vilkaar-df7c20ba.pdf"", ""catalog/sources/mc-bobil/if-SV707.pdf"", ""catalog/sources/mc-bobil/if-bobil-ipid.pdf"", ""catalog/sources/mc-bobil/if-bobil-product.html""]","[""2022-06"", ""2024-03""]",4,10,2,0,8,0,COMPLETE,True,No optional component is treated as customer-selected. Available membership enumerated from exact runtime products/channel arguments; no compatible configuration exhaustiveness asserted.,COMPLETE,AVAILABLE_LOCAL_REVIEW_COMPLETE,False,REMEDIATION_REQUIRED,Includes exact component occurrences and recorded availability/scope questions; parent-product readiness separate.,,Alle egne tilleggskilder lest og påstander kontrollert; valgfrie dekninger forblir valgfrie. Tap av kvalifikasjoner er registrert.,,,
if,"[""Bobil""]",ordinary,if-bobil-motor-gir,,Add-on has no own version dimension when null; linked source versions retained separately.,"[""[\""if\"",\""bobil\"",\""ordinary\"",\""if-bobil-kasko\"",\""2024-03\""]"", ""[\""if\"",\""bobil\"",\""ordinary\"",\""if-bobil-super\"",\""2022-06\""]""]",if-bobil-motor-gir,"[""catalog/sources/vehicle-extensions/if-Vilkaar-4103ea25.pdf"", ""catalog/sources/vehicle-extensions/if-Vilkaar-df7c20ba.pdf"", ""catalog/sources/mc-bobil/if-SV707.pdf"", ""catalog/sources/mc-bobil/if-bobil-ipid.pdf"", ""catalog/sources/mc-bobil/if-bobil-product.html""]","[""2022-06"", ""2024-03"", ""UNKNOWN""]",7,12,6,0,6,0,COMPLETE,True,No optional component is treated as customer-selected. Available membership enumerated from exact runtime products/channel arguments; no compatible configuration exhaustiveness asserted.,COMPLETE,AVAILABLE_LOCAL_REVIEW_COMPLETE,False,REMEDIATION_REQUIRED,Includes exact component occurrences and recorded availability/scope questions; parent-product readiness separate.,,Alle egne tilleggskilder lest og påstander kontrollert; valgfrie dekninger forblir valgfrie. Tap av kvalifikasjoner er registrert.,,,
gjensidige,"[""Bobil""]",ordinary,gjensidige-bobil-utleie,,Add-on has no own version dimension when null; linked source versions retained separately.,"[""[\""gjensidige\"",\""bobil\"",\""ordinary\"",\""gjensidige-bobil-delkasko\"",null]"", ""[\""gjensidige\"",\""bobil\"",\""ordinary\"",\""gjensidige-bobil-kasko\"",null]"", ""[\""gjensidige\"",\""bobil\"",\""ordinary\"",\""gjensidige-bobil-pluss\"",null]""]",gjensidige-bobil-utleie,"[""catalog/sources/mc-bobil/gjensidige-bobil-produkt.html""]","[""UNKNOWN""]",1,6,3,0,0,0,COMPLETE,True,"No optional component is treated as customer-selected. Available membership enumerated from exact runtime products/channel arguments; no compatible configuration exhaustiveness asserted. FOLLOW-UP local closure: all local full terms/IPID/HTML checked, no missing review pages. MOT08 confirms generic optional availability; rental HTML explicitly scopes Delkasko/Kasko/Pluss. Full extension conditions and customer-specific sums not supplied by local package. Fortelt exact level applicability is not proved by generic IPID list alone; retain source research gate.",COMPLETE,AVAILABLE_LOCAL_REVIEW_COMPLETE,True,SOURCE_INSUFFICIENT,Includes exact component occurrences and recorded availability/scope questions; parent-product readiness separate.,,Exact availability inDelkasko/Kasko/Pluss reviewed; selected customer amount and full extension conditions absent from local package.,COMPLETE,,
gjensidige,"[""Bobil""]",ordinary,gjensidige-bobil-fortelt,,Add-on has no own version dimension when null; linked source versions retained separately.,"[""[\""gjensidige\"",\""bobil\"",\""ordinary\"",\""gjensidige-bobil-delkasko\"",null]"", ""[\""gjensidige\"",\""bobil\"",\""ordinary\"",\""gjensidige-bobil-kasko\"",null]"", ""[\""gjensidige\"",\""bobil\"",\""ordinary\"",\""gjensidige-bobil-pluss\"",null]""]",gjensidige-bobil-fortelt,"[""catalog/sources/mc-bobil/gjensidige-bobil-MOT08-ipid.pdf""]","[""UNKNOWN""]",1,6,3,0,0,0,COMPLETE,True,"No optional component is treated as customer-selected. Available membership enumerated from exact runtime products/channel arguments; no compatible configuration exhaustiveness asserted. FOLLOW-UP local closure: all local full terms/IPID/HTML checked, no missing review pages. MOT08 confirms generic optional availability; rental HTML explicitly scopes Delkasko/Kasko/Pluss. Full extension conditions and customer-specific sums not supplied by local package. Fortelt exact level applicability is not proved by generic IPID list alone; retain source research gate.",COMPLETE,AVAILABLE_LOCAL_REVIEW_COMPLETE,True,SOURCE_INSUFFICIENT,Includes exact component occurrences and recorded availability/scope questions; parent-product readiness separate.,,Exact availability inDelkasko/Kasko/Pluss reviewed; selected customer amount and full extension conditions absent from local package.,COMPLETE,,
storebrand,"[""Bobil""]",ordinary,storebrand-bobil-leiebil,,Add-on has no own version dimension when null; linked source versions retained separately.,"[""[\""storebrand\"",\""bobil\"",\""ordinary\"",\""storebrand-bobil-kasko\"",\""motor09\""]"", ""[\""storebrand\"",\""bobil\"",\""ordinary\"",\""storebrand-bobil-super\"",\""motor09\""]""]",storebrand-bobil-leiebil,"[""catalog/sources/vehicle-extensions/storebrand-vilkar-motorvognforsikring.pdf""]","[""motor09""]",4,12,0,6,6,0,COMPLETE,True,BothKasko/Superrequirementchecked;full7/7.1/7.2read;exactclassC/I retained;missingsecondaryterms recorded. Optionalavailabilitynotselection.,COMPLETE,AVAILABLE_LOCAL_REVIEW_COMPLETE,False,REMEDIATION_REQUIRED,Includes exact component occurrences and recorded availability/scope questions; parent-product readiness separate.,,,COMPLETE,,
storebrand,"[""Bobil""]",ordinary,storebrand-bobil-utvidet-leiebil,,Add-on has no own version dimension when null; linked source versions retained separately.,"[""[\""storebrand\"",\""bobil\"",\""ordinary\"",\""storebrand-bobil-kasko\"",\""motor09\""]"", ""[\""storebrand\"",\""bobil\"",\""ordinary\"",\""storebrand-bobil-super\"",\""motor09\""]""]",storebrand-bobil-utvidet-leiebil,"[""catalog/sources/vehicle-extensions/storebrand-vilkar-motorvognforsikring.pdf""]","[""motor09""]",4,12,0,6,6,0,COMPLETE,True,BothKasko/Superrequirementchecked;full7/7.1/7.2read;exactclassC/I retained;missingsecondaryterms recorded. Optionalavailabilitynotselection.,COMPLETE,AVAILABLE_LOCAL_REVIEW_COMPLETE,False,REMEDIATION_REQUIRED,Includes exact component occurrences and recorded availability/scope questions; parent-product readiness separate.,,,COMPLETE,,
frende,"[""MC""]",ordinary,frende-mc-ulykke,,Add-on has no own version dimension when null; linked source versions retained separately.,"[""[\""frende\"",\""mc\"",\""ordinary\"",\""frende-mc-ansvar\"",\""2026-01-01\""]"", ""[\""frende\"",\""mc\"",\""ordinary\"",\""frende-mc-delkasko\"",\""2026-01-01\""]"", ""[\""frende\"",\""mc\"",\""ordinary\"",\""frende-mc-kasko\"",\""2026-01-01\""]""]",frende-mc-ulykke,"[""catalog/sources/frende/Vilkar_kjoretoyforsikring.pdf""]","[""2026-01-01""]",3,15,6,3,6,0,COMPLETE,True,Optional all3MClevels explicitlyHTML; fullterms12sum/person/unntakreviewclosed withrecorded omissions. No customerselectioninferred.,COMPLETE,AVAILABLE_LOCAL_REVIEW_COMPLETE,True,REMEDIATION_REQUIRED,Includes exact component occurrences and recorded availability/scope questions; parent-product readiness separate.,,,COMPLETE,,
fremtind,"[""Bobil""]",ordinary-dnb,fremtind-bobil-leiebil,,Add-on has no own version dimension when null; linked source versions retained separately.,"[""[\""fremtind\"",\""bobil\"",\""ordinary-dnb\"",\""fremtind-bobil-kasko\"",\""2025-09-18\""]"", ""[\""fremtind\"",\""bobil\"",\""ordinary-dnb\"",\""fremtind-bobil-topp\"",\""2025-09-18\""]""]",fremtind-bobil-leiebil,"[""catalog/sources/sparebank1-fremtind/Vilkar_leiebil.pdf""]","[""PMO-350.402-003""]",5,4,2,0,2,0,COMPLETE_WITH_RECORDED_GAPS,True,Exact named optional terms reviewed allrules;Kasko/Topp validavailability but DNB top included wording vsIPIDoptional requires channelconfirmation. No customer selection inferred.,COMPLETE,AVAILABLE_LOCAL_REVIEW_COMPLETE,True,REVIEW_REQUIRED,Includes exact component occurrences and recorded availability/scope questions; parent-product readiness separate.,,,,,
fremtind,"[""Bobil""]",ordinary-dnb,fremtind-bobil-maskinskade,,Add-on has no own version dimension when null; linked source versions retained separately.,"[""[\""fremtind\"",\""bobil\"",\""ordinary-dnb\"",\""fremtind-bobil-kasko\"",\""2025-09-18\""]"", ""[\""fremtind\"",\""bobil\"",\""ordinary-dnb\"",\""fremtind-bobil-topp\"",\""2025-09-18\""]""]",fremtind-bobil-maskinskade,"[""catalog/sources/sparebank1-fremtind/Vilkar_maskinskade.pdf""]","[""PMO-350.201-001""]",5,12,4,4,4,0,COMPLETE_WITH_RECORDED_GAPS,True,Exact named optional terms reviewed allrules;Kasko/Topp validavailability but DNB top included wording vsIPIDoptional requires channelconfirmation. No customer selection inferred.,COMPLETE,AVAILABLE_LOCAL_REVIEW_COMPLETE,True,REMEDIATION_REQUIRED,Includes exact component occurrences and recorded availability/scope questions; parent-product readiness separate.,,,,,
frende,"[""Bobil""]",ordinary,frende-bobil-leiebil,,Add-on has no own version dimension when null; linked source versions retained separately.,"[""[\""frende\"",\""bobil\"",\""ordinary\"",\""frende-bobil-kasko\"",\""2026-01-01\""]"", ""[\""frende\"",\""bobil\"",\""ordinary\"",\""frende-bobil-utvidet\"",\""2026-01-01\""]""]",frende-bobil-leiebil,"[""catalog/sources/frende/Vilkar_kjoretoyforsikring.pdf""]","[""2026-01-01""]",7,12,10,0,0,0,COMPLETE,True,"All maintermsdimensions reviewed; sourceconflict packageclosure outstanding: rentalcashduration or machinelevelavailability/agewording. No guessedprecedence. FOLLOW-UP: all locally available availability/limits/conditions/provenance checked. Completion denotes available-local audit closure with external applicability gate, not certainty of conflicting age/level/cash words. Customer selected status not inferred.",COMPLETE,AVAILABLE_LOCAL_REVIEW_COMPLETE,True,REVIEW_REQUIRED,Includes exact component occurrences and recorded availability/scope questions; parent-product readiness separate.,,,COMPLETE,,
frende,"[""Bobil""]",ordinary,frende-bobil-maskinskade,,Add-on has no own version dimension when null; linked source versions retained separately.,"[""[\""frende\"",\""bobil\"",\""ordinary\"",\""frende-bobil-kasko\"",\""2026-01-01\""]"", ""[\""frende\"",\""bobil\"",\""ordinary\"",\""frende-bobil-utvidet\"",\""2026-01-01\""]""]",frende-bobil-maskinskade,"[""catalog/sources/frende/Vilkar_kjoretoyforsikring.pdf""]","[""2026-01-01""]",5,14,6,2,4,0,COMPLETE,True,"All maintermsdimensions reviewed; sourceconflict packageclosure outstanding: rentalcashduration or machinelevelavailability/agewording. No guessedprecedence. FOLLOW-UP: all locally available availability/limits/conditions/provenance checked. Completion denotes available-local audit closure with external applicability gate, not certainty of conflicting age/level/cash words. Customer selected status not inferred.",COMPLETE,AVAILABLE_LOCAL_REVIEW_COMPLETE,True,REMEDIATION_REQUIRED,Includes exact component occurrences and recorded availability/scope questions; parent-product readiness separate.,,,COMPLETE,,
tryg,"[""Båt""]",ordinary,tryg-bat-maskinskade,,Add-on has no own version dimension when null; linked source versions retained separately.,"[""[\""tryg\"",\""båt\"",\""ordinary\"",\""tryg-bat-kasko-ansvar\"",\""2024-07-01\""]"", ""[\""tryg\"",\""båt\"",\""ordinary\"",\""tryg-bat-bat-ekstra\"",\""2024-07-01\""]""]",tryg-bat-maskinskade,"[""catalog/sources/boat-pet/tryg-boat-machinery-terms.pdf""]","[""2026-01-01""]",2,8,0,4,2,0,COMPLETE_WITH_RECORDED_GAPS,True,ExactPFB36910/38900wholetextchecked;sum/age/conditionalgapsandIPIDvariantconflictdocumented.,COMPLETE,AVAILABLE_LOCAL_REVIEW_COMPLETE,False,REMEDIATION_REQUIRED,Includes exact component occurrences and recorded availability/scope questions; parent-product readiness separate.,,,,,
tryg,"[""Båt""]",ordinary,tryg-bat-ulykke,,Add-on has no own version dimension when null; linked source versions retained separately.,"[""[\""tryg\"",\""båt\"",\""ordinary\"",\""tryg-bat-ansvar\"",\""2024-07-01\""]"", ""[\""tryg\"",\""båt\"",\""ordinary\"",\""tryg-bat-brann-ansvar\"",\""2024-07-01\""]"", ""[\""tryg\"",\""båt\"",\""ordinary\"",\""tryg-bat-brann-tyveri-ansvar\"",\""2024-07-01\""]"", ""[\""tryg\"",\""båt\"",\""ordinary\"",\""tryg-bat-kasko-ansvar\"",\""2024-07-01\""]"", ""[\""tryg\"",\""båt\"",\""ordinary\"",\""tryg-bat-bat-ekstra\"",\""2024-07-01\""]""]",tryg-bat-ulykke,"[""catalog/sources/boat-pet/tryg-boat-accident-terms.pdf""]","[""2022-02-01""]",1,15,0,10,5,0,COMPLETE_WITH_RECORDED_GAPS,True,ExactPFB36910/38900wholetextchecked;sum/age/conditionalgapsandIPIDvariantconflictdocumented.,COMPLETE,AVAILABLE_LOCAL_REVIEW_COMPLETE,False,REMEDIATION_REQUIRED,Includes exact component occurrences and recorded availability/scope questions; parent-product readiness separate.,,,,,
if,"[""Båt""]",ordinary,if-bat-motor-gir,,Add-on has no own version dimension when null; linked source versions retained separately.,"[""[\""if\"",\""båt\"",\""ordinary\"",\""if-bat-kasko\"",\""2023-02-01\""]"", ""[\""if\"",\""båt\"",\""ordinary\"",\""if-bat-super\"",\""2023-02-01\""]""]",if-bat-motor-gir,"[""catalog/sources/boat-pet/if-boat-terms.pdf""]","[""2023-02-01""]",3,14,2,0,10,0,COMPLETE_WITH_RECORDED_GAPS,True,"Kasko/Superavailability,optionalstate,15yearengineage,fullcomponentlist,deductibletableandconditionsread§4.9;4kbranchmismatchrecorded. NotautomaticallyincludedSuper.",COMPLETE,AVAILABLE_LOCAL_REVIEW_COMPLETE,False,REMEDIATION_REQUIRED,Includes exact component occurrences and recorded availability/scope questions; parent-product readiness separate.,,,,,
frende,"[""Båt""]",ordinary,frende-bat-maskinskade,,Add-on has no own version dimension when null; linked source versions retained separately.,"[""[\""frende\"",\""båt\"",\""ordinary\"",\""frende-bat-kasko\"",\""2026-01-01\""]"", ""[\""frende\"",\""båt\"",\""ordinary\"",\""frende-bat-utvidet\"",\""2026-01-01\""]""]",frende-bat-maskinskade,"[""catalog/sources/boat-pet/frende-boat-terms.pdf""]","[""2026-01-01""]",1,8,0,0,8,0,COMPLETE,True,"Exact optional scope in2026fullterms+IPID+HTML reviewed. Four independent material rules per addon, availability correct but details missing. No customer selection inferred; no age limit inferred from deductible table.",COMPLETE,AVAILABLE_LOCAL_REVIEW_COMPLETE,True,REMEDIATION_REQUIRED,Includes exact component occurrences and recorded availability/scope questions; parent-product readiness separate.,,,COMPLETE,,
frende,"[""Båt""]",ordinary,frende-bat-ulykke,,Add-on has no own version dimension when null; linked source versions retained separately.,"[""[\""frende\"",\""båt\"",\""ordinary\"",\""frende-bat-brann-og-tyveri\"",\""2026-01-01\""]"", ""[\""frende\"",\""båt\"",\""ordinary\"",\""frende-bat-kasko\"",\""2026-01-01\""]"", ""[\""frende\"",\""båt\"",\""ordinary\"",\""frende-bat-utvidet\"",\""2026-01-01\""]""]",frende-bat-ulykke,"[""catalog/sources/boat-pet/frende-boat-terms.pdf""]","[""2026-01-01""]",1,12,0,0,12,0,COMPLETE,True,"Exact optional scope in2026fullterms+IPID+HTML reviewed. Four independent material rules per addon, availability correct but details missing. No customer selection inferred; no age limit inferred from deductible table.",COMPLETE,AVAILABLE_LOCAL_REVIEW_COMPLETE,True,REMEDIATION_REQUIRED,Includes exact component occurrences and recorded availability/scope questions; parent-product readiness separate.,,,COMPLETE,,
tryg,"[""Hund""]",ordinary,tryg-hund-ekstra,,Add-on has no own version dimension when null; linked source versions retained separately.,"[""[\""tryg\"",\""hund\"",\""ordinary\"",\""tryg-hund-behandling\"",\""2026-09-01\""]""]",tryg-hund-ekstra,"[""catalog/sources/boat-pet/tryg-dog-extra-terms.pdf""]","[""2025-07-01""]",4,9,2,5,2,0,COMPLETE_WITH_RECORDED_GAPS,True,AllfulltermsandIPID/HTMLchecked;prior10k30kcontrols/known20d/TRfindingsreused;life/disappearance/breed/geographynewconditionsrecorded.,COMPLETE,AVAILABLE_LOCAL_REVIEW_COMPLETE,False,REMEDIATION_REQUIRED,Includes exact component occurrences and recorded availability/scope questions; parent-product readiness separate.,,,,,
tryg,"[""Katt""]",ordinary,tryg-katt-ekstra,,Add-on has no own version dimension when null; linked source versions retained separately.,"[""[\""tryg\"",\""katt\"",\""ordinary\"",\""tryg-katt-behandling\"",\""2026-09-01\""]""]",tryg-katt-ekstra,"[""catalog/sources/boat-pet/tryg-cat-extra-terms.pdf""]","[""2025-07-01""]",4,9,2,4,3,0,COMPLETE_WITH_RECORDED_GAPS,True,AllfulltermsandIPID/HTMLchecked;prior10k30kcontrols/known20d/TRfindingsreused;life/disappearance/breed/geographynewconditionsrecorded.,COMPLETE,AVAILABLE_LOCAL_REVIEW_COMPLETE,False,REMEDIATION_REQUIRED,Includes exact component occurrences and recorded availability/scope questions; parent-product readiness separate.,,,,,
tryg,"[""Hund""]",ordinary,tryg-hund-dod,,Add-on has no own version dimension when null; linked source versions retained separately.,"[""[\""tryg\"",\""hund\"",\""ordinary\"",\""tryg-hund-behandling\"",\""2026-09-01\""]""]",tryg-hund-dod,"[""catalog/sources/boat-pet/tryg-dog-life-terms.pdf""]","[""2026-01-01""]",3,11,0,7,3,1,COMPLETE_WITH_RECORDED_GAPS,True,AllfulltermsandIPID/HTMLchecked;prior10k30kcontrols/known20d/TRfindingsreused;life/disappearance/breed/geographynewconditionsrecorded.,COMPLETE,AVAILABLE_LOCAL_REVIEW_COMPLETE,False,REMEDIATION_REQUIRED,Includes exact component occurrences and recorded availability/scope questions; parent-product readiness separate.,,,,,
tryg,"[""Katt""]",ordinary,tryg-katt-dod,,Add-on has no own version dimension when null; linked source versions retained separately.,"[""[\""tryg\"",\""katt\"",\""ordinary\"",\""tryg-katt-behandling\"",\""2026-09-01\""]""]",tryg-katt-dod,"[""catalog/sources/boat-pet/tryg-cat-life-terms.pdf""]","[""2026-01-01""]",3,9,0,5,3,1,COMPLETE_WITH_RECORDED_GAPS,True,AllfulltermsandIPID/HTMLchecked;prior10k30kcontrols/known20d/TRfindingsreused;life/disappearance/breed/geographynewconditionsrecorded.,COMPLETE,AVAILABLE_LOCAL_REVIEW_COMPLETE,False,REMEDIATION_REQUIRED,Includes exact component occurrences and recorded availability/scope questions; parent-product readiness separate.,,,,,
if,"[""Hund""]",ordinary,if-hund-liv,,Add-on has no own version dimension when null; linked source versions retained separately.,"[""[\""if\"",\""hund\"",\""ordinary\"",\""if-hund-basis\"",\""2022-12-01\""]"", ""[\""if\"",\""hund\"",\""ordinary\"",\""if-hund-standard\"",\""2022-12-01\""]"", ""[\""if\"",\""hund\"",\""ordinary\"",\""if-hund-super\"",\""2022-12-01\""]""]",if-hund-liv,"[""catalog/sources/boat-pet/if-dog-terms.pdf""]","[""2022-12-01""]",5,27,6,9,12,0,COMPLETE_WITH_RECORDED_GAPS,True,"AllthreeveterinarylevelsoptionalLife;lifesumcustomerchoice,trueagemechanismverified,remainingexactbreedbranches/ID/sixmonthdisappearance/cremation/usevalue/lifelimitationrecorded.",COMPLETE,AVAILABLE_LOCAL_REVIEW_COMPLETE,False,REMEDIATION_REQUIRED,Includes exact component occurrences and recorded availability/scope questions; parent-product readiness separate.,,,,,
if,"[""Katt""]",ordinary,if-katt-liv,,Add-on has no own version dimension when null; linked source versions retained separately.,"[""[\""if\"",\""katt\"",\""ordinary\"",\""if-katt-basis\"",\""2022-12-01\""]"", ""[\""if\"",\""katt\"",\""ordinary\"",\""if-katt-standard\"",\""2022-12-01\""]"", ""[\""if\"",\""katt\"",\""ordinary\"",\""if-katt-super\"",\""2022-12-01\""]""]",if-katt-liv,"[""catalog/sources/boat-pet/if-cat-terms.pdf""]","[""2022-12-01""]",5,18,6,6,6,0,COMPLETE_WITH_RECORDED_GAPS,True,"AllthreeveterinarylevelsoptionalLife;lifesumcustomerchoice,trueagemechanismverified,remainingexactbreedbranches/ID/sixmonthdisappearance/cremation/usevalue/lifelimitationrecorded.",COMPLETE,AVAILABLE_LOCAL_REVIEW_COMPLETE,False,REMEDIATION_REQUIRED,Includes exact component occurrences and recorded availability/scope questions; parent-product readiness separate.,,,,,
gjensidige,"[""Hund""]",ordinary,gjensidige-hund-liv,,Add-on has no own version dimension when null; linked source versions retained separately.,"[""[\""gjensidige\"",\""hund\"",\""ordinary\"",\""gjensidige-hund-behandling\"",null]""]",gjensidige-hund-liv,"[""catalog/sources/boat-pet/gjensidige-dog-treatment-terms.pdf"", ""catalog/sources/boat-pet/gjensidige-dog-life-use-terms.pdf"", ""catalog/sources/boat-pet/gjensidige-dog-ipid.pdf"", ""catalog/sources/boat-pet/gjensidige-dog-product.html""]","[""UNKNOWN""]",1,7,0,5,2,0,COMPLETE,True,No optional component is treated as customer-selected. Available membership enumerated from exact runtime products/channel arguments; no compatible configuration exhaustiveness asserted.,COMPLETE,AVAILABLE_LOCAL_REVIEW_COMPLETE,False,REMEDIATION_REQUIRED,Includes exact component occurrences and recorded availability/scope questions; parent-product readiness separate.,,"Full ownLiv/Bruk source reviewed; optionalstatuspreserved,materialconditionsmissinganddependencygaprecorded; customer-specificvalueunknowncorrect.",,,
gjensidige,"[""Hund""]",ordinary,gjensidige-hund-bruk,,Add-on has no own version dimension when null; linked source versions retained separately.,"[""[\""gjensidige\"",\""hund\"",\""ordinary\"",\""gjensidige-hund-behandling\"",null]""]",gjensidige-hund-bruk,"[""catalog/sources/boat-pet/gjensidige-dog-treatment-terms.pdf"", ""catalog/sources/boat-pet/gjensidige-dog-life-use-terms.pdf"", ""catalog/sources/boat-pet/gjensidige-dog-ipid.pdf"", ""catalog/sources/boat-pet/gjensidige-dog-product.html""]","[""UNKNOWN""]",1,5,0,2,2,0,COMPLETE,True,No optional component is treated as customer-selected. Available membership enumerated from exact runtime products/channel arguments; no compatible configuration exhaustiveness asserted.,COMPLETE,AVAILABLE_LOCAL_REVIEW_COMPLETE,False,REMEDIATION_REQUIRED,Includes exact component occurrences and recorded availability/scope questions; parent-product readiness separate.,,"Full ownLiv/Bruk source reviewed; optionalstatuspreserved,materialconditionsmissinganddependencygaprecorded; customer-specificvalueunknowncorrect.",,,
gjensidige,"[""Katt""]",ordinary,gjensidige-katt-liv,,Add-on has no own version dimension when null; linked source versions retained separately.,"[""[\""gjensidige\"",\""katt\"",\""ordinary\"",\""gjensidige-katt-behandling\"",null]""]",gjensidige-katt-liv,"[""catalog/sources/boat-pet/gjensidige-cat-treatment-terms.pdf"", ""catalog/sources/boat-pet/gjensidige-cat-life-use-terms.pdf"", ""catalog/sources/boat-pet/gjensidige-cat-ipid.pdf"", ""catalog/sources/boat-pet/gjensidige-cat-product.html""]","[""UNKNOWN""]",1,7,0,5,2,0,COMPLETE,True,No optional component is treated as customer-selected. Available membership enumerated from exact runtime products/channel arguments; no compatible configuration exhaustiveness asserted.,COMPLETE,AVAILABLE_LOCAL_REVIEW_COMPLETE,False,REMEDIATION_REQUIRED,Includes exact component occurrences and recorded availability/scope questions; parent-product readiness separate.,,"Full ownLiv/Bruk source reviewed; optionalstatuspreserved,materialconditionsmissinganddependencygaprecorded; customer-specificvalueunknowncorrect.",,,
sparebank1-fremtind,"[""Hund""]",ordinary,sparebank1-fremtind-hund-topp,,Add-on has no own version dimension when null; linked source versions retained separately.,"[""[\""sparebank1-fremtind\"",\""hund\"",\""ordinary\"",\""sparebank1-fremtind-hund-veterin-r\"",\""2025-08-07\""]""]",sparebank1-fremtind-hund-topp,"[""catalog/sources/boat-pet/fremtind-dog-vet-terms.pdf""]","[""2025-08-07""]",4,4,0,0,4,0,COMPLETE_WITH_RECORDED_GAPS,True,"Fullnamed2025component/sourcewebsite/availability/optionalstatus reviewed. Limits, waiting andqualificationgaps recorded; noactualcustomerselection.",COMPLETE,AVAILABLE_LOCAL_REVIEW_COMPLETE,True,REMEDIATION_REQUIRED,Includes exact component occurrences and recorded availability/scope questions; parent-product readiness separate.,,,,,
sparebank1-fremtind,"[""Hund""]",ordinary,sparebank1-fremtind-hund-liv,,Add-on has no own version dimension when null; linked source versions retained separately.,"[""[\""sparebank1-fremtind\"",\""hund\"",\""ordinary\"",\""sparebank1-fremtind-hund-veterin-r\"",\""2025-08-07\""]""]",sparebank1-fremtind-hund-liv,"[""catalog/sources/boat-pet/fremtind-dog-life-terms.pdf""]","[""2025-08-07""]",6,5,0,0,3,0,COMPLETE_WITH_RECORDED_GAPS,True,"Fullnamed2025component/sourcewebsite/availability/optionalstatus reviewed. Limits, waiting andqualificationgaps recorded; noactualcustomerselection.",COMPLETE,AVAILABLE_LOCAL_REVIEW_COMPLETE,True,REMEDIATION_REQUIRED,Includes exact component occurrences and recorded availability/scope questions; parent-product readiness separate.,,,,,
sparebank1-fremtind,"[""Katt""]",ordinary,sparebank1-fremtind-katt-liv,,Add-on has no own version dimension when null; linked source versions retained separately.,"[""[\""sparebank1-fremtind\"",\""katt\"",\""ordinary\"",\""sparebank1-fremtind-katt-veterin-r\"",\""2025-08-07\""]""]",sparebank1-fremtind-katt-liv,"[""catalog/sources/boat-pet/fremtind-cat-life-terms.pdf""]","[""2025-08-07""]",6,6,0,0,5,0,COMPLETE_WITH_RECORDED_GAPS,True,"Fullnamed2025component/sourcewebsite/availability/optionalstatus reviewed. Limits, waiting andqualificationgaps recorded; noactualcustomerselection.",COMPLETE,AVAILABLE_LOCAL_REVIEW_COMPLETE,True,REMEDIATION_REQUIRED,Includes exact component occurrences and recorded availability/scope questions; parent-product readiness separate.,,,,,
sparebank1-fremtind,"[""Hund""]",ordinary,sparebank1-fremtind-hund-bruk,,Add-on has no own version dimension when null; linked source versions retained separately.,"[""[\""sparebank1-fremtind\"",\""hund\"",\""ordinary\"",\""sparebank1-fremtind-hund-veterin-r\"",\""2025-08-07\""]""]",sparebank1-fremtind-hund-bruk,"[""catalog/sources/boat-pet/fremtind-dog-use-terms.pdf""]","[""2025-08-07""]",2,3,1,0,2,0,COMPLETE_WITH_RECORDED_GAPS,True,"Fullnamed2025component/sourcewebsite/availability/optionalstatus reviewed. Limits, waiting andqualificationgaps recorded; noactualcustomerselection.",COMPLETE,AVAILABLE_LOCAL_REVIEW_COMPLETE,True,REMEDIATION_REQUIRED,Includes exact component occurrences and recorded availability/scope questions; parent-product readiness separate.,,,,,
frende,"[""Hund""]",ordinary,frende-hund-medisin,,Add-on has no own version dimension when null; linked source versions retained separately.,"[""[\""frende\"",\""hund\"",\""ordinary\"",\""frende-hund-veterin-r\"",\""2026-01-01\""]""]",frende-hund-medisin,"[""catalog/sources/boat-pet/frende-dog-terms.pdf""]","[""2026-01-01""]",1,1,0,0,1,0,COMPLETE,True,"Source-first optional scope fully checked; recorded gaps remain. Dependency defect recorded, notimplemented.",COMPLETE,AVAILABLE_LOCAL_REVIEW_COMPLETE,False,REMEDIATION_REQUIRED,Includes exact component occurrences and recorded availability/scope questions; parent-product readiness separate.,,,COMPLETE,,
frende,"[""Hund""]",ordinary,frende-hund-tann,,Add-on has no own version dimension when null; linked source versions retained separately.,"[""[\""frende\"",\""hund\"",\""ordinary\"",\""frende-hund-veterin-r\"",\""2026-01-01\""]""]",frende-hund-tann,"[""catalog/sources/boat-pet/frende-dog-terms.pdf""]","[""2026-01-01""]",2,2,0,0,2,0,COMPLETE,True,"Source-first optional scope fully checked; recorded gaps remain. Dependency defect recorded, notimplemented.",COMPLETE,AVAILABLE_LOCAL_REVIEW_COMPLETE,False,REMEDIATION_REQUIRED,Includes exact component occurrences and recorded availability/scope questions; parent-product readiness separate.,,,COMPLETE,,
frende,"[""Hund""]",ordinary,frende-hund-tap,,Add-on has no own version dimension when null; linked source versions retained separately.,"[""[\""frende\"",\""hund\"",\""ordinary\"",\""frende-hund-veterin-r\"",\""2026-01-01\""]""]",frende-hund-tap,"[""catalog/sources/boat-pet/frende-dog-terms.pdf""]","[""2026-01-01""]",3,6,1,3,2,0,COMPLETE,True,"Source-first optional scope fully checked; recorded gaps remain. Dependency defect recorded, notimplemented.",COMPLETE,AVAILABLE_LOCAL_REVIEW_COMPLETE,False,REMEDIATION_REQUIRED,Includes exact component occurrences and recorded availability/scope questions; parent-product readiness separate.,,,COMPLETE,,
frende,"[""Katt""]",ordinary,frende-katt-medisin,,Add-on has no own version dimension when null; linked source versions retained separately.,"[""[\""frende\"",\""katt\"",\""ordinary\"",\""frende-katt-veterin-r\"",\""2026-01-01\""]""]",frende-katt-medisin,"[""catalog/sources/boat-pet/frende-cat-terms.pdf""]","[""2026-01-01""]",1,1,0,0,1,0,COMPLETE,True,"Source-first optional scope fully checked; recorded gaps remain. Dependency defect recorded, notimplemented.",COMPLETE,AVAILABLE_LOCAL_REVIEW_COMPLETE,False,REMEDIATION_REQUIRED,Includes exact component occurrences and recorded availability/scope questions; parent-product readiness separate.,,,COMPLETE,,
frende,"[""Katt""]",ordinary,frende-katt-tap,,Add-on has no own version dimension when null; linked source versions retained separately.,"[""[\""frende\"",\""katt\"",\""ordinary\"",\""frende-katt-veterin-r\"",\""2026-01-01\""]""]",frende-katt-tap,"[""catalog/sources/boat-pet/frende-cat-terms.pdf""]","[""2026-01-01""]",3,6,1,3,1,0,COMPLETE,True,Fullterms2026/IPID2025 disappearance conflict unresolved. All local optional dimensions reviewed; SC011 retained as final research/version gate. No disappearance assertion for current2026contract.,COMPLETE,AVAILABLE_LOCAL_REVIEW_COMPLETE,True,REMEDIATION_REQUIRED,Includes exact component occurrences and recorded availability/scope questions; parent-product readiness separate.,,,COMPLETE,,
frende,"[""Hund""]",ordinary,frende-hund-bruksverdi,,Add-on has no own version dimension when null; linked source versions retained separately.,"[""[\""frende\"",\""hund\"",\""ordinary\"",\""frende-hund-veterin-r\"",\""2026-01-01\""]""]",frende-hund-bruksverdi,"[""catalog/sources/boat-pet/frende-dog-terms.pdf""]","[""2026-01-01""]",2,2,0,0,1,0,COMPLETE,True,"Source-first optional scope fully checked; recorded gaps remain. Dependency defect recorded, notimplemented.",COMPLETE,AVAILABLE_LOCAL_REVIEW_COMPLETE,False,REMEDIATION_REQUIRED,Includes exact component occurrences and recorded availability/scope questions; parent-product readiness separate.,,,COMPLETE,,
