catalog_claim_id,product_identity,component,key,catalog_value,source_record,source_location,local_source_paths,structural_source_link_status,support_status,reviewed_source_fact_ids,full_claim_validated,manual_reverse_evidence,support_scope,source_fact_ids,finding_ids
CC-01253,"[""frende"",""bil"",""ordinary"",""frende-bil-kasko"",""2026-01-01""]",,nyverdi.alder,Under 1 år,frendeKasko,"{""company"": ""Frende"", ""documentId"": ""frendeKasko"", ""effectiveFrom"": ""2026-01-01"", ""filename"": ""Vilkar_kjoretoyforsikring.pdf"", ""page"": 4, ""section"": ""6.1, 11.7"", ""termsNumber"": ""Ikke oppgitt"", ""url"": ""https://api.frende.no/documents/terms/public/pnc/CarInsurance""}","[""catalog/sources/frende/Vilkar_kjoretoyforsikring.pdf""]",RESOLVED,LABEL_BOUNDARY_MISMATCH,[],False,Catalog under1/3years;maintermsnotolderthan1/3years. Sameagevalue but strictoperator differs. IPIDunder wording also present; reviewsourceprecision.,,"[""SF-2009""]","[""GAP-1370""]"
CC-01291,"[""frende"",""bil"",""ordinary"",""frende-bil-utvidet"",""2026-01-01""]",,nyverdi.alder,Under 3 år,frendeUtvidet,"{""company"": ""Frende"", ""documentId"": ""frendeUtvidet"", ""effectiveFrom"": ""2026-01-01"", ""filename"": ""Vilkar_kjoretoyforsikring.pdf"", ""page"": 4, ""section"": ""8.1"", ""termsNumber"": ""Ikke oppgitt"", ""url"": ""https://api.frende.no/documents/terms/public/pnc/CarInsurance""}","[""catalog/sources/frende/Vilkar_kjoretoyforsikring.pdf""]",RESOLVED,LABEL_BOUNDARY_MISMATCH,[],False,Catalog under1/3years;maintermsnotolderthan1/3years. Sameagevalue but strictoperator differs. IPIDunder wording also present; reviewsourceprecision.,,"[""SF-2069""]","[""GAP-1414""]"
CC-01372,"[""tryg"",""innbo"",""ordinary"",""tryg-innbo-ekstra"",""2026-07-01""]",,tyveri.fellesgarasje.grense,15 000 kr samlet,trygInnbo,"{""company"": ""Tryg"", ""documentId"": ""trygInnbo"", ""effectiveFrom"": ""2026-07-01"", ""filename"": ""Innbo_og_losore_PPK13301.pdf"", ""page"": 3, ""section"": ""2.4"", ""termsNumber"": ""PPK13301"", ""url"": ""https://www.tryg.no/odpdf?vilk=Hjemforsikring-Dekningsvilkaar&vilkNr=05PPK13301""}","[""catalog/sources/tryg/innbo/Innbo_og_losore_PPK13301.pdf""]",RESOLVED,UNSUPPORTED_APPLICABILITY_OR_SEMANTICS,"[""SF-0227"", ""SF-6299""]",False,"{""source"": ""catalog/sources/tryg/innbo/Innbo_og_losore_Ekstra_PPK13302.pdf"", ""location"": ""s4 §2.4"", ""reason"": ""Wrong-level inherited sublimit""}",Exact claim supported; missing surrounding material dimensions listed separately,"[""SF-6299""]","[""GAP-4431""]"
CC-01379,"[""tryg"",""innbo"",""ordinary"",""tryg-innbo-ekstra"",""2026-07-01""]",,flytting.transport.grense,"30 000 kr per skadetilfelle ved transportbyrå, idrettslag, forening eller lignende",trygInnboExtra,"{""company"": ""Tryg"", ""documentId"": ""trygInnboExtra"", ""effectiveFrom"": ""2026-07-01"", ""filename"": ""Innbo_og_losore_Ekstra_PPK13302.pdf"", ""page"": 4, ""section"": ""2.4"", ""termsNumber"": ""PPK13302"", ""url"": ""https://www.tryg.no/odpdf?vilk=Hjemforsikring-Dekningsvilkaar-Ekstra&vilkNr=05PPK13302""}","[""catalog/sources/tryg/innbo/Innbo_og_losore_Ekstra_PPK13302.pdf""]",RESOLVED,UNSUPPORTED_APPLICABILITY_OR_SEMANTICS,"[""SF-6305""]",False,"{""source"": ""catalog/sources/tryg/innbo/Innbo_og_losore_Ekstra_PPK13302.pdf"", ""location"": ""s4 §2.4"", ""reason"": ""Theft limit labeled as transport damage""}",Exact claim supported; missing surrounding material dimensions listed separately,"[""SF-6305""]","[""GAP-4435""]"
CC-01542,"[""gjensidige"",""innbo"",""ordinary"",""gj-innbo"",null]",,innbo.kjoretoytilbehor.grense,30 000 kr på forsikringsstedet,gjInnboShared,"{""company"": ""Gjensidige"", ""documentId"": ""gjInnboShared"", ""effectiveFrom"": ""Ikke oppgitt"", ""filename"": ""Gjensidige_Innbo_Standard_alminnelige_vilkar.pdf"", ""page"": 3, ""productCode"": ""EAP02"", ""section"": ""Forsikringsbevis – Hva er forsikret"", ""termsNumber"": ""Ikke oppgitt"", ""url"": ""https://www.gjensidige.no/files/privat/vilkar/bolig-innbo-og-verdier/Innbo-Standard-alminnelige%20vilkar.pdf"", ""version"": ""Ikke oppgitt""}","[""catalog/sources/gjensidige/innbo/Gjensidige_Innbo_Standard_alminnelige_vilkar.pdf""]",RESOLVED,CATALOG_FACT_SEMANTICALLY_MISMAPPED,[],False,Proven narrower/wrong location/geography/deductible binding; see exact-key source-fact finding and full package.,Material part unsupported; numeric portion may be correct,"[""SF-2860""]","[""GAP-1986""]"
CC-01557,"[""gjensidige"",""innbo"",""ordinary"",""gj-innbo"",null]",,ansvar.geografi,Norden,gjInnboShared,"{""company"": ""Gjensidige"", ""documentId"": ""gjInnboShared"", ""effectiveFrom"": ""Ikke oppgitt"", ""filename"": ""Gjensidige_Innbo_Standard_alminnelige_vilkar.pdf"", ""page"": 8, ""productCode"": ""EAP02"", ""section"": ""Fellesdekninger – Ansvar"", ""termsNumber"": ""Ikke oppgitt"", ""url"": ""https://www.gjensidige.no/files/privat/vilkar/bolig-innbo-og-verdier/Innbo-Standard-alminnelige%20vilkar.pdf"", ""version"": ""Ikke oppgitt""}","[""catalog/sources/gjensidige/innbo/Gjensidige_Innbo_Standard_alminnelige_vilkar.pdf""]",RESOLVED,CATALOG_FACT_SEMANTICALLY_MISMAPPED,[],False,Proven narrower/wrong location/geography/deductible binding; see exact-key source-fact finding and full package.,Material part unsupported; numeric portion may be correct,"[""SF-2897""]","[""GAP-2017""]"
CC-01574,"[""gjensidige"",""innbo"",""ordinary"",""gj-innbo-pluss"",null]",,innbo.kjoretoytilbehor.grense,30 000 kr på forsikringsstedet,gjInnboShared,"{""company"": ""Gjensidige"", ""documentId"": ""gjInnboShared"", ""effectiveFrom"": ""Ikke oppgitt"", ""filename"": ""Gjensidige_Innbo_Standard_alminnelige_vilkar.pdf"", ""page"": 3, ""productCode"": ""EAP02"", ""section"": ""Forsikringsbevis – Hva er forsikret"", ""termsNumber"": ""Ikke oppgitt"", ""url"": ""https://www.gjensidige.no/files/privat/vilkar/bolig-innbo-og-verdier/Innbo-Standard-alminnelige%20vilkar.pdf"", ""version"": ""Ikke oppgitt""}","[""catalog/sources/gjensidige/innbo/Gjensidige_Innbo_Standard_alminnelige_vilkar.pdf""]",RESOLVED,CATALOG_FACT_SEMANTICALLY_MISMAPPED,[],False,Proven narrower/wrong location/geography/deductible binding; see exact-key source-fact finding and full package.,Material part unsupported; numeric portion may be correct,"[""SF-2915""]","[""GAP-2030""]"
CC-01589,"[""gjensidige"",""innbo"",""ordinary"",""gj-innbo-pluss"",null]",,ansvar.geografi,Norden,gjInnboShared,"{""company"": ""Gjensidige"", ""documentId"": ""gjInnboShared"", ""effectiveFrom"": ""Ikke oppgitt"", ""filename"": ""Gjensidige_Innbo_Standard_alminnelige_vilkar.pdf"", ""page"": 8, ""productCode"": ""EAP02"", ""section"": ""Fellesdekninger – Ansvar"", ""termsNumber"": ""Ikke oppgitt"", ""url"": ""https://www.gjensidige.no/files/privat/vilkar/bolig-innbo-og-verdier/Innbo-Standard-alminnelige%20vilkar.pdf"", ""version"": ""Ikke oppgitt""}","[""catalog/sources/gjensidige/innbo/Gjensidige_Innbo_Standard_alminnelige_vilkar.pdf""]",RESOLVED,CATALOG_FACT_SEMANTICALLY_MISMAPPED,[],False,Proven narrower/wrong location/geography/deductible binding; see exact-key source-fact finding and full package.,Material part unsupported; numeric portion may be correct,"[""SF-2967""]","[""GAP-2070""]"
CC-01603,"[""gjensidige"",""innbo"",""ordinary"",""gj-innbo-pluss"",null]",,tyveri.fellesbod.sykkelgrense,"30 000 kr per sykkel, elsykkel eller sykkeltilhenger.",gjInnboPlus,"{""company"": ""Gjensidige"", ""documentId"": ""gjInnboPlus"", ""effectiveFrom"": ""Ikke oppgitt"", ""filename"": ""Gjensidige_Innbo_Pluss_alminnelige_vilkar.pdf"", ""page"": 1, ""productCode"": ""EAP02"", ""section"": ""Forsikringsoversikt / Hvilke skader"", ""termsNumber"": ""Ikke oppgitt"", ""url"": ""https://www.gjensidige.no/files/privat/vilkar/bolig-innbo-og-verdier/Innbo-Pluss-alminnelige-vilkar.pdf"", ""version"": ""Ikke oppgitt""}","[""catalog/sources/gjensidige/innbo/Gjensidige_Innbo_Pluss_alminnelige_vilkar.pdf""]",RESOLVED,CATALOG_FACT_SEMANTICALLY_MISMAPPED,[],False,Proven narrower/wrong location/geography/deductible binding; see exact-key source-fact finding and full package.,Material part unsupported; numeric portion may be correct,"[""SF-2977""]","[""GAP-2079""]"
CC-01608,"[""gjensidige"",""innbo"",""ordinary"",""gj-innbo-pluss"",null]",,sykkel.uhell.grense,"30 000 kr i Norden; ritt, løp og konkurranse er unntatt",gjInnboPlus,"{""company"": ""Gjensidige"", ""documentId"": ""gjInnboPlus"", ""effectiveFrom"": ""Ikke oppgitt"", ""filename"": ""Gjensidige_Innbo_Pluss_alminnelige_vilkar.pdf"", ""page"": 4, ""productCode"": ""EAP02"", ""section"": ""Uhell borte"", ""termsNumber"": ""Ikke oppgitt"", ""url"": ""https://www.gjensidige.no/files/privat/vilkar/bolig-innbo-og-verdier/Innbo-Pluss-alminnelige-vilkar.pdf"", ""version"": ""Ikke oppgitt""}","[""catalog/sources/gjensidige/innbo/Gjensidige_Innbo_Pluss_alminnelige_vilkar.pdf""]",RESOLVED,CATALOG_FACT_SEMANTICALLY_MISMAPPED,[],False,Proven narrower/wrong location/geography/deductible binding; see exact-key source-fact finding and full package.,Material part unsupported; numeric portion may be correct,"[""SF-2975""]","[""GAP-2077""]"
CC-01609,"[""gjensidige"",""innbo"",""ordinary"",""gj-innbo-pluss"",null]",,sykkel.skadeverk.grense,30 000 kr i Norden,gjInnboPlus,"{""company"": ""Gjensidige"", ""documentId"": ""gjInnboPlus"", ""effectiveFrom"": ""Ikke oppgitt"", ""filename"": ""Gjensidige_Innbo_Pluss_alminnelige_vilkar.pdf"", ""page"": 4, ""productCode"": ""EAP02"", ""section"": ""Uhell borte"", ""termsNumber"": ""Ikke oppgitt"", ""url"": ""https://www.gjensidige.no/files/privat/vilkar/bolig-innbo-og-verdier/Innbo-Pluss-alminnelige-vilkar.pdf"", ""version"": ""Ikke oppgitt""}","[""catalog/sources/gjensidige/innbo/Gjensidige_Innbo_Pluss_alminnelige_vilkar.pdf""]",RESOLVED,CATALOG_FACT_SEMANTICALLY_MISMAPPED,[],False,Proven narrower/wrong location/geography/deductible binding; see exact-key source-fact finding and full package.,Material part unsupported; numeric portion may be correct,"[""SF-2976""]","[""GAP-2078""]"
CC-01622,"[""gjensidige"",""innbo"",""ordinary"",""gj-innbo-pluss"",null]",gj-innbo-utleie,utleie.egenandel,10 000 kr ved misligholdt husleie og skadeverk utført av leietaker,gjInnboUtleie,"{""company"": ""Gjensidige"", ""documentId"": ""gjInnboUtleie"", ""effectiveFrom"": ""Ikke oppgitt"", ""filename"": ""Gjensidige_Innbo_Pluss_alminnelige_vilkar.pdf"", ""page"": 1, ""productCode"": ""EAP02"", ""section"": ""Forsikringsoversikt"", ""termsNumber"": ""Ikke oppgitt"", ""url"": ""https://www.gjensidige.no/files/privat/vilkar/bolig-innbo-og-verdier/Innbo-Pluss-alminnelige-vilkar.pdf"", ""version"": ""Ikke oppgitt""}","[""catalog/sources/gjensidige/innbo/Gjensidige_Innbo_Pluss_alminnelige_vilkar.pdf""]",RESOLVED,CATALOG_FACT_SEMANTICALLY_MISMAPPED,[],False,Proven narrower/wrong location/geography/deductible binding; see exact-key source-fact finding and full package.,Material part unsupported; numeric portion may be correct,"[""SF-2951"", ""SF-2978""]","[""GAP-2057"", ""GAP-2080""]"
CC-01635,"[""storebrand"",""innbo"",""ordinary"",""sb-innbo-standard"",""innbo09""]",,innbo.smabygg.grense,50 000 kr på forsikringsstedet,sbInnboStandard,"{""company"": ""Storebrand"", ""documentId"": ""sbInnboStandard"", ""effectiveFrom"": ""2024-07-02"", ""filename"": ""Storebrand_Innbo_innbo09.pdf"", ""note"": ""Forsikringsbeviset angir valgt nivå og forsikringssum og gjelder foran vilkåret"", ""page"": 5, ""productCode"": ""17035l"", ""section"": ""B.3"", ""termsNumber"": ""innbo09"", ""url"": ""https://www.storebrand.no/privat/forsikring/forsikringsvilkar/_/attachment/inline/9b3b5c27-3e81-4201-b0aa-a27ea63add19:9655c7f64a7b98c7016c3130c592dbacdc1d312c/vilkar-innboforsikring.pdf"", ""version"": ""innbo09""}","[""catalog/sources/storebrand/innbo/Storebrand_Innbo_innbo09.pdf""]",RESOLVED,LABEL_BOUNDARY_MISMATCH,[],False,Full30pterms+IPID+general; C1.5 no50000 peritem; B3 inntil10m² notunder10m²,,"[""SF-1310""]","[""GAP-0847""]"
CC-01682,"[""storebrand"",""innbo"",""ordinary"",""sb-innbo-super"",""innbo09""]",,innbo.smabygg.grense,200 000 kr på forsikringsstedet,sbInnboSuper,"{""company"": ""Storebrand"", ""documentId"": ""sbInnboSuper"", ""effectiveFrom"": ""2024-07-02"", ""filename"": ""Storebrand_Innbo_innbo09.pdf"", ""note"": ""Forsikringsbeviset angir valgt nivå og forsikringssum og gjelder foran vilkåret"", ""page"": 5, ""productCode"": ""17035l"", ""section"": ""B.3"", ""termsNumber"": ""innbo09"", ""url"": ""https://www.storebrand.no/privat/forsikring/forsikringsvilkar/_/attachment/inline/9b3b5c27-3e81-4201-b0aa-a27ea63add19:9655c7f64a7b98c7016c3130c592dbacdc1d312c/vilkar-innboforsikring.pdf"", ""version"": ""innbo09""}","[""catalog/sources/storebrand/innbo/Storebrand_Innbo_innbo09.pdf""]",RESOLVED,LABEL_BOUNDARY_MISMATCH,[],False,Full30pterms+IPID+general; C1.5 no50000 peritem; B3 inntil10m² notunder10m²,,"[""SF-1380""]","[""GAP-0893""]"
CC-02370,"[""storebrand"",""bolig"",""ordinary"",""storebrand-hus-standard"",""2025-08-15""]",,hus.aldersfradrag.badeinnretning,"2 år uten fradrag; deretter 10 % per år, maksimalt 80 %. Fradraget gjelder alle kostnader knyttet til reparasjonen.",storebrandHusTerms,"{""company"": ""Storebrand"", ""documentId"": ""storebrandHusTerms"", ""effectiveFrom"": ""2025-08-15"", ""filename"": ""Vilkar-hus-og-hytte-HUS10.pdf"", ""page"": 29, ""section"": ""B.6.5"", ""termsNumber"": ""HUS10 / 45511h"", ""url"": ""https://www.storebrand.no/privat/forsikring/husforsikring/_/attachment/inline/bed0c667-5e49-4a74-a9fe-3fee13bb9393:4249e68c81c5f5b48d1fd01bb4aabb347f4d1976/vilkar-husforsikring.pdf"", ""version"": ""HUS10""}","[""catalog/sources/storebrand/hus/Vilkar-hus-og-hytte-HUS10.pdf""]",RESOLVED,LABEL_SCOPE_MISMATCH,[],False,"HUS10B6.4.11physical29: electrical qualification applies to indoor bath devices, not all pool/bath objects; numeric schedule supported.",,"[""SF-1502"", ""SF-8060""]","[""GAP-0976"", ""GAP-5699""]"
CC-02432,"[""storebrand"",""bolig"",""ordinary"",""storebrand-hus-super"",""2025-08-15""]",,hus.aldersfradrag.badeinnretning,"2 år uten fradrag; deretter 10 % per år, maksimalt 80 %. Fradraget gjelder alle kostnader knyttet til reparasjonen.",storebrandHusTerms,"{""company"": ""Storebrand"", ""documentId"": ""storebrandHusTerms"", ""effectiveFrom"": ""2025-08-15"", ""filename"": ""Vilkar-hus-og-hytte-HUS10.pdf"", ""page"": 29, ""section"": ""B.6.5"", ""termsNumber"": ""HUS10 / 45511h"", ""url"": ""https://www.storebrand.no/privat/forsikring/husforsikring/_/attachment/inline/bed0c667-5e49-4a74-a9fe-3fee13bb9393:4249e68c81c5f5b48d1fd01bb4aabb347f4d1976/vilkar-husforsikring.pdf"", ""version"": ""HUS10""}","[""catalog/sources/storebrand/hus/Vilkar-hus-og-hytte-HUS10.pdf""]",RESOLVED,LABEL_SCOPE_MISMATCH,[],False,"HUS10B6.4.11physical29: electrical qualification applies to indoor bath devices, not all pool/bath objects; numeric schedule supported.",,"[""SF-1574"", ""SF-8061""]","[""GAP-1022"", ""GAP-5700""]"
CC-02579,"[""fremtind"",""bolig"",""ordinary"",""fremtind-hus-standard"",""PBK-200.100-015+PBK-200.200-010""]",,hus.bygninger.utsmykning,Kunstnerisk utsmykning av bygningen omfattes.,fremtindHusStandard,"{""company"": ""Fremtind"", ""documentId"": ""fremtindHusStandard"", ""effectiveFrom"": ""2024-01-01"", ""filename"": ""Vilkar_Topp_Hus.pdf"", ""note"": ""Kanonisk Fremtind-kilde distribuert gjennom Eika, SpareBank 1 og DNB; forsikringsbeviset avgjør avtalte valg."", ""page"": 2, ""productCode"": ""PBK-200.100"", ""section"": ""3.1 Bygning"", ""termsNumber"": ""PBK-200.100-015"", ""url"": ""https://dokument.fremtind.no/vilkar/fremtind/pm/eiendom/Vilkar_Topp_Hus.pdf"", ""version"": ""015""}","[""catalog/sources/fremtind/hus/canonical/Vilkar_Topp_Hus.pdf""]",RESOLVED,UNSUPPORTED_APPLICABILITY_OR_SEMANTICS,"[""SF-7268"", ""SF-7311""]",False,"{""artifact"": ""catalog/sources/fremtind/hus/canonical/Vilkar_Topp_Hus.pdf"", ""location"": ""Standard§3.1s3"", ""reason"": ""Kunstnerisk utsmykning under Omfattes ikke på Standard; Topppositiv§1.1""}",Exact claim supported; missing surrounding material dimensions listed separately,"[""SF-7268"", ""SF-7311""]","[""GAP-5076"", ""GAP-5106""]"
CC-03028,"[""if"",""reise"",""ordinary"",""if-reise-basis"",""2026-09-20-canonical""]",,reise.medisinsk.behandling,"Rimelige, nødvendige og dokumenterte utgifter ved uventet akutt sykdom eller alvorlig ulykkesskade: lege, sykehus, medisiner og behandling. Ingen generell øvre sum og ingen egenandel.",ifReiseTerms,"{""company"": ""If"", ""documentId"": ""ifReiseTerms"", ""effectiveFrom"": ""2025-03-22"", ""filename"": ""Helars-reiseforsikring-vilkar.pdf"", ""note"": ""Forsikringsbeviset går foran vilkårene og avgjør valgt nivå, personkrets, område, reisevarighet, summer, egenandeler og særvilkår."", ""page"": 13, ""productCode"": ""ERA3-4"", ""section"": ""5.1–5.2"", ""termsNumber"": ""ERA3-4"", ""url"": ""https://if.no/apps/vilkarsbasendokument/Vilkaar?produkt=Hel%C3%A5rs_reiseforsikring"", ""version"": ""ERA3-4""}","[""catalog/sources/if/reise/canonical/Helars-reiseforsikring-vilkar.pdf""]",RESOLVED,CATALOG_FACT_SEMANTICALLY_MISMAPPED,"[""SF-5085"", ""SF-5086""]",False,"{""artifact"": ""catalog/sources/if/reise/canonical/Helars-reiseforsikring-vilkar.pdf"", ""location"": ""13 §5.1"", ""actual"": ""skadet i en ulykke"", ""catalog"": ""alvorlig ulykkesskade"", ""note"": ""General benefits/sum correct; extra severity threshold unsupported for this dimension.""}",Exact claim supported; missing surrounding material dimensions listed separately,"[""SF-5085""]","[""GAP-3553""]"
CC-03043,"[""if"",""reise"",""ordinary"",""if-reise-basis"",""2026-09-20-canonical""]",,reise.sikkerhet.reisegods,"Personlige eiendeler skal være under tilsyn, forsvarlig oppbevart, låst, emballert og korrekt innsjekket; verdigjenstander skal ikke ligge i innsjekket bagasje. Ved forsinkelse må tilstrekkelig tid beregnes.",ifReiseTerms,"{""company"": ""If"", ""documentId"": ""ifReiseTerms"", ""effectiveFrom"": ""2025-03-22"", ""filename"": ""Helars-reiseforsikring-vilkar.pdf"", ""note"": ""Forsikringsbeviset går foran vilkårene og avgjør valgt nivå, personkrets, område, reisevarighet, summer, egenandeler og særvilkår."", ""page"": 8, ""productCode"": ""ERA3-4"", ""section"": ""3.1.2 og 4.4"", ""termsNumber"": ""ERA3-4"", ""url"": ""https://if.no/apps/vilkarsbasendokument/Vilkaar?produkt=Hel%C3%A5rs_reiseforsikring"", ""version"": ""ERA3-4""}","[""catalog/sources/if/reise/canonical/Helars-reiseforsikring-vilkar.pdf""]",RESOLVED,CATALOG_FACT_SEMANTICALLY_MISMAPPED,"[""SF-8104""]",False,"{""path"": ""catalog/sources/if/reise/canonical/Helars-reiseforsikring-vilkar.pdf"", ""location"": ""2 nivåtabell;8 §3;11 §4.4"", ""note"": ""Kapittel 3 og 4 gjelder Standard/Super. Basis har ikke forsinkelser eller personlige eiendeler i nivåtabellen; sikkerhetsforskrift for disse kapitlene er ikke dokumentasjon på en Basis-dekning.""}",,"[""SF-8104""]","[""GAP-5714""]"
CC-03059,"[""if"",""reise"",""ordinary"",""if-reise-standard"",""2026-09-20-canonical""]",,reise.medisinsk.behandling,"Rimelige, nødvendige og dokumenterte utgifter ved uventet akutt sykdom eller alvorlig ulykkesskade: lege, sykehus, medisiner og behandling. Ingen generell øvre sum og ingen egenandel.",ifReiseTerms,"{""company"": ""If"", ""documentId"": ""ifReiseTerms"", ""effectiveFrom"": ""2025-03-22"", ""filename"": ""Helars-reiseforsikring-vilkar.pdf"", ""note"": ""Forsikringsbeviset går foran vilkårene og avgjør valgt nivå, personkrets, område, reisevarighet, summer, egenandeler og særvilkår."", ""page"": 13, ""productCode"": ""ERA3-4"", ""section"": ""5.1–5.2"", ""termsNumber"": ""ERA3-4"", ""url"": ""https://if.no/apps/vilkarsbasendokument/Vilkaar?produkt=Hel%C3%A5rs_reiseforsikring"", ""version"": ""ERA3-4""}","[""catalog/sources/if/reise/canonical/Helars-reiseforsikring-vilkar.pdf""]",RESOLVED,CATALOG_FACT_SEMANTICALLY_MISMAPPED,"[""SF-5148"", ""SF-5149""]",False,"{""artifact"": ""catalog/sources/if/reise/canonical/Helars-reiseforsikring-vilkar.pdf"", ""location"": ""13 §5.1"", ""actual"": ""skadet i en ulykke"", ""catalog"": ""alvorlig ulykkesskade"", ""note"": ""General benefits/sum correct; extra severity threshold unsupported for this dimension.""}",Exact claim supported; missing surrounding material dimensions listed separately,"[""SF-5148""]","[""GAP-3590""]"
CC-03093,"[""if"",""reise"",""ordinary"",""if-reise-super"",""2026-09-20-canonical""]",,reise.medisinsk.behandling,"Rimelige, nødvendige og dokumenterte utgifter ved uventet akutt sykdom eller alvorlig ulykkesskade: lege, sykehus, medisiner og behandling. Ingen generell øvre sum og ingen egenandel.",ifReiseTerms,"{""company"": ""If"", ""documentId"": ""ifReiseTerms"", ""effectiveFrom"": ""2025-03-22"", ""filename"": ""Helars-reiseforsikring-vilkar.pdf"", ""note"": ""Forsikringsbeviset går foran vilkårene og avgjør valgt nivå, personkrets, område, reisevarighet, summer, egenandeler og særvilkår."", ""page"": 13, ""productCode"": ""ERA3-4"", ""section"": ""5.1–5.2"", ""termsNumber"": ""ERA3-4"", ""url"": ""https://if.no/apps/vilkarsbasendokument/Vilkaar?produkt=Hel%C3%A5rs_reiseforsikring"", ""version"": ""ERA3-4""}","[""catalog/sources/if/reise/canonical/Helars-reiseforsikring-vilkar.pdf""]",RESOLVED,CATALOG_FACT_SEMANTICALLY_MISMAPPED,"[""SF-5215"", ""SF-5216""]",False,"{""artifact"": ""catalog/sources/if/reise/canonical/Helars-reiseforsikring-vilkar.pdf"", ""location"": ""13 §5.1"", ""actual"": ""skadet i en ulykke"", ""catalog"": ""alvorlig ulykkesskade"", ""note"": ""General benefits/sum correct; extra severity threshold unsupported for this dimension.""}",Exact claim supported; missing surrounding material dimensions listed separately,"[""SF-5215""]","[""GAP-3631""]"
CC-03163,"[""storebrand"",""reise"",""ordinary"",""storebrand-reise-standard"",""2026-09-20-canonical""]",,reise.forsinkelse.rute,Overnatting inntil 3 000 kr per person og videretransport inntil 20 000 kr per person ved dokumenterte årsaker.,storebrandReiseTerms,"{""company"": ""Storebrand"", ""documentId"": ""storebrandReiseTerms"", ""effectiveFrom"": ""2025-06-01"", ""filename"": ""reise10-vilkar-reiseforsikring.pdf"", ""note"": ""Forsikringsbeviset går foran og angir nivå, sikrede, reisedager, summer, egenandeler og særvilkår."", ""page"": 8, ""productCode"": ""reise10"", ""section"": ""B.3"", ""termsNumber"": ""reise10"", ""url"": ""https://www.storebrand.no/privat/forsikring/reiseforsikring/_/attachment/inline/d834efe9-3dd1-4ac5-b81a-e88b9e4aa8d9:e889200271f53a0b6bf8059b3aff6bd43f442696/vilkar-reiseforsikring.pdf"", ""version"": ""reise10""}","[""catalog/sources/storebrand/reise/canonical/reise10-vilkar-reiseforsikring.pdf""]",RESOLVED,EVENT_SCOPE_CONFLATED,[],False,IPID1 versusTermsA/B1; B3.1 event1 differs from event2 at1500/24h.,,"[""SF-1626"", ""SF-1627"", ""SF-1628""]","[""GAP-1056"", ""GAP-1057"", ""GAP-1058""]"
CC-03276,"[""gjensidige"",""reise"",""ordinary"",""gjensidige-reise-pluss"",""2026-09-20-canonical""]",,reise.bagasje.per_gjenstand,Annet reisegods enn særskilte kategorier er begrenset til 20 000 kr per gjenstand.,gjensidigeReiseTerms,"{""company"": ""Gjensidige"", ""documentId"": ""gjensidigeReiseTerms"", ""effectiveFrom"": """", ""filename"": ""reise-alminnelige-vilkar.pdf"", ""note"": ""Forsikringsbeviset går foran for produkt, sikrede, reisevarighet, summer, egenandeler, utvidelser og særvilkår."", ""page"": 6, ""productCode"": ""Ikke oppgitt"", ""section"": ""Reisegods"", ""termsNumber"": ""Ikke oppgitt"", ""url"": ""https://www.gjensidige.no/files/privat/vilkar/reise/Reise-alminnelige-vilkar.pdf"", ""version"": ""Ikke oppgitt""}","[""catalog/sources/gjensidige/reise/reise-alminnelige-vilkar.pdf""]",RESOLVED,CATALOG_FACT_SEMANTICALLY_MISMAPPED,[],False,OwnPlussPDF6 40k; inheritedStandard20k. Wronglevelclaim despite validStandardprovenance.,,"[""SF-3252""]","[""GAP-2256""]"
CC-03349,"[""fremtind"",""reise"",""ordinary"",""fremtind-reise"",""PRE-450.200-015""]",,reise.sikkerhet.reisegods,"Reisegods skal holdes under tilsyn eller være forsvarlig låst og sikret. Verdigjenstander og elektronikk skal ikke sendes i innsjekket bagasje, og hendelser og utgifter må dokumenteres.",fremtindReiseUnifiedTerms,"{""company"": ""Fremtind"", ""documentId"": ""fremtindReiseUnifiedTerms"", ""effectiveFrom"": ""2025-03-17"", ""filename"": ""canonical/fremtind-reise-vilkar.pdf"", ""note"": ""Aktivt Fremtind-produkt for SpareBank 1, DNB og Eika nytegning; forsikringsbevis og særvilkår går foran."", ""page"": 5, ""productCode"": ""PRE-450.200-015"", ""section"": ""7.6"", ""termsNumber"": ""PRE-450.200-015"", ""url"": ""https://dokument.fremtind.no/vilkar/fremtind/pm/reise/Reise_PM.pdf"", ""version"": ""PRE-450.200-015""}","[""catalog/sources/fremtind/reise/canonical/fremtind-reise-vilkar.pdf""]",RESOLVED,UNSUPPORTED_APPLICABILITY_OR_SEMANTICS,"[""SF-7412""]",False,"{""artifact"": ""catalog/sources/fremtind/reise/canonical/fremtind-reise-vilkar.pdf"", ""location"": ""s4–5"", ""reason"": ""No§7.6; requirement not in full applicable archivedpackage""}",Exact claim supported; missing surrounding material dimensions listed separately,"[""SF-7412""]","[""GAP-5178""]"
CC-03353,"[""fremtind-eika-legacy"",""reise"",""ordinary"",""eika-reise-p10"",""P10-P10P-2025-01-01""]",,reise.personer.omfang,"Familie omfatter ektefelle/samboer, registrert partner, egne barn, særkullsbarn, fosterbarn og barn under vergeansvar til 21 år. Barnebarn og oldebarn omfattes på reise alene sammen med sikrede. Personene skal ha folkeregistrert bostedsadresse i Norden og nordiske trygderettigheter etter vilkåret.",fremtindReiseTerms,"{""company"": ""Fremtind"", ""documentId"": ""fremtindReiseTerms"", ""effectiveFrom"": ""2025-01-01"", ""filename"": ""canonical/reise-vilkar-p10.pdf"", ""note"": ""Historisk Eika-produkt med Fremtind som provider; skal bare brukes når kundedokumentet identifiserer P10/P10P."", ""page"": 4, ""productCode"": ""P10"", ""section"": ""1 Hvem forsikringen gjelder for"", ""termsNumber"": ""P10"", ""url"": ""https://partner.eikaforsikring.no/forsikring-min-side-web/rest/resource/open/vilkar/P10"", ""version"": ""P10""}","[""catalog/sources/fremtind/reise/canonical/reise-vilkar-p10.pdf""]",RESOLVED,UNSUPPORTED_APPLICABILITY_OR_SEMANTICS,"[""SF-7414"", ""SF-7452""]",False,"{""artifact"": ""catalog/sources/fremtind/reise/canonical/reise-vilkar-p10.pdf"", ""location"": ""§1.2s4"", ""reason"": ""Norge/norskfolketrygd ogbarnebarningenannenforsikring erstattes mednyNordengrenseregler.""}",Exact claim supported; missing surrounding material dimensions listed separately,"[""SF-7414"", ""SF-7452""]","[""GAP-5179"", ""GAP-5212""]"
CC-03359,"[""fremtind-eika-legacy"",""reise"",""ordinary"",""eika-reise-p10"",""P10-P10P-2025-01-01""]",,reise.bagasje.mobil,"Tyveri omfattes som reisegods. Fysisk mobilskade dekkes etter gjeldende kanalvilkår når skadeårsaken er tilfeldig, plutselig, ytre, kjent og knyttet til et bestemt tidspunkt; kosmetisk skade, fukt, innhold og arbeidsgivers telefon er unntatt.",fremtindReiseTerms,"{""company"": ""Fremtind"", ""documentId"": ""fremtindReiseTerms"", ""effectiveFrom"": ""2025-01-01"", ""filename"": ""canonical/reise-vilkar-p10.pdf"", ""note"": ""Historisk Eika-produkt med Fremtind som provider; skal bare brukes når kundedokumentet identifiserer P10/P10P."", ""page"": 8, ""productCode"": ""P10"", ""section"": ""7.4 Mobiltelefon / 2 Reisegods"", ""termsNumber"": ""P10"", ""url"": ""https://partner.eikaforsikring.no/forsikring-min-side-web/rest/resource/open/vilkar/P10"", ""version"": ""P10""}","[""catalog/sources/fremtind/reise/canonical/reise-vilkar-p10.pdf""]",RESOLVED,UNSUPPORTED_APPLICABILITY_OR_SEMANTICS,"[""SF-7453""]",False,"{""artifact"": ""catalog/sources/fremtind/reise/canonical/reise-vilkar-p10.pdf"", ""location"": ""§2.3–4s6–7;P15.6s27"", ""reason"": ""P10ingenegenmobiluhell;P15generelluhell6000/år. Eksakt Fremtindnyvilkår mobiltekst er ikke underbygd avhistoriskkilde.""}",Exact claim supported; missing surrounding material dimensions listed separately,"[""SF-7453""]","[""GAP-5213""]"
CC-03360,"[""fremtind-eika-legacy"",""reise"",""ordinary"",""eika-reise-p10"",""P10-P10P-2025-01-01""]",,reise.bagasje.mobil_egenandel,2 000 kr særskilt egenandel etter det nye Fremtind-vilkåret; kundens forsikringsbevis og kanalvilkår styrer ved avvik.,fremtindReiseTerms,"{""company"": ""Fremtind"", ""documentId"": ""fremtindReiseTerms"", ""effectiveFrom"": ""2025-01-01"", ""filename"": ""canonical/reise-vilkar-p10.pdf"", ""note"": ""Historisk Eika-produkt med Fremtind som provider; skal bare brukes når kundedokumentet identifiserer P10/P10P."", ""page"": 4, ""productCode"": ""P10"", ""section"": ""7.5.6 Spesielle egenandeler"", ""termsNumber"": ""P10"", ""url"": ""https://partner.eikaforsikring.no/forsikring-min-side-web/rest/resource/open/vilkar/P10"", ""version"": ""P10""}","[""catalog/sources/fremtind/reise/canonical/reise-vilkar-p10.pdf""]",RESOLVED,UNSUPPORTED_APPLICABILITY_OR_SEMANTICS,"[""SF-7454""]",False,"{""artifact"": ""catalog/sources/fremtind/reise/canonical/reise-vilkar-p10.pdf"", ""location"": ""§2.6s8;P15.19s28"", ""reason"": ""2000 fra currentFremtind kan ikke legges på P10/P15;historisk500/0.""}",Exact claim supported; missing surrounding material dimensions listed separately,"[""SF-7454""]","[""GAP-5214""]"
CC-03385,"[""fremtind-eika-legacy"",""reise"",""ordinary"",""eika-reise-p10"",""P10-P10P-2025-01-01""]",,reise.omrade.ud,Reiser til område med offisielt reiseråd eller krigsrisiko er unntatt. Avbestilling før reisen og evakuering under reisen har egne utløsende vilkår.,fremtindReiseTerms,"{""company"": ""Fremtind"", ""documentId"": ""fremtindReiseTerms"", ""effectiveFrom"": ""2025-01-01"", ""filename"": ""canonical/reise-vilkar-p10.pdf"", ""note"": ""Historisk Eika-produkt med Fremtind som provider; skal bare brukes når kundedokumentet identifiserer P10/P10P."", ""page"": 5, ""productCode"": ""P10"", ""section"": ""1.3 / 7 / evakuering"", ""termsNumber"": ""P10"", ""url"": ""https://partner.eikaforsikring.no/forsikring-min-side-web/rest/resource/open/vilkar/P10"", ""version"": ""P10""}","[""catalog/sources/fremtind/reise/canonical/reise-vilkar-p10.pdf""]",RESOLVED,UNSUPPORTED_APPLICABILITY_OR_SEMANTICS,"[""SF-7416"", ""SF-7455""]",False,"{""artifact"": ""catalog/sources/fremtind/reise/canonical/reise-vilkar-p10.pdf"", ""location"": ""§1.3s5"", ""reason"": ""P10 begrenser krigsrisikoområde ved skade direktefra slikrisiko; generiskalleoffisielle reiseråd dokumenteresikke.""}",Exact claim supported; missing surrounding material dimensions listed separately,"[""SF-7416"", ""SF-7455""]","[""GAP-5180"", ""GAP-5215""]"
CC-03400,"[""fremtind-eika-legacy"",""reise"",""ordinary"",""eika-reise-pluss-p10"",""P10-P10P-2025-01-01""]",,reise.personer.omfang,"Familie omfatter ektefelle/samboer, registrert partner, egne barn, særkullsbarn, fosterbarn og barn under vergeansvar til 21 år. Barnebarn og oldebarn omfattes på reise alene sammen med sikrede. Personene skal ha folkeregistrert bostedsadresse i Norden og nordiske trygderettigheter etter vilkåret.",fremtindReiseTerms,"{""company"": ""Fremtind"", ""documentId"": ""fremtindReiseTerms"", ""effectiveFrom"": ""2025-01-01"", ""filename"": ""canonical/reise-vilkar-p10.pdf"", ""note"": ""Historisk Eika-produkt med Fremtind som provider; skal bare brukes når kundedokumentet identifiserer P10/P10P."", ""page"": 4, ""productCode"": ""P10"", ""section"": ""1 Hvem forsikringen gjelder for"", ""termsNumber"": ""P10"", ""url"": ""https://partner.eikaforsikring.no/forsikring-min-side-web/rest/resource/open/vilkar/P10"", ""version"": ""P10""}","[""catalog/sources/fremtind/reise/canonical/reise-vilkar-p10.pdf""]",RESOLVED,UNSUPPORTED_APPLICABILITY_OR_SEMANTICS,"[""SF-7457"", ""SF-7500""]",False,"{""artifact"": ""catalog/sources/fremtind/reise/canonical/reise-vilkar-p10.pdf"", ""location"": ""§1.2s4"", ""reason"": ""Norge/norskfolketrygd ogbarnebarningenannenforsikring erstattes mednyNordengrenseregler.""}",Exact claim supported; missing surrounding material dimensions listed separately,"[""SF-7457"", ""SF-7500""]","[""GAP-5216"", ""GAP-5252""]"
CC-03406,"[""fremtind-eika-legacy"",""reise"",""ordinary"",""eika-reise-pluss-p10"",""P10-P10P-2025-01-01""]",,reise.bagasje.mobil,"Tyveri omfattes som reisegods. Fysisk mobilskade dekkes etter gjeldende kanalvilkår når skadeårsaken er tilfeldig, plutselig, ytre, kjent og knyttet til et bestemt tidspunkt; kosmetisk skade, fukt, innhold og arbeidsgivers telefon er unntatt.",fremtindReiseTerms,"{""company"": ""Fremtind"", ""documentId"": ""fremtindReiseTerms"", ""effectiveFrom"": ""2025-01-01"", ""filename"": ""canonical/reise-vilkar-p10.pdf"", ""note"": ""Historisk Eika-produkt med Fremtind som provider; skal bare brukes når kundedokumentet identifiserer P10/P10P."", ""page"": 8, ""productCode"": ""P10"", ""section"": ""7.4 Mobiltelefon / 2 Reisegods"", ""termsNumber"": ""P10"", ""url"": ""https://partner.eikaforsikring.no/forsikring-min-side-web/rest/resource/open/vilkar/P10"", ""version"": ""P10""}","[""catalog/sources/fremtind/reise/canonical/reise-vilkar-p10.pdf""]",RESOLVED,UNSUPPORTED_APPLICABILITY_OR_SEMANTICS,"[""SF-7501""]",False,"{""artifact"": ""catalog/sources/fremtind/reise/canonical/reise-vilkar-p10.pdf"", ""location"": ""§2.3–4s6–7;P15.6s27"", ""reason"": ""P10ingenegenmobiluhell;P15generelluhell6000/år. Eksakt Fremtindnyvilkår mobiltekst er ikke underbygd avhistoriskkilde.""}",Exact claim supported; missing surrounding material dimensions listed separately,"[""SF-7501""]","[""GAP-5253""]"
CC-03407,"[""fremtind-eika-legacy"",""reise"",""ordinary"",""eika-reise-pluss-p10"",""P10-P10P-2025-01-01""]",,reise.bagasje.mobil_egenandel,2 000 kr særskilt egenandel etter det nye Fremtind-vilkåret; kundens forsikringsbevis og kanalvilkår styrer ved avvik.,fremtindReiseTerms,"{""company"": ""Fremtind"", ""documentId"": ""fremtindReiseTerms"", ""effectiveFrom"": ""2025-01-01"", ""filename"": ""canonical/reise-vilkar-p10.pdf"", ""note"": ""Historisk Eika-produkt med Fremtind som provider; skal bare brukes når kundedokumentet identifiserer P10/P10P."", ""page"": 4, ""productCode"": ""P10"", ""section"": ""7.5.6 Spesielle egenandeler"", ""termsNumber"": ""P10"", ""url"": ""https://partner.eikaforsikring.no/forsikring-min-side-web/rest/resource/open/vilkar/P10"", ""version"": ""P10""}","[""catalog/sources/fremtind/reise/canonical/reise-vilkar-p10.pdf""]",RESOLVED,UNSUPPORTED_APPLICABILITY_OR_SEMANTICS,"[""SF-7502""]",False,"{""artifact"": ""catalog/sources/fremtind/reise/canonical/reise-vilkar-p10.pdf"", ""location"": ""§2.6s8;P15.19s28"", ""reason"": ""2000 fra currentFremtind kan ikke legges på P10/P15;historisk500/0.""}",Exact claim supported; missing surrounding material dimensions listed separately,"[""SF-7502""]","[""GAP-5254""]"
CC-03425,"[""fremtind-eika-legacy"",""reise"",""ordinary"",""eika-reise-pluss-p10"",""P10-P10P-2025-01-01""]",,reise.rettshjelp.egenandel,500 kr etter Eika-kanalvilkåret; forsikringsbeviset styrer.,fremtindReiseTerms,"{""company"": ""Fremtind"", ""documentId"": ""fremtindReiseTerms"", ""effectiveFrom"": ""2025-01-01"", ""filename"": ""canonical/reise-vilkar-p10.pdf"", ""note"": ""Historisk Eika-produkt med Fremtind som provider; skal bare brukes når kundedokumentet identifiserer P10/P10P."", ""page"": 17, ""productCode"": ""P10"", ""section"": ""5.5"", ""termsNumber"": ""P10"", ""url"": ""https://partner.eikaforsikring.no/forsikring-min-side-web/rest/resource/open/vilkar/P10"", ""version"": ""P10""}","[""catalog/sources/fremtind/reise/canonical/reise-vilkar-p10.pdf""]",RESOLVED,UNSUPPORTED_APPLICABILITY_OR_SEMANTICS,"[""SF-7480"", ""SF-7504""]",False,"{""artifact"": ""catalog/sources/fremtind/reise/canonical/reise-vilkar-p10.pdf"", ""location"": ""P15.19s28"", ""reason"": ""Plussfritak i ordinærtvilkår; arvetpositiv500/1000egenandel er ikke overstyrt i eksaktPluss.""}",Exact claim supported; missing surrounding material dimensions listed separately,"[""SF-7480"", ""SF-7504""]","[""GAP-5234"", ""GAP-5256""]"
CC-03427,"[""fremtind-eika-legacy"",""reise"",""ordinary"",""eika-reise-pluss-p10"",""P10-P10P-2025-01-01""]",,reise.ulykke.behandling,"Nødvendige behandlingsutgifter i inntil to år, begrenset til 5 % av invaliditetssummen. Egenandel 1 000 kr; tannskade for barn under 21 år 500 kr.",fremtindReiseTerms,"{""company"": ""Fremtind"", ""documentId"": ""fremtindReiseTerms"", ""effectiveFrom"": ""2025-01-01"", ""filename"": ""canonical/reise-vilkar-p10.pdf"", ""note"": ""Historisk Eika-produkt med Fremtind som provider; skal bare brukes når kundedokumentet identifiserer P10/P10P."", ""page"": 25, ""productCode"": ""P10"", ""section"": ""8.5–8.7"", ""termsNumber"": ""P10"", ""url"": ""https://partner.eikaforsikring.no/forsikring-min-side-web/rest/resource/open/vilkar/P10"", ""version"": ""P10""}","[""catalog/sources/fremtind/reise/canonical/reise-vilkar-p10.pdf""]",RESOLVED,UNSUPPORTED_APPLICABILITY_OR_SEMANTICS,"[""SF-7493"", ""SF-7505""]",False,"{""artifact"": ""catalog/sources/fremtind/reise/canonical/reise-vilkar-p10.pdf"", ""location"": ""P15.19s28"", ""reason"": ""Plussfritak i ordinærtvilkår; arvetpositiv500/1000egenandel er ikke overstyrt i eksaktPluss.""}",Exact claim supported; missing surrounding material dimensions listed separately,"[""SF-7493"", ""SF-7505""]","[""GAP-5247"", ""GAP-5257""]"
CC-03429,"[""fremtind-eika-legacy"",""reise"",""ordinary"",""eika-reise-pluss-p10"",""P10-P10P-2025-01-01""]",,reise.ulykke.behandling_egenandel,1 000 kr.,fremtindReiseTerms,"{""company"": ""Fremtind"", ""documentId"": ""fremtindReiseTerms"", ""effectiveFrom"": ""2025-01-01"", ""filename"": ""canonical/reise-vilkar-p10.pdf"", ""note"": ""Historisk Eika-produkt med Fremtind som provider; skal bare brukes når kundedokumentet identifiserer P10/P10P."", ""page"": 25, ""productCode"": ""P10"", ""section"": ""8.7"", ""termsNumber"": ""P10"", ""url"": ""https://partner.eikaforsikring.no/forsikring-min-side-web/rest/resource/open/vilkar/P10"", ""version"": ""P10""}","[""catalog/sources/fremtind/reise/canonical/reise-vilkar-p10.pdf""]",RESOLVED,UNSUPPORTED_APPLICABILITY_OR_SEMANTICS,"[""SF-7493"", ""SF-7506""]",False,"{""artifact"": ""catalog/sources/fremtind/reise/canonical/reise-vilkar-p10.pdf"", ""location"": ""P15.19s28"", ""reason"": ""Plussfritak i ordinærtvilkår; arvetpositiv500/1000egenandel er ikke overstyrt i eksaktPluss.""}",Exact claim supported; missing surrounding material dimensions listed separately,"[""SF-7493"", ""SF-7506""]","[""GAP-5247"", ""GAP-5258""]"
CC-03430,"[""fremtind-eika-legacy"",""reise"",""ordinary"",""eika-reise-pluss-p10"",""P10-P10P-2025-01-01""]",,reise.ulykke.tann_egenandel,500 kr.,fremtindReiseTerms,"{""company"": ""Fremtind"", ""documentId"": ""fremtindReiseTerms"", ""effectiveFrom"": ""2025-01-01"", ""filename"": ""canonical/reise-vilkar-p10.pdf"", ""note"": ""Historisk Eika-produkt med Fremtind som provider; skal bare brukes når kundedokumentet identifiserer P10/P10P."", ""page"": 25, ""productCode"": ""P10"", ""section"": ""8.7"", ""termsNumber"": ""P10"", ""url"": ""https://partner.eikaforsikring.no/forsikring-min-side-web/rest/resource/open/vilkar/P10"", ""version"": ""P10""}","[""catalog/sources/fremtind/reise/canonical/reise-vilkar-p10.pdf""]",RESOLVED,UNSUPPORTED_APPLICABILITY_OR_SEMANTICS,"[""SF-7493"", ""SF-7507""]",False,"{""artifact"": ""catalog/sources/fremtind/reise/canonical/reise-vilkar-p10.pdf"", ""location"": ""P15.19s28"", ""reason"": ""Plussfritak i ordinærtvilkår; arvetpositiv500/1000egenandel er ikke overstyrt i eksaktPluss.""}",Exact claim supported; missing surrounding material dimensions listed separately,"[""SF-7493"", ""SF-7507""]","[""GAP-5247"", ""GAP-5259""]"
CC-03432,"[""fremtind-eika-legacy"",""reise"",""ordinary"",""eika-reise-pluss-p10"",""P10-P10P-2025-01-01""]",,reise.omrade.ud,Reiser til område med offisielt reiseråd eller krigsrisiko er unntatt. Avbestilling før reisen og evakuering under reisen har egne utløsende vilkår.,fremtindReiseTerms,"{""company"": ""Fremtind"", ""documentId"": ""fremtindReiseTerms"", ""effectiveFrom"": ""2025-01-01"", ""filename"": ""canonical/reise-vilkar-p10.pdf"", ""note"": ""Historisk Eika-produkt med Fremtind som provider; skal bare brukes når kundedokumentet identifiserer P10/P10P."", ""page"": 5, ""productCode"": ""P10"", ""section"": ""1.3 / 7 / evakuering"", ""termsNumber"": ""P10"", ""url"": ""https://partner.eikaforsikring.no/forsikring-min-side-web/rest/resource/open/vilkar/P10"", ""version"": ""P10""}","[""catalog/sources/fremtind/reise/canonical/reise-vilkar-p10.pdf""]",RESOLVED,UNSUPPORTED_APPLICABILITY_OR_SEMANTICS,"[""SF-7459"", ""SF-7503""]",False,"{""artifact"": ""catalog/sources/fremtind/reise/canonical/reise-vilkar-p10.pdf"", ""location"": ""§1.3s5"", ""reason"": ""P10 begrenser krigsrisikoområde ved skade direktefra slikrisiko; generiskalleoffisielle reiseråd dokumenteresikke.""}",Exact claim supported; missing surrounding material dimensions listed separately,"[""SF-7459"", ""SF-7503""]","[""GAP-5217"", ""GAP-5255""]"
CC-03482,"[""frende"",""reise"",""ordinary"",""frende-reiseforsikring"",""2026-03-01""]",,reise.medisinsk.graviditet,Akutt sykdom og uventede komplikasjoner kan omfattes før uke 36. Fødsel og svangerskapskomplikasjoner etter 36. svangerskapsuke er unntatt fra reisesyke og avbestilling.,frendeReiseTerms,"{""company"": ""Frende"", ""documentId"": ""frendeReiseTerms"", ""effectiveFrom"": ""2026-03-01"", ""filename"": ""Vilkar-reiseforsikring-01032026.pdf"", ""note"": ""Forsikringsbeviset går foran for sikrede, enkeltperson/familie, varighet og fortsettelsesforsikring, geografisk område, summer, egenandeler, reservasjoner og særvilkår."", ""page"": 3, ""productCode"": ""Ikke oppgitt"", ""section"": ""3.3 og 6.3"", ""termsNumber"": ""Ikke oppgitt"", ""url"": ""https://api.frende.no/documents/terms/public/pnc/TravelInsurance"", ""version"": ""Vilkår av 01. mars 2026""}","[""catalog/sources/frende/reise/Vilkar-reiseforsikring-01032026.pdf""]",RESOLVED,LABEL_BOUNDARY_MISMATCH,[],False,Fullterms6.3p7/3.3p3 after36 versus first catalog sentence before36; preserve exact source formulation without inferred day.,,"[""SF-0602"", ""SF-0620"", ""SF-8078""]","[""GAP-0329"", ""GAP-0335"", ""GAP-5713""]"
CC-05278,"[""tryg"",""båt"",""ordinary"",""tryg-bat-kasko-ansvar"",""2024-07-01""]",tryg-bat-maskinskade,bat.maskinskade.alder,Innenbordsmotor under 15 år; utenbordsmotor/seilbåt under 12 år,boat-pet:tryg:båt:machinery,"{""agreementScope"": ""ordinary"", ""company"": ""Tryg"", ""documentId"": ""boat-pet:tryg:båt:machinery"", ""effectiveFrom"": ""2026-01-01"", ""filename"": ""tryg-boat-machinery-terms.pdf"", ""note"": ""Offentlig produktgrunnlag. Kundens forsikringsbevis har forrang; valgfrie dekninger og kundespesifikke summer krever dokumentert valg."", ""page"": 1, ""section"": ""Maskinskade"", ""termsNumber"": ""PFB36910"", ""url"": ""https://www.tryg.no/forsikringer/kjoretoy/batforsikring"", ""version"": ""2026-01-01""}","[""catalog/sources/boat-pet/tryg-boat-machinery-terms.pdf""]",RESOLVED,CATALOG_FACT_SEMANTICALLY_MISMAPPED,"[""SF-6144""]",False,"{""artifact"": ""catalog/sources/boat-pet/tryg-boat-machinery-terms.pdf"", ""location"": ""1 §1"", ""note"": ""Under15/12vsutperioden15/12;seilbåtoldIPIDtypedconflictdistinct""}",Exact claim supported; missing surrounding material dimensions listed separately,"[""SF-6144""]","[""GAP-4297""]"
CC-05293,"[""tryg"",""båt"",""ordinary"",""tryg-bat-bat-ekstra"",""2024-07-01""]",tryg-bat-maskinskade,bat.maskinskade.alder,Innenbordsmotor under 15 år; utenbordsmotor/seilbåt under 12 år,boat-pet:tryg:båt:machinery,"{""agreementScope"": ""ordinary"", ""company"": ""Tryg"", ""documentId"": ""boat-pet:tryg:båt:machinery"", ""effectiveFrom"": ""2026-01-01"", ""filename"": ""tryg-boat-machinery-terms.pdf"", ""note"": ""Offentlig produktgrunnlag. Kundens forsikringsbevis har forrang; valgfrie dekninger og kundespesifikke summer krever dokumentert valg."", ""page"": 1, ""section"": ""Maskinskade"", ""termsNumber"": ""PFB36910"", ""url"": ""https://www.tryg.no/forsikringer/kjoretoy/batforsikring"", ""version"": ""2026-01-01""}","[""catalog/sources/boat-pet/tryg-boat-machinery-terms.pdf""]",RESOLVED,CATALOG_FACT_SEMANTICALLY_MISMAPPED,"[""SF-6177""]",False,"{""artifact"": ""catalog/sources/boat-pet/tryg-boat-machinery-terms.pdf"", ""location"": ""1 §1"", ""note"": ""Under15/12vsutperioden15/12;seilbåtoldIPIDtypedconflictdistinct""}",Exact claim supported; missing surrounding material dimensions listed separately,"[""SF-6177""]","[""GAP-4327""]"
CC-05314,"[""if"",""båt"",""ordinary"",""if-bat-kasko"",""2023-02-01""]",if-bat-motor-gir,bat.maskinskade.egenandel,"Aldersgradert prosentandel, minst 8 000 kr",boat-pet:if:båt,"{""agreementScope"": ""ordinary"", ""company"": ""If"", ""documentId"": ""boat-pet:if:båt"", ""effectiveFrom"": ""2023-02-01"", ""filename"": ""if-boat-terms.pdf"", ""note"": ""Offentlig produktgrunnlag. Kundens forsikringsbevis har forrang; valgfrie dekninger og kundespesifikke summer krever dokumentert valg."", ""page"": 6, ""section"": ""4.9.5"", ""termsNumber"": ""BÅT2-1"", ""url"": ""https://if.no/apps/vilkarsbasendokument/Vilkaar?produkt=B%C3%A5tforsikring"", ""version"": ""2023-02-01""}","[""catalog/sources/boat-pet/if-boat-terms.pdf""]",RESOLVED,CATALOG_FACT_SEMANTICALLY_MISMAPPED,"[""SF-5313""]",False,"{""artifact"": ""catalog/sources/boat-pet/if-boat-terms.pdf"", ""location"": ""6 §4.9.5"", ""note"": ""Catalogminimum8kinvalidfor4kbranchthrough5years;percentageonly11–15.""}",Exact claim supported; missing surrounding material dimensions listed separately,"[""SF-5313""]","[""GAP-3706""]"
CC-05329,"[""if"",""båt"",""ordinary"",""if-bat-super"",""2023-02-01""]",if-bat-motor-gir,bat.maskinskade.egenandel,"Aldersgradert prosentandel, minst 8 000 kr",boat-pet:if:båt,"{""agreementScope"": ""ordinary"", ""company"": ""If"", ""documentId"": ""boat-pet:if:båt"", ""effectiveFrom"": ""2023-02-01"", ""filename"": ""if-boat-terms.pdf"", ""note"": ""Offentlig produktgrunnlag. Kundens forsikringsbevis har forrang; valgfrie dekninger og kundespesifikke summer krever dokumentert valg."", ""page"": 6, ""section"": ""4.9.5"", ""termsNumber"": ""BÅT2-1"", ""url"": ""https://if.no/apps/vilkarsbasendokument/Vilkaar?produkt=B%C3%A5tforsikring"", ""version"": ""2023-02-01""}","[""catalog/sources/boat-pet/if-boat-terms.pdf""]",RESOLVED,CATALOG_FACT_SEMANTICALLY_MISMAPPED,"[""SF-5358""]",False,"{""artifact"": ""catalog/sources/boat-pet/if-boat-terms.pdf"", ""location"": ""6 §4.9.5"", ""note"": ""Catalogminimum8kinvalidfor4kbranchthrough5years;percentageonly11–15.""}",Exact claim supported; missing surrounding material dimensions listed separately,"[""SF-5358""]","[""GAP-3746""]"
CC-05546,"[""gjensidige"",""hund"",""ordinary"",""gjensidige-hund-behandling"",null]",,dyr.rehabilitering.grense,Inntil 5 000 kr,boat-pet:gjensidige:hund,"{""agreementScope"": ""ordinary"", ""company"": ""Gjensidige"", ""documentId"": ""boat-pet:gjensidige:hund"", ""effectiveFrom"": """", ""filename"": ""gjensidige-dog-ipid.pdf"", ""note"": ""Offentlig produktgrunnlag. Kundens forsikringsbevis har forrang; valgfrie dekninger og kundespesifikke summer krever dokumentert valg."", ""page"": 1, ""section"": ""Behandling"", ""termsNumber"": ""EAP32"", ""url"": ""https://www.gjensidige.no/forsikring/dyreforsikring/hundeforsikring"", ""version"": """"}","[""catalog/sources/boat-pet/gjensidige-dog-ipid.pdf""]",RESOLVED,CATALOG_FACT_SEMANTICALLY_MISMAPPED,[],False,Optional5kactualsumisinfulltermsbutnotunconditionalbase;IPIDp1hasno5k;runtimebaseincludedterm/unknowncoverage.,,"[""SF-4044"", ""SF-4062""]","[""GAP-2892"", ""GAP-2908""]"
CC-05599,"[""sparebank1-fremtind"",""hund"",""ordinary"",""sparebank1-fremtind-hund-veterin-r"",""2025-08-07""]",,dyr.diagnostikk.grense,MR/CT innen valgt forsikringssum,boat-pet:sparebank1-fremtind:hund,"{""agreementScope"": ""ordinary"", ""company"": ""Fremtind"", ""documentId"": ""boat-pet:sparebank1-fremtind:hund"", ""effectiveFrom"": ""2025-08-07"", ""filename"": ""fremtind-dog-vet-terms.pdf"", ""note"": ""Offentlig produktgrunnlag. Kundens forsikringsbevis har forrang; valgfrie dekninger og kundespesifikke summer krever dokumentert valg."", ""page"": 2, ""section"": ""Veterinærutgifter"", ""termsNumber"": ""PBK-231.200-004"", ""url"": ""https://www.sparebank1.no/nb/bank/privat/forsikring/hundeforsikring.html"", ""version"": ""2025-08-07""}","[""catalog/sources/boat-pet/fremtind-dog-vet-terms.pdf""]",RESOLVED,SEMANTIC_SCOPE_OR_BOUNDARY_MISMATCH,"[""SF-7927"", ""SF-7939""]",False,"{""artifact"": ""catalog/sources/boat-pet/fremtind-dog-vet-terms.pdf"", ""location"": ""§7s1"", ""reason"": ""Hundbase15000/år er erstattet medbarevalgt sum;Topp kanfjerne15000sublimit. Katt15000/år korrekt.""}",Exact claim supported; missing surrounding material dimensions listed separately,"[""SF-7927"", ""SF-7939""]","[""GAP-5584"", ""GAP-5596""]"
CC-05607,"[""sparebank1-fremtind"",""hund"",""ordinary"",""sparebank1-fremtind-hund-veterin-r"",""2025-08-07""]",sparebank1-fremtind-hund-liv,dyr.liv.reduksjon.start,"5 eller 7 år, avhengig av dokumentert rasegruppe",boat-pet:sparebank1-fremtind:hund:life,"{""agreementScope"": ""ordinary"", ""company"": ""Fremtind"", ""documentId"": ""boat-pet:sparebank1-fremtind:hund:life"", ""effectiveFrom"": ""2025-08-07"", ""filename"": ""fremtind-dog-life-terms.pdf"", ""note"": ""Offentlig produktgrunnlag. Kundens forsikringsbevis har forrang; valgfrie dekninger og kundespesifikke summer krever dokumentert valg."", ""page"": 1, ""section"": ""Erstatningsregler"", ""termsNumber"": ""PBK-231.210-002"", ""url"": ""https://www.sparebank1.no/nb/bank/privat/forsikring/hundeforsikring.html"", ""version"": ""2025-08-07""}","[""catalog/sources/boat-pet/fremtind-dog-life-terms.pdf""]",RESOLVED,SEMANTIC_SCOPE_OR_BOUNDARY_MISMATCH,"[""SF-7944"", ""SF-7953""]",False,"{""artifact"": ""catalog/sources/boat-pet/fremtind-dog-life-terms.pdf"", ""location"": ""Død/tap s1tabeller"", ""reason"": ""Katalogfradrag5/7 utelaterden9årigegruppen;rasegrupper/gulv1500oghovedforfall ikke presist.""}",Exact claim supported; missing surrounding material dimensions listed separately,"[""SF-7944"", ""SF-7953""]","[""GAP-5601"", ""GAP-5608""]"
