family,products,eligible_products,products_fully_audited,products_partially_reviewed,products_not_started,addons,addons_fully_audited,addons_partially_reviewed,sources,sourcefacts,advisor_relevant_source_facts,represented,missing,too_coarse,mismapped,structural,provider_specific_detail_candidates,customer_specific,administrative,review,P0,P1,P2,P3,source_insufficient_proven,source_sufficiency_complete,unsupported_catalog_claims_proven,unsupported_candidates,family_status,family_checkpoint,zero_gap_interpretation,catalog_readiness_distribution,source_research_products,source_insufficient_products,addons_complete,deep_reviews,source_sufficiency_status
Bil,35,35,35,0,0,24,26,0,24,1438,1377,327,364,632,2,0,1,28,61,19,0,490,512,0,0,False,2,0,GAPS_FOUND,COMPLETE,"Counts describe this catalog, not insurer quality; review complete relative to frozen local corpus.","{""REMEDIATION_REQUIRED"": 35}",11,0,26,35,ASSESSED_WITH_OPEN_SOURCE_QUESTIONS
Innbo,12,12,12,0,0,4,4,0,17,688,679,161,195,269,11,0,4,13,9,9,0,259,221,0,3,False,1,0,GAPS_FOUND,COMPLETE,"Counts describe this catalog, not insurer quality; review complete relative to frozen local corpus.","{""REMEDIATION_REQUIRED"": 12}",12,3,4,12,ASSESSED_WITH_OPEN_SOURCE_QUESTIONS
Hus,13,13,13,0,0,10,10,0,37,855,833,375,68,347,4,2,0,4,22,8,0,253,171,0,3,False,2,0,GAPS_FOUND,COMPLETE,"Counts describe this catalog, not insurer quality; review complete relative to frozen local corpus.","{""REVIEW_REQUIRED"": 2, ""REMEDIATION_REQUIRED"": 11}",11,3,10,13,ASSESSED_WITH_OPEN_SOURCE_QUESTIONS
Reise,14,12,14,0,0,2,2,0,28,833,818,264,115,386,12,1,0,11,15,3,0,334,198,0,0,False,0,0,GAPS_FOUND,COMPLETE,"Counts describe this catalog, not insurer quality; review complete relative to frozen local corpus.","{""REMEDIATION_REQUIRED"": 14}",10,0,2,14,ASSESSED_WITH_OPEN_SOURCE_QUESTIONS
Snøscooter,18,18,18,0,0,2,2,0,14,469,441,35,244,143,0,0,7,9,28,3,0,233,157,0,0,False,0,0,GAPS_FOUND,COMPLETE,"Counts describe this catalog, not insurer quality; review complete relative to frozen local corpus.","{""REMEDIATION_REQUIRED"": 18}",6,0,2,18,ASSESSED_WITH_OPEN_SOURCE_QUESTIONS
Campingvogn,17,17,17,0,0,0,0,0,13,491,463,58,257,129,0,0,4,10,28,5,0,235,154,0,2,False,0,0,GAPS_FOUND,COMPLETE,"Counts describe this catalog, not insurer quality; review complete relative to frozen local corpus.","{""REMEDIATION_REQUIRED"": 17}",8,2,0,17,ASSESSED_WITH_OPEN_SOURCE_QUESTIONS
Tilhenger,12,12,12,0,0,0,0,0,12,287,256,31,139,65,0,0,2,5,31,11,0,102,105,0,3,False,0,0,GAPS_FOUND,COMPLETE,"Counts describe this catalog, not insurer quality; review complete relative to frozen local corpus.","{""REMEDIATION_REQUIRED"": 12}",9,3,0,12,ASSESSED_WITH_OPEN_SOURCE_QUESTIONS
MC,19,19,19,0,0,4,4,0,18,627,597,132,233,199,0,0,6,16,30,10,0,230,210,0,0,False,3,0,GAPS_FOUND,COMPLETE,"Counts describe this catalog, not insurer quality; review complete relative to frozen local corpus.","{""REMEDIATION_REQUIRED"": 19}",11,0,4,19,ASSESSED_WITH_OPEN_SOURCE_QUESTIONS
Bobil,24,24,24,0,0,12,12,0,22,990,952,239,290,355,0,0,1,26,38,15,0,360,313,0,3,False,0,0,GAPS_FOUND,COMPLETE,"Counts describe this catalog, not insurer quality; review complete relative to frozen local corpus.","{""REMEDIATION_REQUIRED"": 24}",16,3,12,24,ASSESSED_WITH_OPEN_SOURCE_QUESTIONS
Båt,20,20,20,0,0,5,5,0,10,737,699,30,349,251,4,0,5,34,38,12,0,417,207,0,5,False,0,0,GAPS_FOUND,COMPLETE,"Counts describe this catalog, not insurer quality; review complete relative to frozen local corpus.","{""REMEDIATION_REQUIRED"": 20}",17,5,5,20,ASSESSED_WITH_OPEN_SOURCE_QUESTIONS
Hund,10,10,10,0,0,12,12,0,14,371,355,32,215,78,5,1,4,13,16,1,0,206,96,0,0,False,0,0,GAPS_FOUND,COMPLETE,"Counts describe this catalog, not insurer quality; review complete relative to frozen local corpus.","{""REMEDIATION_REQUIRED"": 10}",7,0,12,10,ASSESSED_WITH_OPEN_SOURCE_QUESTIONS
Katt,10,10,10,0,0,7,7,0,13,318,303,31,192,56,0,1,3,13,15,2,0,162,89,0,0,False,0,0,GAPS_FOUND,COMPLETE,"Counts describe this catalog, not insurer quality; review complete relative to frozen local corpus.","{""REMEDIATION_REQUIRED"": 10}",6,0,7,10,ASSESSED_WITH_OPEN_SOURCE_QUESTIONS
