dimension,value,P0,P1,P2,P3,occurrences,signatures
provider,dnb-fremtind,0,41,72,0,113,41
provider,eika-fremtind,0,78,105,0,183,79
provider,fremtind,0,157,304,0,461,222
provider,fremtind-eika-legacy,0,37,44,0,81,45
provider,frende,0,507,270,0,777,366
provider,gjensidige,0,772,351,0,1123,525
provider,if,0,407,592,0,999,418
provider,sparebank1-fremtind,0,141,116,0,257,133
provider,storebrand,0,820,231,0,1051,468
provider,tryg,0,321,348,0,669,311
family,Bil,0,490,512,0,1002,359
family,Bobil,0,360,313,0,673,228
family,Båt,0,417,207,0,624,263
family,Campingvogn,0,235,154,0,389,163
family,Hund,0,206,96,0,302,211
family,Hus,0,253,171,0,424,215
family,Innbo,0,259,221,0,480,262
family,Katt,0,162,89,0,251,173
family,MC,0,230,210,0,440,178
family,Reise,0,334,198,0,532,292
family,Snøscooter,0,233,157,0,390,159
family,Tilhenger,0,102,105,0,207,105
batch,RB-01,0,100,30,0,130,114
batch,RB-02,0,216,50,0,266,114
batch,RB-03,0,16,11,0,27,12
batch,RB-04,0,2,11,0,13,8
batch,RB-05,0,2,3,0,5,5
batch,RB-06,0,106,32,0,138,67
batch,RB-07,0,10,10,0,20,20
batch,RB-08,0,15,16,0,31,16
batch,RB-09,0,12,10,0,22,22
batch,RB-10,0,382,116,0,498,189
batch,RB-11,0,82,20,0,102,56
batch,RB-12,0,90,12,0,102,55
batch,RB-13,0,103,8,0,111,60
batch,RB-14,0,43,4,0,47,47
batch,RB-15,0,95,48,0,143,49
batch,RB-16,0,49,28,0,77,31
batch,RB-17,0,84,47,0,131,42
batch,RB-18,0,1,0,0,1,1
batch,RB-19,0,91,87,0,178,86
batch,RB-20,0,95,65,0,160,54
batch,RB-21,0,78,22,0,100,59
batch,RB-22,0,81,30,0,111,59
batch,RB-23,0,2,0,0,2,2
batch,RB-24,0,81,16,0,97,52
batch,RB-25,0,1,0,0,1,1
batch,RB-26,0,168,93,0,261,89
batch,RB-27,0,1,0,0,1,1
batch,RB-28,0,1,0,0,1,1
batch,RB-29,0,104,76,0,180,73
batch,RB-30,0,1,0,0,1,1
batch,RB-31,0,3,0,0,3,3
batch,RB-32,0,139,245,0,384,154
batch,RB-33,0,9,0,0,9,9
batch,RB-34,0,37,82,0,119,46
batch,RB-35,0,38,54,0,92,36
batch,RB-36,0,48,61,0,109,48
batch,RB-37,0,63,55,0,118,55
batch,RB-38,0,46,85,0,131,49
batch,RB-39,0,15,33,0,48,23
batch,RB-40,0,68,69,0,137,46
batch,RB-41,0,87,77,0,164,58
batch,RB-42,0,54,28,0,82,30
batch,RB-43,0,26,26,0,52,52
batch,RB-44,0,21,41,0,62,37
batch,RB-45,0,0,16,0,16,9
batch,RB-46,0,35,40,0,75,28
batch,RB-47,0,166,294,0,460,164
batch,RB-48,0,29,44,0,73,42
batch,RB-49,0,27,43,0,70,38
batch,RB-50,0,16,19,0,35,35
batch,RB-51,0,37,44,0,81,45
batch,RB-52,0,49,65,0,114,57
batch,RB-53,0,28,85,0,113,42
batch,RB-54,0,56,36,0,92,40
batch,RB-55,0,44,8,0,52,52
batch,RB-56,0,28,38,0,66,24
root_cause,SCRC-001,0,73,20,0,93,93
root_cause,SCRC-002,0,27,10,0,37,21
root_cause,SCRC-003,0,216,50,0,266,114
root_cause,SCRC-004,0,16,11,0,27,12
root_cause,SCRC-005,0,2,11,0,13,8
root_cause,SCRC-006,0,2,3,0,5,5
root_cause,SCRC-007,0,106,32,0,138,67
root_cause,SCRC-008,0,10,10,0,20,20
root_cause,SCRC-009,0,15,16,0,31,16
root_cause,SCRC-010,0,12,10,0,22,22
root_cause,SCRC-011,0,382,116,0,498,189
root_cause,SCRC-012,0,81,20,0,101,55
root_cause,SCRC-013,0,1,0,0,1,1
root_cause,SCRC-014,0,90,12,0,102,55
root_cause,SCRC-015,0,103,8,0,111,60
root_cause,SCRC-016,0,43,4,0,47,47
root_cause,SCRC-017,0,95,48,0,143,49
root_cause,SCRC-018,0,49,28,0,77,31
root_cause,SCRC-019,0,84,47,0,131,42
root_cause,SCRC-020,0,1,0,0,1,1
root_cause,SCRC-021,0,91,87,0,178,86
root_cause,SCRC-022,0,95,65,0,160,54
root_cause,SCRC-023,0,70,22,0,92,53
root_cause,SCRC-024,0,8,0,0,8,6
root_cause,SCRC-025,0,79,30,0,109,58
root_cause,SCRC-026,0,2,0,0,2,1
root_cause,SCRC-027,0,2,0,0,2,2
root_cause,SCRC-028,0,81,16,0,97,52
root_cause,SCRC-029,0,1,0,0,1,1
root_cause,SCRC-030,0,168,93,0,261,89
root_cause,SCRC-031,0,1,0,0,1,1
root_cause,SCRC-032,0,1,0,0,1,1
root_cause,SCRC-033,0,104,76,0,180,73
root_cause,SCRC-034,0,1,0,0,1,1
root_cause,SCRC-035,0,3,0,0,3,3
root_cause,SCRC-036,0,139,245,0,384,154
root_cause,SCRC-037,0,9,0,0,9,9
root_cause,SCRC-038,0,37,82,0,119,46
root_cause,SCRC-039,0,38,54,0,92,36
root_cause,SCRC-040,0,48,61,0,109,48
root_cause,SCRC-041,0,63,55,0,118,55
root_cause,SCRC-042,0,46,85,0,131,49
root_cause,SCRC-043,0,15,33,0,48,23
root_cause,SCRC-044,0,68,69,0,137,46
root_cause,SCRC-045,0,87,77,0,164,58
root_cause,SCRC-046,0,54,28,0,82,30
root_cause,SCRC-047,0,26,26,0,52,52
root_cause,SCRC-048,0,21,41,0,62,37
root_cause,SCRC-049,0,0,16,0,16,9
root_cause,SCRC-050,0,35,40,0,75,28
root_cause,SCRC-051,0,166,294,0,460,164
root_cause,SCRC-052,0,29,44,0,73,42
root_cause,SCRC-053,0,27,43,0,70,38
root_cause,SCRC-054,0,16,19,0,35,35
root_cause,SCRC-055,0,37,44,0,81,45
root_cause,SCRC-056,0,49,65,0,114,57
root_cause,SCRC-057,0,28,85,0,113,42
root_cause,SCRC-058,0,56,36,0,92,40
root_cause,SCRC-059,0,44,8,0,52,52
root_cause,SCRC-060,0,28,38,0,66,24
