provider,insurance_type,agreement_scope,product_id,version,product_identity,eligible,historical,source_artifact_count,runtime_linked_artifact_count,discovered_manifest_candidate_count,advisor_relevant_source_fact_count,source_fact_occurrence_count,represented_fact_count,missing_fact_count,too_coarse_count,review_count,customer_specific_count,administrative_count,completeness_status,manual_reviewed,semantic_audit_status,full_product_inventory_complete,source_support_status,catalog_product_status,catalog_fact_count,available_optional_fact_occurrences,materialized_comparison_fact_count,supported_catalog_fact_count,unsupported_candidate_count,manual_review_depth,P0,P1,P2,P3,remaining_work,unsupported_confirmed_count,source_research_required,local_source_insufficient,reverse_claim_count,catalog_readiness,reviewed_source_artifact_count
tryg,Bil,ordinary,bil-ansvar,PAU25003,"[""tryg"",""bil"",""ordinary"",""bil-ansvar"",""PAU25003""]",True,False,3,3,0,16,19,8,2,6,0,0,3,MATERIAL_GAPS,True,COMPLETE,True,REVERSE_REVIEW_COMPLETE,ACTIVE_IN_LOCAL_RUNTIME,5,10,11,15,0,FULL_DEEP_REVIEW,0,3,5,0,No unfinished local audit step. Remediation/source research remains as recorded; not authorized.,0,False,False,15,REMEDIATION_REQUIRED,6
tryg,Bil,ordinary,bil-delkasko,PAU25835,"[""tryg"",""bil"",""ordinary"",""bil-delkasko"",""PAU25835""]",True,False,4,4,0,27,30,13,4,10,0,0,3,MATERIAL_GAPS,True,COMPLETE,True,REVERSE_REVIEW_COMPLETE,ACTIVE_IN_LOCAL_RUNTIME,22,10,27,32,0,FULL_DEEP_REVIEW,0,5,9,0,No unfinished local audit step. Remediation/source research remains as recorded; not authorized.,0,False,False,32,REMEDIATION_REQUIRED,7
tryg,Bil,ordinary,bil-kasko,PAU25205,"[""tryg"",""bil"",""ordinary"",""bil-kasko"",""PAU25205""]",True,False,7,7,0,65,68,38,4,23,0,0,3,MATERIAL_GAPS,True,COMPLETE,True,REVERSE_REVIEW_COMPLETE,ACTIVE_IN_LOCAL_RUNTIME,35,68,73,103,0,FULL_DEEP_REVIEW,0,7,20,0,No unfinished local audit step. Remediation/source research remains as recorded; not authorized.,0,False,False,103,REMEDIATION_REQUIRED,10
if,Bil,ordinary,if-bil-ansvar,MOT2-2,"[""if"",""bil"",""ordinary"",""if-bil-ansvar"",""MOT2-2""]",True,False,1,1,0,12,13,3,4,4,0,1,1,MATERIAL_GAPS,True,COMPLETE,True,REVERSE_REVIEW_COMPLETE,ACTIVE_IN_LOCAL_RUNTIME,10,0,10,10,0,FULL_DEEP_REVIEW,0,3,5,0,No unfinished local audit step. Remediation/source research remains as recorded; not authorized.,0,False,False,10,REMEDIATION_REQUIRED,2
if,Bil,ordinary,if-bil-delkasko,MOT2-2,"[""if"",""bil"",""ordinary"",""if-bil-delkasko"",""MOT2-2""]",True,False,1,1,0,26,27,9,8,8,0,1,1,MATERIAL_GAPS,True,COMPLETE,True,REVERSE_REVIEW_COMPLETE,ACTIVE_IN_LOCAL_RUNTIME,29,0,28,29,0,FULL_DEEP_REVIEW,0,7,9,0,No unfinished local audit step. Remediation/source research remains as recorded; not authorized.,0,False,False,29,REMEDIATION_REQUIRED,2
if,Bil,ordinary,if-bil-kasko,MOT2-2,"[""if"",""bil"",""ordinary"",""if-bil-kasko"",""MOT2-2""]",True,False,1,1,0,40,41,17,10,12,0,1,1,MATERIAL_GAPS,True,COMPLETE,True,REVERSE_REVIEW_COMPLETE,ACTIVE_IN_LOCAL_RUNTIME,33,14,45,47,0,FULL_DEEP_REVIEW,0,10,12,0,No unfinished local audit step. Remediation/source research remains as recorded; not authorized.,0,False,False,47,REMEDIATION_REQUIRED,2
if,Bil,ordinary,if-bil-super,MOT2-2,"[""if"",""bil"",""ordinary"",""if-bil-super"",""MOT2-2""]",True,False,1,1,0,45,46,20,8,16,0,1,1,MATERIAL_GAPS,True,COMPLETE,True,REVERSE_REVIEW_COMPLETE,ACTIVE_IN_LOCAL_RUNTIME,46,14,57,60,0,FULL_DEEP_REVIEW,0,10,14,0,No unfinished local audit step. Remediation/source research remains as recorded; not authorized.,0,False,False,60,REMEDIATION_REQUIRED,2
gjensidige,Bil,ordinary,gj-bil-ansvar,,"[""gjensidige"",""bil"",""ordinary"",""gj-bil-ansvar"",null]",True,False,2,2,0,33,34,3,11,12,4,3,1,MATERIAL_GAPS,True,COMPLETE,True,REVERSE_REVIEW_COMPLETE,ACTIVE_IN_LOCAL_RUNTIME,11,3,14,11,0,FULL_DEEP_REVIEW,0,12,11,0,No unfinished local audit step. Remediation/source research remains as recorded; not authorized.,0,True,False,14,REMEDIATION_REQUIRED,2
gjensidige,Bil,ordinary,gj-bil-delkasko,,"[""gjensidige"",""bil"",""ordinary"",""gj-bil-delkasko"",null]",True,False,3,3,0,55,56,10,22,16,4,3,1,MATERIAL_GAPS,True,COMPLETE,True,REVERSE_REVIEW_COMPLETE,ACTIVE_IN_LOCAL_RUNTIME,23,3,26,23,0,FULL_DEEP_REVIEW,0,21,17,0,No unfinished local audit step. Remediation/source research remains as recorded; not authorized.,0,True,False,26,REMEDIATION_REQUIRED,2
gjensidige,Bil,ordinary,gj-bil-kasko,,"[""gjensidige"",""bil"",""ordinary"",""gj-bil-kasko"",null]",True,False,4,4,0,71,72,15,24,25,4,3,1,MATERIAL_GAPS,True,COMPLETE,True,REVERSE_REVIEW_COMPLETE,ACTIVE_IN_LOCAL_RUNTIME,39,7,46,43,0,FULL_DEEP_REVIEW,0,31,18,0,No unfinished local audit step. Remediation/source research remains as recorded; not authorized.,0,True,False,46,REMEDIATION_REQUIRED,2
gjensidige,Bil,ordinary,gj-bil-pluss,,"[""gjensidige"",""bil"",""ordinary"",""gj-bil-pluss"",null]",True,False,5,5,0,78,79,20,23,27,4,3,1,MATERIAL_GAPS,True,COMPLETE,True,REVERSE_REVIEW_COMPLETE,ACTIVE_IN_LOCAL_RUNTIME,55,7,61,59,0,FULL_DEEP_REVIEW,0,31,19,0,No unfinished local audit step. Remediation/source research remains as recorded; not authorized.,0,True,False,62,REMEDIATION_REQUIRED,2
storebrand,Bil,ordinary,sb-bil-ansvar,motor09,"[""storebrand"",""bil"",""ordinary"",""sb-bil-ansvar"",""motor09""]",True,False,1,1,0,15,16,2,6,5,0,2,1,MATERIAL_GAPS,True,COMPLETE,True,REVERSE_REVIEW_COMPLETE,ACTIVE_IN_LOCAL_RUNTIME,14,0,14,14,0,FULL_DEEP_REVIEW,0,7,4,0,No unfinished local audit step. Remediation/source research remains as recorded; not authorized.,0,False,False,14,REMEDIATION_REQUIRED,3
storebrand,Bil,ordinary,sb-bil-delkasko,motor09,"[""storebrand"",""bil"",""ordinary"",""sb-bil-delkasko"",""motor09""]",True,False,1,1,0,36,37,9,12,12,1,2,1,MATERIAL_GAPS,True,COMPLETE,True,REVERSE_REVIEW_COMPLETE,ACTIVE_IN_LOCAL_RUNTIME,32,0,31,32,0,FULL_DEEP_REVIEW,0,15,9,0,No unfinished local audit step. Remediation/source research remains as recorded; not authorized.,0,True,False,32,REMEDIATION_REQUIRED,3
storebrand,Bil,ordinary,sb-bil-kasko,motor09,"[""storebrand"",""bil"",""ordinary"",""sb-bil-kasko"",""motor09""]",True,False,1,1,0,50,51,9,14,25,0,2,1,MATERIAL_GAPS,True,COMPLETE,True,REVERSE_REVIEW_COMPLETE,ACTIVE_IN_LOCAL_RUNTIME,41,14,48,55,0,FULL_DEEP_REVIEW,0,30,9,0,No unfinished local audit step. Remediation/source research remains as recorded; not authorized.,0,False,False,55,REMEDIATION_REQUIRED,3
storebrand,Bil,ordinary,sb-bil-super,motor09,"[""storebrand"",""bil"",""ordinary"",""sb-bil-super"",""motor09""]",True,False,1,1,0,59,60,11,15,31,0,2,1,MATERIAL_GAPS,True,COMPLETE,True,REVERSE_REVIEW_COMPLETE,ACTIVE_IN_LOCAL_RUNTIME,59,14,64,73,0,FULL_DEEP_REVIEW,0,37,9,0,No unfinished local audit step. Remediation/source research remains as recorded; not authorized.,0,False,False,73,REMEDIATION_REQUIRED,3
sparebank1-fremtind,Bil,ordinary,sb1-bil-ansvar,PMO-357.001-004,"[""sparebank1-fremtind"",""bil"",""ordinary"",""sb1-bil-ansvar"",""PMO-357.001-004""]",True,False,2,2,0,15,17,2,4,9,0,0,2,MATERIAL_GAPS,True,COMPLETE,True,REVERSE_REVIEW_COMPLETE,ACTIVE_IN_LOCAL_RUNTIME,14,0,12,14,0,FULL_DEEP_REVIEW,0,3,10,0,No unfinished local audit step. Remediation/source research remains as recorded; not authorized.,0,False,False,14,REMEDIATION_REQUIRED,6
sparebank1-fremtind,Bil,ordinary,sb1-bil-delkasko,PMO-357.001-004,"[""sparebank1-fremtind"",""bil"",""ordinary"",""sb1-bil-delkasko"",""PMO-357.001-004""]",True,False,3,3,0,32,34,3,7,21,0,0,2,MATERIAL_GAPS,True,COMPLETE,True,REVERSE_REVIEW_COMPLETE,ACTIVE_IN_LOCAL_RUNTIME,28,0,26,24,0,FULL_DEEP_REVIEW,0,12,17,0,No unfinished local audit step. Remediation/source research remains as recorded; not authorized.,0,True,False,28,REMEDIATION_REQUIRED,7
sparebank1-fremtind,Bil,ordinary,sb1-bil-kasko,PMO-357.001-004,"[""sparebank1-fremtind"",""bil"",""ordinary"",""sb1-bil-kasko"",""PMO-357.001-004""]",True,False,6,6,0,43,45,9,8,26,0,0,2,MATERIAL_GAPS,True,COMPLETE,True,REVERSE_REVIEW_COMPLETE,ACTIVE_IN_LOCAL_RUNTIME,32,15,45,47,0,FULL_DEEP_REVIEW,0,13,21,0,No unfinished local audit step. Remediation/source research remains as recorded; not authorized.,0,False,False,47,REMEDIATION_REQUIRED,10
sparebank1-fremtind,Bil,ordinary,sb1-bil-toppkasko,PMO-357.001-004,"[""sparebank1-fremtind"",""bil"",""ordinary"",""sb1-bil-toppkasko"",""PMO-357.001-004""]",True,False,7,7,0,48,50,11,8,29,0,0,2,MATERIAL_GAPS,True,COMPLETE,True,REVERSE_REVIEW_COMPLETE,ACTIVE_IN_LOCAL_RUNTIME,44,15,56,59,0,FULL_DEEP_REVIEW,0,13,24,0,No unfinished local audit step. Remediation/source research remains as recorded; not authorized.,0,False,False,59,REMEDIATION_REQUIRED,11
dnb-fremtind,Bil,ordinary,dnb-bil-ansvar,PMO-357.001-004,"[""dnb-fremtind"",""bil"",""ordinary"",""dnb-bil-ansvar"",""PMO-357.001-004""]",True,False,2,2,0,15,17,2,4,9,0,0,2,MATERIAL_GAPS,True,COMPLETE,True,REVERSE_REVIEW_COMPLETE,ACTIVE_IN_LOCAL_RUNTIME,14,0,12,14,0,FULL_DEEP_REVIEW,0,3,10,0,No unfinished local audit step. Remediation/source research remains as recorded; not authorized.,0,False,False,14,REMEDIATION_REQUIRED,6
dnb-fremtind,Bil,ordinary,dnb-bil-delkasko,PMO-357.001-004,"[""dnb-fremtind"",""bil"",""ordinary"",""dnb-bil-delkasko"",""PMO-357.001-004""]",True,False,3,3,0,32,34,3,7,21,0,0,2,MATERIAL_GAPS,True,COMPLETE,True,REVERSE_REVIEW_COMPLETE,ACTIVE_IN_LOCAL_RUNTIME,28,0,26,24,0,FULL_DEEP_REVIEW,0,12,17,0,No unfinished local audit step. Remediation/source research remains as recorded; not authorized.,0,True,False,28,REMEDIATION_REQUIRED,7
dnb-fremtind,Bil,ordinary,dnb-bil-kasko,PMO-357.001-004,"[""dnb-fremtind"",""bil"",""ordinary"",""dnb-bil-kasko"",""PMO-357.001-004""]",True,False,6,6,0,43,45,9,8,26,0,0,2,MATERIAL_GAPS,True,COMPLETE,True,REVERSE_REVIEW_COMPLETE,ACTIVE_IN_LOCAL_RUNTIME,32,15,45,47,0,FULL_DEEP_REVIEW,0,13,21,0,No unfinished local audit step. Remediation/source research remains as recorded; not authorized.,0,False,False,47,REMEDIATION_REQUIRED,10
dnb-fremtind,Bil,ordinary,dnb-bil-topp,PMO-357.001-004,"[""dnb-fremtind"",""bil"",""ordinary"",""dnb-bil-topp"",""PMO-357.001-004""]",True,False,7,7,0,48,50,11,8,29,0,0,2,MATERIAL_GAPS,True,COMPLETE,True,REVERSE_REVIEW_COMPLETE,ACTIVE_IN_LOCAL_RUNTIME,44,15,56,59,0,FULL_DEEP_REVIEW,0,13,24,0,No unfinished local audit step. Remediation/source research remains as recorded; not authorized.,0,False,False,59,REMEDIATION_REQUIRED,11
eika-fremtind,Bil,ordinary,eika-bil-ansvar,PMO-357.001-004,"[""eika-fremtind"",""bil"",""ordinary"",""eika-bil-ansvar"",""PMO-357.001-004""]",True,False,2,2,0,15,17,2,4,9,0,0,2,MATERIAL_GAPS,True,COMPLETE,True,REVERSE_REVIEW_COMPLETE,ACTIVE_IN_LOCAL_RUNTIME,14,0,12,14,0,FULL_DEEP_REVIEW,0,3,10,0,No unfinished local audit step. Remediation/source research remains as recorded; not authorized.,0,False,False,14,REMEDIATION_REQUIRED,6
eika-fremtind,Bil,ordinary,eika-bil-delkasko,PMO-357.001-004,"[""eika-fremtind"",""bil"",""ordinary"",""eika-bil-delkasko"",""PMO-357.001-004""]",True,False,3,3,0,32,34,3,7,21,0,0,2,MATERIAL_GAPS,True,COMPLETE,True,REVERSE_REVIEW_COMPLETE,ACTIVE_IN_LOCAL_RUNTIME,28,0,26,24,0,FULL_DEEP_REVIEW,0,12,17,0,No unfinished local audit step. Remediation/source research remains as recorded; not authorized.,0,True,False,28,REMEDIATION_REQUIRED,7
eika-fremtind,Bil,ordinary,eika-bil-kasko,PMO-357.001-004,"[""eika-fremtind"",""bil"",""ordinary"",""eika-bil-kasko"",""PMO-357.001-004""]",True,False,6,6,0,43,45,9,8,26,0,0,2,MATERIAL_GAPS,True,COMPLETE,True,REVERSE_REVIEW_COMPLETE,ACTIVE_IN_LOCAL_RUNTIME,32,15,45,47,0,FULL_DEEP_REVIEW,0,13,21,0,No unfinished local audit step. Remediation/source research remains as recorded; not authorized.,0,False,False,47,REMEDIATION_REQUIRED,10
eika-fremtind,Bil,ordinary,eika-bil-topp,PMO-357.001-004,"[""eika-fremtind"",""bil"",""ordinary"",""eika-bil-topp"",""PMO-357.001-004""]",True,False,7,7,0,48,50,11,8,29,0,0,2,MATERIAL_GAPS,True,COMPLETE,True,REVERSE_REVIEW_COMPLETE,ACTIVE_IN_LOCAL_RUNTIME,44,15,56,59,0,FULL_DEEP_REVIEW,0,13,24,0,No unfinished local audit step. Remediation/source research remains as recorded; not authorized.,0,False,False,59,REMEDIATION_REQUIRED,11
fremtind,Bil,ordinary,fremtind-bil-ansvar,PMO-357.001-004,"[""fremtind"",""bil"",""ordinary"",""fremtind-bil-ansvar"",""PMO-357.001-004""]",True,False,2,2,0,15,17,2,4,9,0,0,2,MATERIAL_GAPS,True,COMPLETE,True,REVERSE_REVIEW_COMPLETE,ACTIVE_IN_LOCAL_RUNTIME,14,0,12,14,0,FULL_DEEP_REVIEW,0,3,10,0,No unfinished local audit step. Remediation/source research remains as recorded; not authorized.,0,False,False,14,REMEDIATION_REQUIRED,6
fremtind,Bil,ordinary,fremtind-bil-delkasko,PMO-357.001-004,"[""fremtind"",""bil"",""ordinary"",""fremtind-bil-delkasko"",""PMO-357.001-004""]",True,False,3,3,0,32,34,3,7,21,0,0,2,MATERIAL_GAPS,True,COMPLETE,True,REVERSE_REVIEW_COMPLETE,ACTIVE_IN_LOCAL_RUNTIME,28,0,26,24,0,FULL_DEEP_REVIEW,0,12,17,0,No unfinished local audit step. Remediation/source research remains as recorded; not authorized.,0,True,False,28,REMEDIATION_REQUIRED,7
fremtind,Bil,ordinary,fremtind-bil-kasko,PMO-357.001-004,"[""fremtind"",""bil"",""ordinary"",""fremtind-bil-kasko"",""PMO-357.001-004""]",True,False,6,6,0,51,53,13,9,29,0,0,2,MATERIAL_GAPS,True,COMPLETE,True,REVERSE_REVIEW_COMPLETE,ACTIVE_IN_LOCAL_RUNTIME,32,15,45,47,0,FULL_DEEP_REVIEW,0,14,24,0,No unfinished local audit step. Remediation/source research remains as recorded; not authorized.,0,False,False,47,REMEDIATION_REQUIRED,10
fremtind,Bil,ordinary,fremtind-bil-topp,PMO-357.001-004,"[""fremtind"",""bil"",""ordinary"",""fremtind-bil-topp"",""PMO-357.001-004""]",True,False,7,7,0,56,58,15,9,32,0,0,2,MATERIAL_GAPS,True,COMPLETE,True,REVERSE_REVIEW_COMPLETE,ACTIVE_IN_LOCAL_RUNTIME,44,15,56,59,0,FULL_DEEP_REVIEW,0,14,27,0,No unfinished local audit step. Remediation/source research remains as recorded; not authorized.,0,False,False,59,REMEDIATION_REQUIRED,11
frende,Bil,ordinary,frende-bil-ansvar,2026-01-01,"[""frende"",""bil"",""ordinary"",""frende-bil-ansvar"",""2026-01-01""]",True,False,2,2,0,23,25,2,14,6,0,1,2,MATERIAL_GAPS,True,COMPLETE,True,REVERSE_REVIEW_COMPLETE,ACTIVE_IN_LOCAL_RUNTIME,7,0,7,7,0,FULL_DEEP_REVIEW,0,11,9,0,No unfinished local audit step. Remediation/source research remains as recorded; not authorized.,0,False,False,7,REMEDIATION_REQUIRED,3
frende,Bil,ordinary,frende-bil-delkasko,2026-01-01,"[""frende"",""bil"",""ordinary"",""frende-bil-delkasko"",""2026-01-01""]",True,False,2,2,0,40,42,5,23,11,0,1,2,MATERIAL_GAPS,True,COMPLETE,True,REVERSE_REVIEW_COMPLETE,ACTIVE_IN_LOCAL_RUNTIME,16,0,15,16,0,FULL_DEEP_REVIEW,0,22,12,0,No unfinished local audit step. Remediation/source research remains as recorded; not authorized.,0,False,False,16,REMEDIATION_REQUIRED,3
frende,Bil,ordinary,frende-bil-kasko,2026-01-01,"[""frende"",""bil"",""ordinary"",""frende-bil-kasko"",""2026-01-01""]",True,False,2,2,0,58,60,11,25,19,1,1,2,MATERIAL_GAPS,True,COMPLETE,True,REVERSE_REVIEW_COMPLETE,ACTIVE_IN_LOCAL_RUNTIME,27,11,35,35,0,FULL_DEEP_REVIEW,0,32,13,0,No unfinished local audit step. Remediation/source research remains as recorded; not authorized.,1,True,False,38,REMEDIATION_REQUIRED,3
frende,Bil,ordinary,frende-bil-utvidet,2026-01-01,"[""frende"",""bil"",""ordinary"",""frende-bil-utvidet"",""2026-01-01""]",True,False,2,2,0,60,62,14,25,18,1,1,2,MATERIAL_GAPS,True,COMPLETE,True,REVERSE_REVIEW_COMPLETE,ACTIVE_IN_LOCAL_RUNTIME,31,11,39,39,0,FULL_DEEP_REVIEW,0,30,14,0,No unfinished local audit step. Remediation/source research remains as recorded; not authorized.,1,True,False,42,REMEDIATION_REQUIRED,3
tryg,Innbo,ordinary,tryg-innbo,2026-07-01,"[""tryg"",""innbo"",""ordinary"",""tryg-innbo"",""2026-07-01""]",True,False,6,6,0,45,45,10,15,16,2,1,0,MATERIAL_GAPS,True,COMPLETE,True,REVERSE_REVIEW_COMPLETE,ACTIVE_IN_LOCAL_RUNTIME,29,6,35,35,0,FULL_DEEP_REVIEW,0,9,22,0,No unfinished local audit step. Remediation/source research remains as recorded; not authorized.,0,True,False,35,REMEDIATION_REQUIRED,10
tryg,Innbo,ordinary,tryg-innbo-ekstra,2026-07-01,"[""tryg"",""innbo"",""ordinary"",""tryg-innbo-ekstra"",""2026-07-01""]",True,False,7,7,0,47,48,9,15,17,2,1,1,MATERIAL_GAPS,True,COMPLETE,True,REVERSE_REVIEW_COMPLETE,ACTIVE_IN_LOCAL_RUNTIME,39,6,45,43,0,FULL_DEEP_REVIEW,0,14,21,0,No unfinished local audit step. Remediation/source research remains as recorded; not authorized.,0,True,False,45,REMEDIATION_REQUIRED,10
if,Innbo,ordinary,if-innbo-basis,IBO2-1,"[""if"",""innbo"",""ordinary"",""if-innbo-basis"",""IBO2-1""]",True,False,2,2,0,41,42,9,15,14,0,1,1,MATERIAL_GAPS,True,COMPLETE,True,REVERSE_REVIEW_COMPLETE,ACTIVE_IN_LOCAL_RUNTIME,32,0,32,32,0,FULL_DEEP_REVIEW,0,8,21,0,No unfinished local audit step. Remediation/source research remains as recorded; not authorized.,0,True,True,32,REMEDIATION_REQUIRED,4
if,Innbo,ordinary,if-innbo-utvidet,IBO2-1,"[""if"",""innbo"",""ordinary"",""if-innbo-utvidet"",""IBO2-1""]",True,False,2,2,0,60,61,13,20,24,0,1,1,MATERIAL_GAPS,True,COMPLETE,True,REVERSE_REVIEW_COMPLETE,ACTIVE_IN_LOCAL_RUNTIME,52,0,52,52,0,FULL_DEEP_REVIEW,0,14,30,0,No unfinished local audit step. Remediation/source research remains as recorded; not authorized.,0,True,True,52,REMEDIATION_REQUIRED,4
if,Innbo,ordinary,if-innbo-super,IBO2-1,"[""if"",""innbo"",""ordinary"",""if-innbo-super"",""IBO2-1""]",True,False,3,3,0,65,66,15,20,26,0,1,1,MATERIAL_GAPS,True,COMPLETE,True,REVERSE_REVIEW_COMPLETE,ACTIVE_IN_LOCAL_RUNTIME,60,0,60,60,0,FULL_DEEP_REVIEW,0,15,31,0,No unfinished local audit step. Remediation/source research remains as recorded; not authorized.,0,True,True,60,REMEDIATION_REQUIRED,4
gjensidige,Innbo,ordinary,gj-innbo,,"[""gjensidige"",""innbo"",""ordinary"",""gj-innbo"",null]",True,False,2,2,0,54,55,7,21,20,0,1,1,MATERIAL_GAPS,True,COMPLETE,True,REVERSE_REVIEW_COMPLETE,ACTIVE_IN_LOCAL_RUNTIME,32,0,32,30,0,FULL_DEEP_REVIEW,0,32,11,0,No unfinished local audit step. Remediation/source research remains as recorded; not authorized.,0,True,False,32,REMEDIATION_REQUIRED,2
gjensidige,Innbo,ordinary,gj-innbo-pluss,,"[""gjensidige"",""innbo"",""ordinary"",""gj-innbo-pluss"",null]",True,False,3,3,0,74,75,11,21,30,1,0,1,MATERIAL_GAPS,True,COMPLETE,True,REVERSE_REVIEW_COMPLETE,ACTIVE_IN_LOCAL_RUNTIME,49,6,55,47,0,FULL_DEEP_REVIEW,0,46,11,0,No unfinished local audit step. Remediation/source research remains as recorded; not authorized.,0,True,False,55,REMEDIATION_REQUIRED,2
storebrand,Innbo,ordinary,sb-innbo-standard,innbo09,"[""storebrand"",""innbo"",""ordinary"",""sb-innbo-standard"",""innbo09""]",True,False,1,1,0,69,70,20,24,21,1,2,1,MATERIAL_GAPS,True,COMPLETE,True,REVERSE_REVIEW_COMPLETE,ACTIVE_IN_LOCAL_RUNTIME,47,0,47,46,0,FULL_DEEP_REVIEW,0,36,10,0,No unfinished local audit step. Remediation/source research remains as recorded; not authorized.,0,True,False,47,REMEDIATION_REQUIRED,3
storebrand,Innbo,ordinary,sb-innbo-super,innbo09,"[""storebrand"",""innbo"",""ordinary"",""sb-innbo-super"",""innbo09""]",True,False,1,1,0,85,86,26,24,30,1,2,1,MATERIAL_GAPS,True,COMPLETE,True,REVERSE_REVIEW_COMPLETE,ACTIVE_IN_LOCAL_RUNTIME,62,0,62,60,0,FULL_DEEP_REVIEW,0,46,10,0,No unfinished local audit step. Remediation/source research remains as recorded; not authorized.,1,True,False,62,REMEDIATION_REQUIRED,3
fremtind,Innbo,ordinary,fremtind-innbo-standard,2025-01-01,"[""fremtind"",""innbo"",""ordinary"",""fremtind-innbo-standard"",""2025-01-01""]",True,False,1,1,0,38,38,5,7,24,0,1,0,MATERIAL_GAPS,True,COMPLETE,True,REVERSE_REVIEW_COMPLETE,ACTIVE_IN_LOCAL_RUNTIME,41,0,41,39,0,FULL_DEEP_REVIEW,0,13,19,0,No unfinished local audit step. Remediation/source research remains as recorded; not authorized.,0,True,False,41,REMEDIATION_REQUIRED,3
fremtind,Innbo,ordinary,fremtind-innbo-topp,2025-01-01,"[""fremtind"",""innbo"",""ordinary"",""fremtind-innbo-topp"",""2025-01-01""]",True,False,2,2,0,51,51,9,6,34,0,1,0,MATERIAL_GAPS,True,COMPLETE,True,REVERSE_REVIEW_COMPLETE,ACTIVE_IN_LOCAL_RUNTIME,55,0,55,53,0,FULL_DEEP_REVIEW,0,16,25,0,No unfinished local audit step. Remediation/source research remains as recorded; not authorized.,0,True,False,55,REMEDIATION_REQUIRED,3
frende,Innbo,ordinary,frende-innbo-standard,2026-09-01,"[""frende"",""innbo"",""ordinary"",""frende-innbo-standard"",""2026-09-01""]",True,False,1,1,0,50,51,27,7,13,2,1,1,MATERIAL_GAPS,True,COMPLETE,True,REVERSE_REVIEW_COMPLETE,ACTIVE_IN_LOCAL_RUNTIME,56,7,63,61,0,FULL_DEEP_REVIEW,0,10,10,0,No unfinished local audit step. Remediation/source research remains as recorded; not authorized.,0,True,False,63,REMEDIATION_REQUIRED,3
tryg,Hus,ordinary,tryg-hus,2026-01-01,"[""tryg"",""bolig"",""ordinary"",""tryg-hus"",""2026-01-01""]",True,False,12,12,0,49,58,39,0,8,2,0,9,MINOR_GAPS,True,COMPLETE,True,REVERSE_REVIEW_COMPLETE,ACTIVE_IN_LOCAL_RUNTIME,74,32,106,106,0,FULL_DEEP_REVIEW,0,0,8,0,No unfinished local audit step. Remediation/source research remains as recorded; not authorized.,0,True,False,106,REVIEW_REQUIRED,16
tryg,Hus,ordinary,tryg-hus-ekstra,2026-01-01,"[""tryg"",""bolig"",""ordinary"",""tryg-hus-ekstra"",""2026-01-01""]",True,False,12,12,0,54,54,44,0,8,2,0,0,MINOR_GAPS,True,COMPLETE,True,REVERSE_REVIEW_COMPLETE,ACTIVE_IN_LOCAL_RUNTIME,77,32,109,109,0,FULL_DEEP_REVIEW,0,0,8,0,No unfinished local audit step. Remediation/source research remains as recorded; not authorized.,0,True,False,109,REVIEW_REQUIRED,16
if,Hus,ordinary,if-hus-basis,2023-09,"[""if"",""bolig"",""ordinary"",""if-hus-basis"",""2023-09""]",True,False,5,5,0,65,66,37,7,19,0,0,1,MATERIAL_GAPS,True,COMPLETE,True,REVERSE_REVIEW_COMPLETE,ACTIVE_IN_LOCAL_RUNTIME,65,0,65,64,0,FULL_DEEP_REVIEW,0,10,16,0,No unfinished local audit step. Remediation/source research remains as recorded; not authorized.,0,True,True,65,REMEDIATION_REQUIRED,5
if,Hus,ordinary,if-hus-utvidet,2023-09,"[""if"",""bolig"",""ordinary"",""if-hus-utvidet"",""2023-09""]",True,False,5,5,0,69,70,37,7,23,0,0,1,MATERIAL_GAPS,True,COMPLETE,True,REVERSE_REVIEW_COMPLETE,ACTIVE_IN_LOCAL_RUNTIME,67,0,67,66,0,FULL_DEEP_REVIEW,0,12,18,0,No unfinished local audit step. Remediation/source research remains as recorded; not authorized.,0,True,True,67,REMEDIATION_REQUIRED,5
if,Hus,ordinary,if-hus-super,2023-09,"[""if"",""bolig"",""ordinary"",""if-hus-super"",""2023-09""]",True,False,5,5,0,78,79,40,7,29,0,0,1,MATERIAL_GAPS,True,COMPLETE,True,REVERSE_REVIEW_COMPLETE,ACTIVE_IN_LOCAL_RUNTIME,75,0,75,74,0,FULL_DEEP_REVIEW,0,16,20,0,No unfinished local audit step. Remediation/source research remains as recorded; not authorized.,0,True,True,75,REMEDIATION_REQUIRED,5
storebrand,Hus,ordinary,storebrand-hus-standard,2025-08-15,"[""storebrand"",""bolig"",""ordinary"",""storebrand-hus-standard"",""2025-08-15""]",True,False,5,5,0,72,73,18,6,39,0,1,1,MATERIAL_GAPS,True,COMPLETE,True,REVERSE_REVIEW_COMPLETE,ACTIVE_IN_LOCAL_RUNTIME,56,6,62,56,0,FULL_DEEP_REVIEW,0,41,6,0,No unfinished local audit step. Remediation/source research remains as recorded; not authorized.,0,True,False,62,REMEDIATION_REQUIRED,5
storebrand,Hus,ordinary,storebrand-hus-super,2025-08-15,"[""storebrand"",""bolig"",""ordinary"",""storebrand-hus-super"",""2025-08-15""]",True,False,5,5,0,83,84,21,7,46,0,1,1,MATERIAL_GAPS,True,COMPLETE,True,REVERSE_REVIEW_COMPLETE,ACTIVE_IN_LOCAL_RUNTIME,57,6,63,57,0,FULL_DEEP_REVIEW,0,49,6,0,No unfinished local audit step. Remediation/source research remains as recorded; not authorized.,0,True,False,63,REMEDIATION_REQUIRED,5
gjensidige,Hus,ordinary,gjensidige-hus,Alminnelige vilkår,"[""gjensidige"",""bolig"",""ordinary"",""gjensidige-hus"",""Alminnelige vilkår""]",True,False,6,6,0,83,84,27,6,46,0,0,1,MATERIAL_GAPS,True,COMPLETE,True,REVERSE_REVIEW_COMPLETE,ACTIVE_IN_LOCAL_RUNTIME,55,13,68,66,0,FULL_DEEP_REVIEW,0,39,15,0,No unfinished local audit step. Remediation/source research remains as recorded; not authorized.,1,True,False,68,REMEDIATION_REQUIRED,6
gjensidige,Hus,ordinary,gjensidige-hus-pluss,Alminnelige vilkår,"[""gjensidige"",""bolig"",""ordinary"",""gjensidige-hus-pluss"",""Alminnelige vilkår""]",True,False,6,6,0,85,86,24,6,51,0,0,1,MATERIAL_GAPS,True,COMPLETE,True,REVERSE_REVIEW_COMPLETE,ACTIVE_IN_LOCAL_RUNTIME,57,8,65,63,0,FULL_DEEP_REVIEW,0,44,15,0,No unfinished local audit step. Remediation/source research remains as recorded; not authorized.,1,True,False,65,REMEDIATION_REQUIRED,6
fremtind,Hus,ordinary,fremtind-hus-standard,PBK-200.100-015+PBK-200.200-010,"[""fremtind"",""bolig"",""ordinary"",""fremtind-hus-standard"",""PBK-200.100-015+PBK-200.200-010""]",True,False,4,4,0,45,47,12,5,27,0,0,2,MATERIAL_GAPS,True,COMPLETE,True,REVERSE_REVIEW_COMPLETE,ACTIVE_IN_LOCAL_RUNTIME,55,10,65,54,0,FULL_DEEP_REVIEW,0,13,20,0,No unfinished local audit step. Remediation/source research remains as recorded; not authorized.,0,False,False,65,REMEDIATION_REQUIRED,7
fremtind,Hus,ordinary,fremtind-hus-topp,PBK-200.100-015+PBK-200.200-010,"[""fremtind"",""bolig"",""ordinary"",""fremtind-hus-topp"",""PBK-200.100-015+PBK-200.200-010""]",True,False,4,4,0,51,53,14,5,32,0,0,2,MATERIAL_GAPS,True,COMPLETE,True,REVERSE_REVIEW_COMPLETE,ACTIVE_IN_LOCAL_RUNTIME,57,10,67,57,0,FULL_DEEP_REVIEW,0,14,23,0,No unfinished local audit step. Remediation/source research remains as recorded; not authorized.,0,False,False,67,REMEDIATION_REQUIRED,7
frende,Hus,ordinary,frende-hus-standard,2026-09-01,"[""frende"",""bolig"",""ordinary"",""frende-hus-standard"",""2026-09-01""]",True,False,4,4,0,47,48,29,6,9,2,1,1,MATERIAL_GAPS,True,COMPLETE,True,REVERSE_REVIEW_COMPLETE,ACTIVE_IN_LOCAL_RUNTIME,55,7,62,59,0,FULL_DEEP_REVIEW,0,7,8,0,No unfinished local audit step. Remediation/source research remains as recorded; not authorized.,0,True,False,62,REMEDIATION_REQUIRED,5
frende,Hus,ordinary,frende-hus-utvidet,2026-09-01,"[""frende"",""bolig"",""ordinary"",""frende-hus-utvidet"",""2026-09-01""]",True,False,4,4,0,52,53,33,6,10,2,1,1,MATERIAL_GAPS,True,COMPLETE,True,REVERSE_REVIEW_COMPLETE,ACTIVE_IN_LOCAL_RUNTIME,56,7,63,60,0,FULL_DEEP_REVIEW,0,8,8,0,No unfinished local audit step. Remediation/source research remains as recorded; not authorized.,0,True,False,63,REMEDIATION_REQUIRED,5
tryg,Reise,ordinary,tryg-reise,2026-09-20-canonical,"[""tryg"",""reise"",""ordinary"",""tryg-reise"",""2026-09-20-canonical""]",True,False,6,6,0,46,47,21,4,19,1,1,1,MATERIAL_GAPS,True,COMPLETE,True,REVERSE_REVIEW_COMPLETE,ACTIVE_IN_LOCAL_RUNTIME,54,4,58,58,0,FULL_DEEP_REVIEW,0,11,12,0,No unfinished local audit step. Remediation/source research remains as recorded; not authorized.,0,True,False,58,REMEDIATION_REQUIRED,13
tryg,Reise,ordinary,tryg-reise-ekstra,2026-09-20-canonical,"[""tryg"",""reise"",""ordinary"",""tryg-reise-ekstra"",""2026-09-20-canonical""]",True,False,6,6,0,51,52,23,5,20,1,1,1,MATERIAL_GAPS,True,COMPLETE,True,REVERSE_REVIEW_COMPLETE,ACTIVE_IN_LOCAL_RUNTIME,61,4,65,64,0,FULL_DEEP_REVIEW,0,13,13,0,No unfinished local audit step. Remediation/source research remains as recorded; not authorized.,0,True,False,65,REMEDIATION_REQUIRED,13
tryg,Reise,ordinary,tryg-reise-premium,2026-09-20-canonical,"[""tryg"",""reise"",""ordinary"",""tryg-reise-premium"",""2026-09-20-canonical""]",True,False,8,8,0,51,52,24,4,21,1,0,1,MATERIAL_GAPS,True,COMPLETE,True,REVERSE_REVIEW_COMPLETE,ACTIVE_IN_LOCAL_RUNTIME,68,0,68,67,0,FULL_DEEP_REVIEW,0,11,15,0,No unfinished local audit step. Remediation/source research remains as recorded; not authorized.,0,True,False,68,REMEDIATION_REQUIRED,13
if,Reise,ordinary,if-reise-basis,2026-09-20-canonical,"[""if"",""reise"",""ordinary"",""if-reise-basis"",""2026-09-20-canonical""]",True,False,2,2,0,46,47,21,12,9,0,1,1,MATERIAL_GAPS,True,COMPLETE,True,REVERSE_REVIEW_COMPLETE,ACTIVE_IN_LOCAL_RUNTIME,31,0,31,29,0,FULL_DEEP_REVIEW,0,13,11,0,No unfinished local audit step. Remediation/source research remains as recorded; not authorized.,0,True,False,31,REMEDIATION_REQUIRED,6
if,Reise,ordinary,if-reise-standard,2026-09-20-canonical,"[""if"",""reise"",""ordinary"",""if-reise-standard"",""2026-09-20-canonical""]",True,False,2,2,0,59,60,20,15,21,0,1,1,MATERIAL_GAPS,True,COMPLETE,True,REVERSE_REVIEW_COMPLETE,ACTIVE_IN_LOCAL_RUNTIME,34,0,34,33,0,FULL_DEEP_REVIEW,0,16,22,0,No unfinished local audit step. Remediation/source research remains as recorded; not authorized.,0,True,False,34,REMEDIATION_REQUIRED,6
if,Reise,ordinary,if-reise-super,2026-09-20-canonical,"[""if"",""reise"",""ordinary"",""if-reise-super"",""2026-09-20-canonical""]",True,False,3,3,0,71,73,23,20,25,0,1,2,MATERIAL_GAPS,True,COMPLETE,True,REVERSE_REVIEW_COMPLETE,ACTIVE_IN_LOCAL_RUNTIME,43,0,43,42,0,FULL_DEEP_REVIEW,0,19,28,0,No unfinished local audit step. Remediation/source research remains as recorded; not authorized.,0,True,False,43,REMEDIATION_REQUIRED,6
storebrand,Reise,ordinary,storebrand-reise-standard,2026-09-20-canonical,"[""storebrand"",""reise"",""ordinary"",""storebrand-reise-standard"",""2026-09-20-canonical""]",True,False,2,2,0,65,66,9,11,39,0,2,1,MATERIAL_GAPS,True,COMPLETE,True,REVERSE_REVIEW_COMPLETE,ACTIVE_IN_LOCAL_RUNTIME,45,0,45,43,0,FULL_DEEP_REVIEW,0,49,4,0,No unfinished local audit step. Remediation/source research remains as recorded; not authorized.,0,True,False,45,REMEDIATION_REQUIRED,4
storebrand,Reise,ordinary,storebrand-reise-super,2026-09-20-canonical,"[""storebrand"",""reise"",""ordinary"",""storebrand-reise-super"",""2026-09-20-canonical""]",True,False,2,2,0,73,74,11,13,45,0,2,1,MATERIAL_GAPS,True,COMPLETE,True,REVERSE_REVIEW_COMPLETE,ACTIVE_IN_LOCAL_RUNTIME,49,0,49,47,0,FULL_DEEP_REVIEW,0,55,4,0,No unfinished local audit step. Remediation/source research remains as recorded; not authorized.,0,True,False,49,REMEDIATION_REQUIRED,4
gjensidige,Reise,ordinary,gjensidige-reise,2026-09-20-canonical,"[""gjensidige"",""reise"",""ordinary"",""gjensidige-reise"",""2026-09-20-canonical""]",True,False,4,4,0,74,75,26,7,38,0,0,1,MATERIAL_GAPS,True,COMPLETE,True,REVERSE_REVIEW_COMPLETE,ACTIVE_IN_LOCAL_RUNTIME,41,0,41,39,0,FULL_DEEP_REVIEW,0,37,8,0,No unfinished local audit step. Remediation/source research remains as recorded; not authorized.,0,True,False,41,REMEDIATION_REQUIRED,8
gjensidige,Reise,ordinary,gjensidige-reise-pluss,2026-09-20-canonical,"[""gjensidige"",""reise"",""ordinary"",""gjensidige-reise-pluss"",""2026-09-20-canonical""]",True,False,5,5,0,85,86,29,7,45,0,0,1,MATERIAL_GAPS,True,COMPLETE,True,REVERSE_REVIEW_COMPLETE,ACTIVE_IN_LOCAL_RUNTIME,48,0,48,44,0,FULL_DEEP_REVIEW,0,45,8,0,No unfinished local audit step. Remediation/source research remains as recorded; not authorized.,0,True,False,48,REMEDIATION_REQUIRED,8
fremtind,Reise,ordinary,fremtind-reise,PRE-450.200-015,"[""fremtind"",""reise"",""ordinary"",""fremtind-reise"",""PRE-450.200-015""]",True,False,2,2,0,48,48,12,10,23,0,1,0,MATERIAL_GAPS,True,COMPLETE,True,REVERSE_REVIEW_COMPLETE,ACTIVE_IN_LOCAL_RUNTIME,40,0,40,38,0,FULL_DEEP_REVIEW,0,16,19,0,No unfinished local audit step. Remediation/source research remains as recorded; not authorized.,0,False,False,40,REMEDIATION_REQUIRED,2
fremtind-eika-legacy,Reise,ordinary,eika-reise-p10,P10-P10P-2025-01-01,"[""fremtind-eika-legacy"",""reise"",""ordinary"",""eika-reise-p10"",""P10-P10P-2025-01-01""]",False,True,1,1,0,42,43,5,2,30,0,0,1,MATERIAL_GAPS,True,COMPLETE,True,REVERSE_REVIEW_COMPLETE,HISTORICAL_EXCLUDED_FROM_PRODUCT_COMPARISON,47,0,0,43,0,FULL_DEEP_REVIEW,0,16,21,0,No unfinished local audit step. Remediation/source research remains as recorded; not authorized.,0,False,False,47,REMEDIATION_REQUIRED,4
fremtind-eika-legacy,Reise,ordinary,eika-reise-pluss-p10,P10-P10P-2025-01-01,"[""fremtind-eika-legacy"",""reise"",""ordinary"",""eika-reise-pluss-p10"",""P10-P10P-2025-01-01""]",False,True,2,2,0,51,52,7,2,33,0,0,1,MATERIAL_GAPS,True,COMPLETE,True,REVERSE_REVIEW_COMPLETE,HISTORICAL_EXCLUDED_FROM_PRODUCT_COMPARISON,52,0,0,44,0,FULL_DEEP_REVIEW,0,21,23,0,No unfinished local audit step. Remediation/source research remains as recorded; not authorized.,0,False,False,52,REMEDIATION_REQUIRED,4
frende,Reise,ordinary,frende-reiseforsikring,2026-03-01,"[""frende"",""reise"",""ordinary"",""frende-reiseforsikring"",""2026-03-01""]",True,False,5,5,0,56,58,33,3,18,0,1,2,MATERIAL_GAPS,True,COMPLETE,True,REVERSE_REVIEW_COMPLETE,ACTIVE_IN_LOCAL_RUNTIME,55,0,55,54,0,FULL_DEEP_REVIEW,0,12,10,0,No unfinished local audit step. Remediation/source research remains as recorded; not authorized.,0,False,False,55,REMEDIATION_REQUIRED,7
tryg,Snøscooter,ordinary,tryg-snoscooter-ansvar,,"[""tryg"",""snøscooter"",""ordinary"",""tryg-snoscooter-ansvar"",null]",True,False,5,5,0,12,13,2,3,6,0,0,1,MATERIAL_GAPS,True,COMPLETE,True,REVERSE_REVIEW_COMPLETE,ACTIVE_IN_LOCAL_RUNTIME,5,4,9,9,0,FULL_DEEP_REVIEW,0,4,6,0,No unfinished local audit step. Remediation/source research remains as recorded; not authorized.,0,True,False,9,REMEDIATION_REQUIRED,10
tryg,Snøscooter,ordinary,tryg-snoscooter-brann-og-tyveri,,"[""tryg"",""snøscooter"",""ordinary"",""tryg-snoscooter-brann-og-tyveri"",null]",True,False,5,5,0,18,19,2,8,7,0,0,1,MATERIAL_GAPS,True,COMPLETE,True,REVERSE_REVIEW_COMPLETE,ACTIVE_IN_LOCAL_RUNTIME,7,4,11,11,0,FULL_DEEP_REVIEW,0,9,7,0,No unfinished local audit step. Remediation/source research remains as recorded; not authorized.,0,True,False,11,REMEDIATION_REQUIRED,11
tryg,Snøscooter,ordinary,tryg-snoscooter-kasko,,"[""tryg"",""snøscooter"",""ordinary"",""tryg-snoscooter-kasko"",null]",True,False,5,5,0,20,21,3,8,8,0,0,1,MATERIAL_GAPS,True,COMPLETE,True,REVERSE_REVIEW_COMPLETE,ACTIVE_IN_LOCAL_RUNTIME,9,4,13,13,0,FULL_DEEP_REVIEW,0,10,7,0,No unfinished local audit step. Remediation/source research remains as recorded; not authorized.,0,True,False,13,REMEDIATION_REQUIRED,11
tryg,Campingvogn,ordinary,tryg-campingvogn-brann,2026-01-01,"[""tryg"",""campingvogn"",""ordinary"",""tryg-campingvogn-brann"",""2026-01-01""]",True,False,2,2,0,18,20,3,10,5,0,0,2,MATERIAL_GAPS,True,COMPLETE,True,REVERSE_REVIEW_COMPLETE,ACTIVE_IN_LOCAL_RUNTIME,9,0,9,9,0,FULL_DEEP_REVIEW,0,7,8,0,No unfinished local audit step. Remediation/source research remains as recorded; not authorized.,0,False,False,9,REMEDIATION_REQUIRED,8
tryg,Campingvogn,ordinary,tryg-campingvogn-brann-og-tyveri,2026-01-01,"[""tryg"",""campingvogn"",""ordinary"",""tryg-campingvogn-brann-og-tyveri"",""2026-01-01""]",True,False,2,2,0,21,23,4,11,6,0,0,2,MATERIAL_GAPS,True,COMPLETE,True,REVERSE_REVIEW_COMPLETE,ACTIVE_IN_LOCAL_RUNTIME,10,0,10,10,0,FULL_DEEP_REVIEW,0,9,8,0,No unfinished local audit step. Remediation/source research remains as recorded; not authorized.,0,False,False,10,REMEDIATION_REQUIRED,8
tryg,Campingvogn,ordinary,tryg-campingvogn-kasko,2026-01-01,"[""tryg"",""campingvogn"",""ordinary"",""tryg-campingvogn-kasko"",""2026-01-01""]",True,False,2,2,0,24,26,4,12,8,0,0,2,MATERIAL_GAPS,True,COMPLETE,True,REVERSE_REVIEW_COMPLETE,ACTIVE_IN_LOCAL_RUNTIME,15,0,15,15,0,FULL_DEEP_REVIEW,0,11,9,0,No unfinished local audit step. Remediation/source research remains as recorded; not authorized.,0,False,False,15,REMEDIATION_REQUIRED,8
tryg,Campingvogn,ordinary,tryg-campingvogn-campingvogn-ekstra,2026-01-01,"[""tryg"",""campingvogn"",""ordinary"",""tryg-campingvogn-campingvogn-ekstra"",""2026-01-01""]",True,False,3,3,0,29,31,6,12,11,0,0,2,MATERIAL_GAPS,True,COMPLETE,True,REVERSE_REVIEW_COMPLETE,ACTIVE_IN_LOCAL_RUNTIME,23,0,23,23,0,FULL_DEEP_REVIEW,0,16,7,0,No unfinished local audit step. Remediation/source research remains as recorded; not authorized.,0,False,False,23,REMEDIATION_REQUIRED,9
tryg,Tilhenger,ordinary,tryg-tilhenger-brann,2026-01-01,"[""tryg"",""tilhenger"",""ordinary"",""tryg-tilhenger-brann"",""2026-01-01""]",True,False,2,2,0,16,19,3,9,4,0,0,3,MATERIAL_GAPS,True,COMPLETE,True,REVERSE_REVIEW_COMPLETE,ACTIVE_IN_LOCAL_RUNTIME,8,0,8,8,0,FULL_DEEP_REVIEW,0,5,8,0,No unfinished local audit step. Remediation/source research remains as recorded; not authorized.,0,False,False,8,REMEDIATION_REQUIRED,8
tryg,Tilhenger,ordinary,tryg-tilhenger-brann-og-tyveri,2026-01-01,"[""tryg"",""tilhenger"",""ordinary"",""tryg-tilhenger-brann-og-tyveri"",""2026-01-01""]",True,False,3,3,0,18,21,3,10,5,0,0,3,MATERIAL_GAPS,True,COMPLETE,True,REVERSE_REVIEW_COMPLETE,ACTIVE_IN_LOCAL_RUNTIME,9,0,9,9,0,FULL_DEEP_REVIEW,0,7,8,0,No unfinished local audit step. Remediation/source research remains as recorded; not authorized.,0,False,False,9,REMEDIATION_REQUIRED,8
tryg,Tilhenger,ordinary,tryg-tilhenger-kasko,2026-01-01,"[""tryg"",""tilhenger"",""ordinary"",""tryg-tilhenger-kasko"",""2026-01-01""]",True,False,3,3,0,21,24,3,12,6,0,0,3,MATERIAL_GAPS,True,COMPLETE,True,REVERSE_REVIEW_COMPLETE,ACTIVE_IN_LOCAL_RUNTIME,13,0,13,13,0,FULL_DEEP_REVIEW,0,9,9,0,No unfinished local audit step. Remediation/source research remains as recorded; not authorized.,0,False,False,13,REMEDIATION_REQUIRED,8
gjensidige,Snøscooter,ordinary,gjensidige-snoscooter-ansvar,,"[""gjensidige"",""snøscooter"",""ordinary"",""gjensidige-snoscooter-ansvar"",null]",True,False,1,1,0,23,24,1,9,13,0,0,1,MATERIAL_GAPS,True,COMPLETE,True,REVERSE_REVIEW_COMPLETE,ACTIVE_IN_LOCAL_RUNTIME,5,0,5,5,0,FULL_DEEP_REVIEW,0,15,7,0,No unfinished local audit step. Remediation/source research remains as recorded; not authorized.,0,False,False,5,REMEDIATION_REQUIRED,3
gjensidige,Snøscooter,ordinary,gjensidige-snoscooter-delkasko,,"[""gjensidige"",""snøscooter"",""ordinary"",""gjensidige-snoscooter-delkasko"",null]",True,False,1,1,0,32,34,2,14,16,0,0,2,MATERIAL_GAPS,True,COMPLETE,True,REVERSE_REVIEW_COMPLETE,ACTIVE_IN_LOCAL_RUNTIME,12,0,12,12,0,FULL_DEEP_REVIEW,0,19,11,0,No unfinished local audit step. Remediation/source research remains as recorded; not authorized.,0,False,False,12,REMEDIATION_REQUIRED,3
gjensidige,Snøscooter,ordinary,gjensidige-snoscooter-kasko,,"[""gjensidige"",""snøscooter"",""ordinary"",""gjensidige-snoscooter-kasko"",null]",True,False,1,1,0,33,35,2,14,17,0,0,2,MATERIAL_GAPS,True,COMPLETE,True,REVERSE_REVIEW_COMPLETE,ACTIVE_IN_LOCAL_RUNTIME,13,0,13,13,0,FULL_DEEP_REVIEW,0,20,11,0,No unfinished local audit step. Remediation/source research remains as recorded; not authorized.,0,False,False,13,REMEDIATION_REQUIRED,3
gjensidige,Campingvogn,ordinary,gjensidige-campingvogn-delkasko,,"[""gjensidige"",""campingvogn"",""ordinary"",""gjensidige-campingvogn-delkasko"",null]",True,False,1,1,0,23,25,3,14,5,0,0,2,MATERIAL_GAPS,True,COMPLETE,True,REVERSE_REVIEW_COMPLETE,ACTIVE_IN_LOCAL_RUNTIME,6,0,6,5,0,FULL_DEEP_REVIEW,0,11,9,0,No unfinished local audit step. Remediation/source research remains as recorded; not authorized.,0,True,False,6,REMEDIATION_REQUIRED,3
gjensidige,Campingvogn,ordinary,gjensidige-campingvogn-kasko,,"[""gjensidige"",""campingvogn"",""ordinary"",""gjensidige-campingvogn-kasko"",null]",True,False,1,1,0,25,27,3,14,8,0,0,2,MATERIAL_GAPS,True,COMPLETE,True,REVERSE_REVIEW_COMPLETE,ACTIVE_IN_LOCAL_RUNTIME,8,0,8,8,0,FULL_DEEP_REVIEW,0,12,10,0,No unfinished local audit step. Remediation/source research remains as recorded; not authorized.,0,False,False,8,REMEDIATION_REQUIRED,3
gjensidige,Campingvogn,ordinary,gjensidige-campingvogn-pluss,,"[""gjensidige"",""campingvogn"",""ordinary"",""gjensidige-campingvogn-pluss"",null]",True,False,1,1,0,28,30,3,15,10,0,0,2,MATERIAL_GAPS,True,COMPLETE,True,REVERSE_REVIEW_COMPLETE,ACTIVE_IN_LOCAL_RUNTIME,13,0,13,13,0,FULL_DEEP_REVIEW,0,15,10,0,No unfinished local audit step. Remediation/source research remains as recorded; not authorized.,0,False,False,13,REMEDIATION_REQUIRED,3
gjensidige,Tilhenger,ordinary,gjensidige-tilhenger-delkasko,,"[""gjensidige"",""tilhenger"",""ordinary"",""gjensidige-tilhenger-delkasko"",null]",True,False,1,1,0,17,20,2,10,4,0,0,3,MATERIAL_GAPS,True,COMPLETE,True,REVERSE_REVIEW_COMPLETE,ACTIVE_IN_LOCAL_RUNTIME,4,0,4,4,0,FULL_DEEP_REVIEW,0,6,9,0,No unfinished local audit step. Remediation/source research remains as recorded; not authorized.,0,True,True,4,REMEDIATION_REQUIRED,3
gjensidige,Tilhenger,ordinary,gjensidige-tilhenger-kasko,,"[""gjensidige"",""tilhenger"",""ordinary"",""gjensidige-tilhenger-kasko"",null]",True,False,1,1,0,18,21,2,10,5,0,0,3,MATERIAL_GAPS,True,COMPLETE,True,REVERSE_REVIEW_COMPLETE,ACTIVE_IN_LOCAL_RUNTIME,5,0,5,5,0,FULL_DEEP_REVIEW,0,7,9,0,No unfinished local audit step. Remediation/source research remains as recorded; not authorized.,0,True,True,5,REMEDIATION_REQUIRED,3
frende,Snøscooter,ordinary,frende-snoscooter-ansvar,2026-01-01,"[""frende"",""snøscooter"",""ordinary"",""frende-snoscooter-ansvar"",""2026-01-01""]",True,False,2,1,0,21,25,2,15,4,0,0,4,MATERIAL_GAPS,True,COMPLETE,True,REVERSE_REVIEW_COMPLETE,ACTIVE_IN_LOCAL_RUNTIME,3,0,3,3,0,FULL_DEEP_REVIEW,0,11,8,0,No unfinished local audit step. Remediation/source research remains as recorded; not authorized.,0,False,False,3,REMEDIATION_REQUIRED,3
frende,Snøscooter,ordinary,frende-snoscooter-brann-og-tyveri,2026-01-01,"[""frende"",""snøscooter"",""ordinary"",""frende-snoscooter-brann-og-tyveri"",""2026-01-01""]",True,False,2,1,0,36,40,3,26,7,0,0,4,MATERIAL_GAPS,True,COMPLETE,True,REVERSE_REVIEW_COMPLETE,ACTIVE_IN_LOCAL_RUNTIME,7,0,7,7,0,FULL_DEEP_REVIEW,0,18,15,0,No unfinished local audit step. Remediation/source research remains as recorded; not authorized.,0,False,False,7,REMEDIATION_REQUIRED,3
frende,Snøscooter,ordinary,frende-snoscooter-kasko,2026-01-01,"[""frende"",""snøscooter"",""ordinary"",""frende-snoscooter-kasko"",""2026-01-01""]",True,False,2,1,0,41,45,3,29,8,1,0,4,MATERIAL_GAPS,True,COMPLETE,True,REVERSE_REVIEW_COMPLETE,ACTIVE_IN_LOCAL_RUNTIME,8,0,8,8,0,FULL_DEEP_REVIEW,0,22,15,0,No unfinished local audit step. Remediation/source research remains as recorded; not authorized.,0,True,False,8,REMEDIATION_REQUIRED,3
frende,Campingvogn,ordinary,frende-campingvogn-brann-og-tyveri,2026-01-01,"[""frende"",""campingvogn"",""ordinary"",""frende-campingvogn-brann-og-tyveri"",""2026-01-01""]",True,False,2,1,0,37,41,5,21,10,0,1,4,MATERIAL_GAPS,True,COMPLETE,True,REVERSE_REVIEW_COMPLETE,ACTIVE_IN_LOCAL_RUNTIME,9,0,9,9,0,FULL_DEEP_REVIEW,0,15,16,0,No unfinished local audit step. Remediation/source research remains as recorded; not authorized.,0,False,False,9,REMEDIATION_REQUIRED,3
frende,Campingvogn,ordinary,frende-campingvogn-kasko,2026-01-01,"[""frende"",""campingvogn"",""ordinary"",""frende-campingvogn-kasko"",""2026-01-01""]",True,False,2,1,0,44,48,7,23,12,1,1,4,MATERIAL_GAPS,True,COMPLETE,True,REVERSE_REVIEW_COMPLETE,ACTIVE_IN_LOCAL_RUNTIME,12,0,12,12,0,FULL_DEEP_REVIEW,0,19,16,0,No unfinished local audit step. Remediation/source research remains as recorded; not authorized.,0,True,False,12,REMEDIATION_REQUIRED,3
frende,Tilhenger,ordinary,frende-tilhenger-brann-og-tyveri,2026-01-01,"[""frende"",""tilhenger"",""ordinary"",""frende-tilhenger-brann-og-tyveri"",""2026-01-01""]",True,False,2,1,0,31,37,5,17,7,2,0,6,MATERIAL_GAPS,True,COMPLETE,True,REVERSE_REVIEW_COMPLETE,ACTIVE_IN_LOCAL_RUNTIME,7,0,7,7,0,FULL_DEEP_REVIEW,0,10,14,0,No unfinished local audit step. Remediation/source research remains as recorded; not authorized.,0,True,False,7,REMEDIATION_REQUIRED,3
frende,Tilhenger,ordinary,frende-tilhenger-kasko,2026-01-01,"[""frende"",""tilhenger"",""ordinary"",""frende-tilhenger-kasko"",""2026-01-01""]",True,False,2,1,0,34,40,5,17,9,3,0,6,MATERIAL_GAPS,True,COMPLETE,True,REVERSE_REVIEW_COMPLETE,ACTIVE_IN_LOCAL_RUNTIME,8,0,8,8,0,FULL_DEEP_REVIEW,0,12,14,0,No unfinished local audit step. Remediation/source research remains as recorded; not authorized.,0,True,False,8,REMEDIATION_REQUIRED,3
storebrand,Snøscooter,ordinary,storebrand-snoscooter-ansvar,2025-04-01,"[""storebrand"",""snøscooter"",""ordinary"",""storebrand-snoscooter-ansvar"",""2025-04-01""]",True,False,1,1,0,16,17,0,10,4,0,2,1,MATERIAL_GAPS,True,COMPLETE,True,REVERSE_REVIEW_COMPLETE,ACTIVE_IN_LOCAL_RUNTIME,3,0,3,3,0,FULL_DEEP_REVIEW,0,10,4,0,No unfinished local audit step. Remediation/source research remains as recorded; not authorized.,0,False,False,3,REMEDIATION_REQUIRED,3
storebrand,Snøscooter,ordinary,storebrand-snoscooter-delkasko,2025-04-01,"[""storebrand"",""snøscooter"",""ordinary"",""storebrand-snoscooter-delkasko"",""2025-04-01""]",True,False,1,1,0,33,34,1,23,7,0,2,1,MATERIAL_GAPS,True,COMPLETE,True,REVERSE_REVIEW_COMPLETE,ACTIVE_IN_LOCAL_RUNTIME,6,0,6,6,0,FULL_DEEP_REVIEW,0,24,6,0,No unfinished local audit step. Remediation/source research remains as recorded; not authorized.,0,False,False,6,REMEDIATION_REQUIRED,3
storebrand,Snøscooter,ordinary,storebrand-snoscooter-kasko,2025-04-01,"[""storebrand"",""snøscooter"",""ordinary"",""storebrand-snoscooter-kasko"",""2025-04-01""]",True,False,1,1,0,35,36,1,24,8,0,2,1,MATERIAL_GAPS,True,COMPLETE,True,REVERSE_REVIEW_COMPLETE,ACTIVE_IN_LOCAL_RUNTIME,7,0,7,7,0,FULL_DEEP_REVIEW,0,26,6,0,No unfinished local audit step. Remediation/source research remains as recorded; not authorized.,0,False,False,7,REMEDIATION_REQUIRED,3
storebrand,Campingvogn,ordinary,storebrand-campingvogn-brann-og-tyveri,2026-03-01,"[""storebrand"",""campingvogn"",""ordinary"",""storebrand-campingvogn-brann-og-tyveri"",""2026-03-01""]",True,False,1,1,0,27,28,2,15,9,0,1,1,MATERIAL_GAPS,True,COMPLETE,True,REVERSE_REVIEW_COMPLETE,ACTIVE_IN_LOCAL_RUNTIME,10,0,10,10,0,FULL_DEEP_REVIEW,0,20,4,0,No unfinished local audit step. Remediation/source research remains as recorded; not authorized.,0,False,False,10,REMEDIATION_REQUIRED,3
storebrand,Campingvogn,ordinary,storebrand-campingvogn-kasko,2026-03-01,"[""storebrand"",""campingvogn"",""ordinary"",""storebrand-campingvogn-kasko"",""2026-03-01""]",True,False,1,1,0,29,30,2,15,10,0,2,1,MATERIAL_GAPS,True,COMPLETE,True,REVERSE_REVIEW_COMPLETE,ACTIVE_IN_LOCAL_RUNTIME,11,0,11,11,0,FULL_DEEP_REVIEW,0,21,4,0,No unfinished local audit step. Remediation/source research remains as recorded; not authorized.,0,False,False,11,REMEDIATION_REQUIRED,3
storebrand,Campingvogn,ordinary,storebrand-campingvogn-super,2026-03-01,"[""storebrand"",""campingvogn"",""ordinary"",""storebrand-campingvogn-super"",""2026-03-01""]",True,False,1,1,0,33,34,5,15,10,1,2,1,MATERIAL_GAPS,True,COMPLETE,True,REVERSE_REVIEW_COMPLETE,ACTIVE_IN_LOCAL_RUNTIME,17,0,17,17,0,FULL_DEEP_REVIEW,0,21,4,0,No unfinished local audit step. Remediation/source research remains as recorded; not authorized.,0,True,False,17,REMEDIATION_REQUIRED,3
storebrand,Tilhenger,ordinary,storebrand-tilhenger-brann-og-tyveri,2026-03-01,"[""storebrand"",""tilhenger"",""ordinary"",""storebrand-tilhenger-brann-og-tyveri"",""2026-03-01""]",True,False,1,1,0,23,24,1,14,5,2,1,1,MATERIAL_GAPS,True,COMPLETE,True,REVERSE_REVIEW_COMPLETE,ACTIVE_IN_LOCAL_RUNTIME,7,0,7,5,0,FULL_DEEP_REVIEW,0,15,4,0,No unfinished local audit step. Remediation/source research remains as recorded; not authorized.,0,True,False,7,REMEDIATION_REQUIRED,3
storebrand,Tilhenger,ordinary,storebrand-tilhenger-kasko,2026-03-01,"[""storebrand"",""tilhenger"",""ordinary"",""storebrand-tilhenger-kasko"",""2026-03-01""]",True,False,1,1,0,25,26,1,14,6,2,2,1,MATERIAL_GAPS,True,COMPLETE,True,REVERSE_REVIEW_COMPLETE,ACTIVE_IN_LOCAL_RUNTIME,8,0,8,6,0,FULL_DEEP_REVIEW,0,16,4,0,No unfinished local audit step. Remediation/source research remains as recorded; not authorized.,0,True,False,8,REMEDIATION_REQUIRED,3
if,Snøscooter,ordinary,if-snoscooter-ansvar,2024-03,"[""if"",""snøscooter"",""ordinary"",""if-snoscooter-ansvar"",""2024-03""]",True,False,1,1,0,15,16,1,9,4,0,1,1,MATERIAL_GAPS,True,COMPLETE,True,REVERSE_REVIEW_COMPLETE,ACTIVE_IN_LOCAL_RUNTIME,4,0,4,4,0,FULL_DEEP_REVIEW,0,5,8,0,No unfinished local audit step. Remediation/source research remains as recorded; not authorized.,0,False,False,4,REMEDIATION_REQUIRED,4
if,Snøscooter,ordinary,if-snoscooter-delkasko,2024-03,"[""if"",""snøscooter"",""ordinary"",""if-snoscooter-delkasko"",""2024-03""]",True,False,1,1,0,29,30,2,17,6,1,1,1,MATERIAL_GAPS,True,COMPLETE,True,REVERSE_REVIEW_COMPLETE,ACTIVE_IN_LOCAL_RUNTIME,8,0,8,8,0,FULL_DEEP_REVIEW,0,11,12,0,No unfinished local audit step. Remediation/source research remains as recorded; not authorized.,0,True,False,8,REMEDIATION_REQUIRED,4
if,Snøscooter,ordinary,if-snoscooter-kasko,2024-03,"[""if"",""snøscooter"",""ordinary"",""if-snoscooter-kasko"",""2024-03""]",True,False,1,1,0,31,32,2,18,7,1,1,1,MATERIAL_GAPS,True,COMPLETE,True,REVERSE_REVIEW_COMPLETE,ACTIVE_IN_LOCAL_RUNTIME,9,0,9,9,0,FULL_DEEP_REVIEW,0,11,14,0,No unfinished local audit step. Remediation/source research remains as recorded; not authorized.,0,True,False,9,REMEDIATION_REQUIRED,4
if,Campingvogn,ordinary,if-campingvogn-delkasko,2024-03,"[""if"",""campingvogn"",""ordinary"",""if-campingvogn-delkasko"",""2024-03""]",True,False,1,1,0,28,29,3,18,4,1,1,1,MATERIAL_GAPS,True,COMPLETE,True,REVERSE_REVIEW_COMPLETE,ACTIVE_IN_LOCAL_RUNTIME,9,0,9,9,0,FULL_DEEP_REVIEW,0,10,12,0,No unfinished local audit step. Remediation/source research remains as recorded; not authorized.,0,True,False,9,REMEDIATION_REQUIRED,4
if,Campingvogn,ordinary,if-campingvogn-kasko,2024-03,"[""if"",""campingvogn"",""ordinary"",""if-campingvogn-kasko"",""2024-03""]",True,False,1,1,0,31,32,3,21,5,1,1,1,MATERIAL_GAPS,True,COMPLETE,True,REVERSE_REVIEW_COMPLETE,ACTIVE_IN_LOCAL_RUNTIME,10,0,10,10,0,FULL_DEEP_REVIEW,0,12,14,0,No unfinished local audit step. Remediation/source research remains as recorded; not authorized.,0,True,False,10,REMEDIATION_REQUIRED,4
if,Campingvogn,ordinary,if-campingvogn-super,2024-03,"[""if"",""campingvogn"",""ordinary"",""if-campingvogn-super"",""2024-03""]",True,False,1,1,0,39,40,3,29,5,1,1,1,MATERIAL_GAPS,True,COMPLETE,True,REVERSE_REVIEW_COMPLETE,ACTIVE_IN_LOCAL_RUNTIME,10,0,10,10,0,FULL_DEEP_REVIEW,0,20,14,0,No unfinished local audit step. Remediation/source research remains as recorded; not authorized.,0,True,False,10,REMEDIATION_REQUIRED,4
if,Tilhenger,ordinary,if-tilhenger-delkasko,2024-03,"[""if"",""tilhenger"",""ordinary"",""if-tilhenger-delkasko"",""2024-03""]",True,False,2,2,0,21,22,2,11,5,1,1,1,MATERIAL_GAPS,True,COMPLETE,True,REVERSE_REVIEW_COMPLETE,ACTIVE_IN_LOCAL_RUNTIME,7,0,7,7,0,FULL_DEEP_REVIEW,0,6,10,0,No unfinished local audit step. Remediation/source research remains as recorded; not authorized.,0,True,False,7,REMEDIATION_REQUIRED,4
if,Tilhenger,ordinary,if-tilhenger-kasko,2024-03,"[""if"",""tilhenger"",""ordinary"",""if-tilhenger-kasko"",""2024-03""]",True,False,2,2,0,23,24,2,12,6,1,1,1,MATERIAL_GAPS,True,COMPLETE,True,REVERSE_REVIEW_COMPLETE,ACTIVE_IN_LOCAL_RUNTIME,8,0,8,8,0,FULL_DEEP_REVIEW,0,6,12,0,No unfinished local audit step. Remediation/source research remains as recorded; not authorized.,0,True,False,8,REMEDIATION_REQUIRED,4
eika-fremtind,Snøscooter,ordinary,eika-fremtind-snoscooter-ansvar,2023-10-29,"[""eika-fremtind"",""snøscooter"",""ordinary"",""eika-fremtind-snoscooter-ansvar"",""2023-10-29""]",True,False,2,2,0,9,9,2,1,6,0,0,0,MATERIAL_GAPS,True,COMPLETE,True,REVERSE_REVIEW_COMPLETE,ACTIVE_IN_LOCAL_RUNTIME,6,0,6,6,0,FULL_DEEP_REVIEW,0,3,4,0,No unfinished local audit step. Remediation/source research remains as recorded; not authorized.,0,False,False,6,REMEDIATION_REQUIRED,2
eika-fremtind,Snøscooter,ordinary,eika-fremtind-snoscooter-minikasko,2023-10-29,"[""eika-fremtind"",""snøscooter"",""ordinary"",""eika-fremtind-snoscooter-minikasko"",""2023-10-29""]",True,False,2,2,0,17,18,3,7,7,0,0,1,MATERIAL_GAPS,True,COMPLETE,True,REVERSE_REVIEW_COMPLETE,ACTIVE_IN_LOCAL_RUNTIME,8,0,8,8,0,FULL_DEEP_REVIEW,0,7,7,0,No unfinished local audit step. Remediation/source research remains as recorded; not authorized.,0,False,False,8,REMEDIATION_REQUIRED,2
eika-fremtind,Snøscooter,ordinary,eika-fremtind-snoscooter-kasko,2023-10-29,"[""eika-fremtind"",""snøscooter"",""ordinary"",""eika-fremtind-snoscooter-kasko"",""2023-10-29""]",True,False,2,2,0,20,21,3,9,8,0,0,1,MATERIAL_GAPS,True,COMPLETE,True,REVERSE_REVIEW_COMPLETE,ACTIVE_IN_LOCAL_RUNTIME,9,0,9,9,0,FULL_DEEP_REVIEW,0,8,9,0,No unfinished local audit step. Remediation/source research remains as recorded; not authorized.,0,False,False,9,REMEDIATION_REQUIRED,2
eika-fremtind,Campingvogn,ordinary,eika-fremtind-campingvogn-minikasko,2024-03-21,"[""eika-fremtind"",""campingvogn"",""ordinary"",""eika-fremtind-campingvogn-minikasko"",""2024-03-21""]",True,False,1,1,0,12,12,1,5,5,0,0,0,MATERIAL_GAPS,True,COMPLETE,True,REVERSE_REVIEW_COMPLETE,ACTIVE_IN_LOCAL_RUNTIME,10,0,10,10,0,FULL_DEEP_REVIEW,0,7,4,0,No unfinished local audit step. Remediation/source research remains as recorded; not authorized.,0,True,True,10,REMEDIATION_REQUIRED,2
eika-fremtind,Campingvogn,ordinary,eika-fremtind-campingvogn-kasko,2024-03-21,"[""eika-fremtind"",""campingvogn"",""ordinary"",""eika-fremtind-campingvogn-kasko"",""2024-03-21""]",True,False,1,1,0,15,15,1,7,6,0,0,0,MATERIAL_GAPS,True,COMPLETE,True,REVERSE_REVIEW_COMPLETE,ACTIVE_IN_LOCAL_RUNTIME,11,0,11,11,0,FULL_DEEP_REVIEW,0,9,5,0,No unfinished local audit step. Remediation/source research remains as recorded; not authorized.,0,True,True,11,REMEDIATION_REQUIRED,2
eika-fremtind,Tilhenger,ordinary,eika-fremtind-tilhenger-kasko,2024-03-21,"[""eika-fremtind"",""tilhenger"",""ordinary"",""eika-fremtind-tilhenger-kasko"",""2024-03-21""]",True,False,1,1,0,9,9,2,3,3,0,0,0,MATERIAL_GAPS,True,COMPLETE,True,REVERSE_REVIEW_COMPLETE,ACTIVE_IN_LOCAL_RUNTIME,6,0,6,6,0,FULL_DEEP_REVIEW,0,3,4,0,No unfinished local audit step. Remediation/source research remains as recorded; not authorized.,0,True,True,6,REMEDIATION_REQUIRED,2
tryg,MC,ordinary,tryg-mc-ansvar,2026-07-01,"[""tryg"",""mc"",""ordinary"",""tryg-mc-ansvar"",""2026-07-01""]",True,False,4,4,12,14,16,3,6,4,0,0,2,MATERIAL_GAPS,True,COMPLETE,True,REVERSE_REVIEW_COMPLETE,ACTIVE_IN_LOCAL_RUNTIME,8,4,12,11,0,FULL_DEEP_REVIEW,0,5,6,0,No unfinished local audit step. Remediation/source research remains as recorded; not authorized.,0,True,False,12,REMEDIATION_REQUIRED,9
tryg,MC,ordinary,tryg-mc-delkasko,2026-01-01,"[""tryg"",""mc"",""ordinary"",""tryg-mc-delkasko"",""2026-01-01""]",True,False,5,5,12,24,26,6,8,9,0,0,2,MATERIAL_GAPS,True,COMPLETE,True,REVERSE_REVIEW_COMPLETE,ACTIVE_IN_LOCAL_RUNTIME,23,4,27,26,0,FULL_DEEP_REVIEW,0,9,9,0,No unfinished local audit step. Remediation/source research remains as recorded; not authorized.,0,True,False,27,REMEDIATION_REQUIRED,10
tryg,MC,ordinary,tryg-mc-kasko,2026-07-01,"[""tryg"",""mc"",""ordinary"",""tryg-mc-kasko"",""2026-07-01""]",True,False,7,6,12,30,32,7,10,11,0,1,2,MATERIAL_GAPS,True,COMPLETE,True,REVERSE_REVIEW_COMPLETE,ACTIVE_IN_LOCAL_RUNTIME,31,4,35,34,0,FULL_DEEP_REVIEW,0,9,13,0,No unfinished local audit step. Remediation/source research remains as recorded; not authorized.,0,True,False,35,REMEDIATION_REQUIRED,10
tryg,MC,ordinary,tryg-mc-mc-ekstra,2026-07-01,"[""tryg"",""mc"",""ordinary"",""tryg-mc-mc-ekstra"",""2026-07-01""]",True,False,7,7,12,42,44,16,13,10,1,1,2,MATERIAL_GAPS,True,COMPLETE,True,REVERSE_REVIEW_COMPLETE,ACTIVE_IN_LOCAL_RUNTIME,48,4,52,50,0,FULL_DEEP_REVIEW,0,10,15,0,No unfinished local audit step. Remediation/source research remains as recorded; not authorized.,0,True,False,52,REMEDIATION_REQUIRED,11
tryg,Bobil,ordinary,tryg-bobil-ansvar,2026-07-01,"[""tryg"",""bobil"",""ordinary"",""tryg-bobil-ansvar"",""2026-07-01""]",True,False,4,4,13,14,16,3,4,4,0,1,2,MATERIAL_GAPS,True,COMPLETE,True,REVERSE_REVIEW_COMPLETE,ACTIVE_IN_LOCAL_RUNTIME,8,4,12,12,0,FULL_DEEP_REVIEW,0,4,6,0,No unfinished local audit step. Remediation/source research remains as recorded; not authorized.,0,True,False,12,REMEDIATION_REQUIRED,9
tryg,Bobil,ordinary,tryg-bobil-delkasko,2026-01-01,"[""tryg"",""bobil"",""ordinary"",""tryg-bobil-delkasko"",""2026-01-01""]",True,False,5,5,13,26,28,8,7,8,0,1,2,MATERIAL_GAPS,True,COMPLETE,True,REVERSE_REVIEW_COMPLETE,ACTIVE_IN_LOCAL_RUNTIME,27,4,31,31,0,FULL_DEEP_REVIEW,0,9,8,0,No unfinished local audit step. Remediation/source research remains as recorded; not authorized.,0,True,False,31,REMEDIATION_REQUIRED,10
tryg,Bobil,ordinary,tryg-bobil-kasko,2026-01-01,"[""tryg"",""bobil"",""ordinary"",""tryg-bobil-kasko"",""2026-01-01""]",True,False,8,7,13,33,36,11,8,10,1,1,3,MATERIAL_GAPS,True,COMPLETE,True,REVERSE_REVIEW_COMPLETE,ACTIVE_IN_LOCAL_RUNTIME,31,9,40,40,0,FULL_DEEP_REVIEW,0,10,10,0,No unfinished local audit step. Remediation/source research remains as recorded; not authorized.,0,True,False,40,REMEDIATION_REQUIRED,11
tryg,Bobil,ordinary,tryg-bobil-bobil-ekstra,2026-07-01,"[""tryg"",""bobil"",""ordinary"",""tryg-bobil-bobil-ekstra"",""2026-07-01""]",True,False,8,8,13,40,43,16,8,11,2,1,3,MATERIAL_GAPS,True,COMPLETE,True,REVERSE_REVIEW_COMPLETE,ACTIVE_IN_LOCAL_RUNTIME,46,9,55,54,0,FULL_DEEP_REVIEW,0,12,10,0,No unfinished local audit step. Remediation/source research remains as recorded; not authorized.,0,True,False,55,REMEDIATION_REQUIRED,12
if,MC,ordinary,if-mc-ansvar,2024-03,"[""if"",""mc"",""ordinary"",""if-mc-ansvar"",""2024-03""]",True,False,1,1,4,16,17,3,8,4,0,1,1,MATERIAL_GAPS,True,COMPLETE,True,REVERSE_REVIEW_COMPLETE,ACTIVE_IN_LOCAL_RUNTIME,9,0,9,9,0,FULL_DEEP_REVIEW,0,2,10,0,No unfinished local audit step. Remediation/source research remains as recorded; not authorized.,0,False,False,9,REMEDIATION_REQUIRED,5
if,MC,ordinary,if-mc-delkasko,2024-03,"[""if"",""mc"",""ordinary"",""if-mc-delkasko"",""2024-03""]",True,False,3,3,4,33,34,11,11,10,0,1,1,MATERIAL_GAPS,True,COMPLETE,True,REVERSE_REVIEW_COMPLETE,ACTIVE_IN_LOCAL_RUNTIME,35,0,35,35,0,FULL_DEEP_REVIEW,0,5,16,0,No unfinished local audit step. Remediation/source research remains as recorded; not authorized.,0,False,False,35,REMEDIATION_REQUIRED,5
if,MC,ordinary,if-mc-kasko,2024-03,"[""if"",""mc"",""ordinary"",""if-mc-kasko"",""2024-03""]",True,False,4,4,4,40,41,14,10,15,0,1,1,MATERIAL_GAPS,True,COMPLETE,True,REVERSE_REVIEW_COMPLETE,ACTIVE_IN_LOCAL_RUNTIME,37,6,43,43,0,FULL_DEEP_REVIEW,0,6,19,0,No unfinished local audit step. Remediation/source research remains as recorded; not authorized.,0,False,False,43,REMEDIATION_REQUIRED,5
if,Bobil,ordinary,if-bobil-ansvar,2024-03,"[""if"",""bobil"",""ordinary"",""if-bobil-ansvar"",""2024-03""]",True,False,1,1,4,13,14,3,5,4,0,1,1,MATERIAL_GAPS,True,COMPLETE,True,REVERSE_REVIEW_COMPLETE,ACTIVE_IN_LOCAL_RUNTIME,9,0,9,9,0,FULL_DEEP_REVIEW,0,2,7,0,No unfinished local audit step. Remediation/source research remains as recorded; not authorized.,0,False,False,9,REMEDIATION_REQUIRED,5
if,Bobil,ordinary,if-bobil-delkasko,2024-03,"[""if"",""bobil"",""ordinary"",""if-bobil-delkasko"",""2024-03""]",True,False,2,2,4,31,32,10,8,12,0,1,1,MATERIAL_GAPS,True,COMPLETE,True,REVERSE_REVIEW_COMPLETE,ACTIVE_IN_LOCAL_RUNTIME,35,0,35,35,0,FULL_DEEP_REVIEW,0,5,15,0,No unfinished local audit step. Remediation/source research remains as recorded; not authorized.,0,False,False,35,REMEDIATION_REQUIRED,5
if,Bobil,ordinary,if-bobil-kasko,2024-03,"[""if"",""bobil"",""ordinary"",""if-bobil-kasko"",""2024-03""]",True,False,3,3,4,44,45,15,7,21,0,1,1,MATERIAL_GAPS,True,COMPLETE,True,REVERSE_REVIEW_COMPLETE,ACTIVE_IN_LOCAL_RUNTIME,38,11,49,49,0,FULL_DEEP_REVIEW,0,8,20,0,No unfinished local audit step. Remediation/source research remains as recorded; not authorized.,0,False,False,49,REMEDIATION_REQUIRED,5
if,Bobil,ordinary,if-bobil-super,2022-06,"[""if"",""bobil"",""ordinary"",""if-bobil-super"",""2022-06""]",True,False,3,3,4,56,57,23,8,23,0,1,1,MATERIAL_GAPS,True,COMPLETE,True,REVERSE_REVIEW_COMPLETE,ACTIVE_IN_LOCAL_RUNTIME,60,11,71,71,0,FULL_DEEP_REVIEW,0,9,22,0,No unfinished local audit step. Remediation/source research remains as recorded; not authorized.,0,True,False,71,REMEDIATION_REQUIRED,5
gjensidige,MC,ordinary,gjensidige-mc-ansvar,,"[""gjensidige"",""mc"",""ordinary"",""gjensidige-mc-ansvar"",null]",True,False,1,1,5,29,32,2,13,14,0,0,3,MATERIAL_GAPS,True,COMPLETE,True,REVERSE_REVIEW_COMPLETE,ACTIVE_IN_LOCAL_RUNTIME,11,0,11,11,0,FULL_DEEP_REVIEW,0,17,10,0,No unfinished local audit step. Remediation/source research remains as recorded; not authorized.,0,False,False,11,REMEDIATION_REQUIRED,3
gjensidige,MC,ordinary,gjensidige-mc-delkasko,,"[""gjensidige"",""mc"",""ordinary"",""gjensidige-mc-delkasko"",null]",True,False,2,2,5,48,51,5,21,21,0,0,3,MATERIAL_GAPS,True,COMPLETE,True,REVERSE_REVIEW_COMPLETE,ACTIVE_IN_LOCAL_RUNTIME,28,0,28,25,0,FULL_DEEP_REVIEW,0,28,15,0,No unfinished local audit step. Remediation/source research remains as recorded; not authorized.,3,False,False,28,REMEDIATION_REQUIRED,3
gjensidige,MC,ordinary,gjensidige-mc-kasko,,"[""gjensidige"",""mc"",""ordinary"",""gjensidige-mc-kasko"",null]",True,False,2,2,5,51,55,7,21,22,0,1,4,MATERIAL_GAPS,True,COMPLETE,True,REVERSE_REVIEW_COMPLETE,ACTIVE_IN_LOCAL_RUNTIME,31,0,31,31,0,FULL_DEEP_REVIEW,0,28,15,0,No unfinished local audit step. Remediation/source research remains as recorded; not authorized.,0,False,False,31,REMEDIATION_REQUIRED,3
gjensidige,Bobil,ordinary,gjensidige-bobil-ansvar,,"[""gjensidige"",""bobil"",""ordinary"",""gjensidige-bobil-ansvar"",null]",True,False,1,1,6,25,27,2,9,14,0,0,2,MATERIAL_GAPS,True,COMPLETE,True,REVERSE_REVIEW_COMPLETE,ACTIVE_IN_LOCAL_RUNTIME,11,0,11,11,0,FULL_DEEP_REVIEW,0,15,8,0,No unfinished local audit step. Remediation/source research remains as recorded; not authorized.,0,False,False,11,REMEDIATION_REQUIRED,3
gjensidige,Bobil,ordinary,gjensidige-bobil-delkasko,,"[""gjensidige"",""bobil"",""ordinary"",""gjensidige-bobil-delkasko"",null]",True,False,3,3,6,48,50,7,16,23,0,0,2,MATERIAL_GAPS,True,COMPLETE,True,REVERSE_REVIEW_COMPLETE,ACTIVE_IN_LOCAL_RUNTIME,25,2,27,27,0,FULL_DEEP_REVIEW,0,26,15,0,No unfinished local audit step. Remediation/source research remains as recorded; not authorized.,0,True,True,27,REMEDIATION_REQUIRED,3
gjensidige,Bobil,ordinary,gjensidige-bobil-kasko,,"[""gjensidige"",""bobil"",""ordinary"",""gjensidige-bobil-kasko"",null]",True,False,3,3,6,55,57,11,16,24,0,1,2,MATERIAL_GAPS,True,COMPLETE,True,REVERSE_REVIEW_COMPLETE,ACTIVE_IN_LOCAL_RUNTIME,37,2,39,39,0,FULL_DEEP_REVIEW,0,27,15,0,No unfinished local audit step. Remediation/source research remains as recorded; not authorized.,0,True,True,39,REMEDIATION_REQUIRED,3
gjensidige,Bobil,ordinary,gjensidige-bobil-pluss,,"[""gjensidige"",""bobil"",""ordinary"",""gjensidige-bobil-pluss"",null]",True,False,3,3,6,66,68,20,16,26,0,1,2,MATERIAL_GAPS,True,COMPLETE,True,REVERSE_REVIEW_COMPLETE,ACTIVE_IN_LOCAL_RUNTIME,55,2,57,57,0,FULL_DEEP_REVIEW,0,29,15,0,No unfinished local audit step. Remediation/source research remains as recorded; not authorized.,0,True,True,57,REMEDIATION_REQUIRED,3
storebrand,MC,ordinary,storebrand-mc-ansvar,motor09,"[""storebrand"",""mc"",""ordinary"",""storebrand-mc-ansvar"",""motor09""]",True,False,1,1,3,18,19,1,9,6,0,2,1,MATERIAL_GAPS,True,COMPLETE,True,REVERSE_REVIEW_COMPLETE,ACTIVE_IN_LOCAL_RUNTIME,11,0,11,11,0,FULL_DEEP_REVIEW,0,10,5,0,No unfinished local audit step. Remediation/source research remains as recorded; not authorized.,0,False,False,11,REMEDIATION_REQUIRED,3
storebrand,MC,ordinary,storebrand-mc-delkasko,motor09,"[""storebrand"",""mc"",""ordinary"",""storebrand-mc-delkasko"",""motor09""]",True,False,1,1,3,37,38,7,14,13,1,2,1,MATERIAL_GAPS,True,COMPLETE,True,REVERSE_REVIEW_COMPLETE,ACTIVE_IN_LOCAL_RUNTIME,30,0,30,30,0,FULL_DEEP_REVIEW,0,19,8,0,No unfinished local audit step. Remediation/source research remains as recorded; not authorized.,0,True,False,30,REMEDIATION_REQUIRED,3
storebrand,MC,ordinary,storebrand-mc-kasko,motor09,"[""storebrand"",""mc"",""ordinary"",""storebrand-mc-kasko"",""motor09""]",True,False,1,1,3,39,40,8,14,14,1,2,1,MATERIAL_GAPS,True,COMPLETE,True,REVERSE_REVIEW_COMPLETE,ACTIVE_IN_LOCAL_RUNTIME,33,0,33,33,0,FULL_DEEP_REVIEW,0,20,8,0,No unfinished local audit step. Remediation/source research remains as recorded; not authorized.,0,True,False,33,REMEDIATION_REQUIRED,3
storebrand,Bobil,ordinary,storebrand-bobil-ansvar,motor09,"[""storebrand"",""bobil"",""ordinary"",""storebrand-bobil-ansvar"",""motor09""]",True,False,1,1,3,15,16,1,6,6,0,2,1,MATERIAL_GAPS,True,COMPLETE,True,REVERSE_REVIEW_COMPLETE,ACTIVE_IN_LOCAL_RUNTIME,11,0,11,11,0,FULL_DEEP_REVIEW,0,8,4,0,No unfinished local audit step. Remediation/source research remains as recorded; not authorized.,0,False,False,11,REMEDIATION_REQUIRED,3
storebrand,Bobil,ordinary,storebrand-bobil-delkasko,motor09,"[""storebrand"",""bobil"",""ordinary"",""storebrand-bobil-delkasko"",""motor09""]",True,False,1,1,3,34,35,7,12,13,0,2,1,MATERIAL_GAPS,True,COMPLETE,True,REVERSE_REVIEW_COMPLETE,ACTIVE_IN_LOCAL_RUNTIME,29,0,29,29,0,FULL_DEEP_REVIEW,0,17,8,0,No unfinished local audit step. Remediation/source research remains as recorded; not authorized.,0,False,False,29,REMEDIATION_REQUIRED,3
storebrand,Bobil,ordinary,storebrand-bobil-kasko,motor09,"[""storebrand"",""bobil"",""ordinary"",""storebrand-bobil-kasko"",""motor09""]",True,False,1,1,3,49,50,8,18,20,1,2,1,MATERIAL_GAPS,True,COMPLETE,True,REVERSE_REVIEW_COMPLETE,ACTIVE_IN_LOCAL_RUNTIME,32,8,37,40,0,FULL_DEEP_REVIEW,0,30,8,0,No unfinished local audit step. Remediation/source research remains as recorded; not authorized.,0,True,False,40,REMEDIATION_REQUIRED,3
storebrand,Bobil,ordinary,storebrand-bobil-super,motor09,"[""storebrand"",""bobil"",""ordinary"",""storebrand-bobil-super"",""motor09""]",True,False,1,1,3,59,60,13,19,25,0,2,1,MATERIAL_GAPS,True,COMPLETE,True,REVERSE_REVIEW_COMPLETE,ACTIVE_IN_LOCAL_RUNTIME,63,8,68,71,0,FULL_DEEP_REVIEW,0,36,8,0,No unfinished local audit step. Remediation/source research remains as recorded; not authorized.,0,False,False,71,REMEDIATION_REQUIRED,3
fremtind,MC,ordinary-sparebank1,fremtind-mc-ansvar,,"[""fremtind"",""mc"",""ordinary-sparebank1"",""fremtind-mc-ansvar"",null]",True,False,1,1,0,11,11,3,5,3,0,0,0,MATERIAL_GAPS,True,COMPLETE,True,REVERSE_REVIEW_COMPLETE,ACTIVE_IN_LOCAL_RUNTIME,11,0,11,11,0,FULL_DEEP_REVIEW,0,1,7,0,No unfinished local audit step. Remediation/source research remains as recorded; not authorized.,0,False,False,11,REMEDIATION_REQUIRED,3
fremtind,MC,ordinary-sparebank1,fremtind-mc-delkasko,,"[""fremtind"",""mc"",""ordinary-sparebank1"",""fremtind-mc-delkasko"",null]",True,False,1,1,0,23,24,6,10,6,0,0,1,MATERIAL_GAPS,True,COMPLETE,True,REVERSE_REVIEW_COMPLETE,ACTIVE_IN_LOCAL_RUNTIME,22,0,22,22,0,FULL_DEEP_REVIEW,0,5,12,0,No unfinished local audit step. Remediation/source research remains as recorded; not authorized.,0,True,False,22,REMEDIATION_REQUIRED,3
fremtind,MC,ordinary-sparebank1,fremtind-mc-kasko,,"[""fremtind"",""mc"",""ordinary-sparebank1"",""fremtind-mc-kasko"",null]",True,False,1,1,0,32,34,10,12,8,0,1,2,MATERIAL_GAPS,True,COMPLETE,True,REVERSE_REVIEW_COMPLETE,ACTIVE_IN_LOCAL_RUNTIME,28,0,28,28,0,FULL_DEEP_REVIEW,0,7,14,0,No unfinished local audit step. Remediation/source research remains as recorded; not authorized.,0,True,False,28,REMEDIATION_REQUIRED,3
fremtind,Bobil,ordinary-dnb,fremtind-bobil-ansvar,2025-09-18,"[""fremtind"",""bobil"",""ordinary-dnb"",""fremtind-bobil-ansvar"",""2025-09-18""]",True,False,1,1,0,16,17,2,5,7,0,1,1,MATERIAL_GAPS,True,COMPLETE,True,REVERSE_REVIEW_COMPLETE,ACTIVE_IN_LOCAL_RUNTIME,11,0,11,10,0,FULL_DEEP_REVIEW,0,2,11,0,No unfinished local audit step. Remediation/source research remains as recorded; not authorized.,0,True,False,11,REMEDIATION_REQUIRED,5
fremtind,Bobil,ordinary-dnb,fremtind-bobil-minikasko,2025-09-18,"[""fremtind"",""bobil"",""ordinary-dnb"",""fremtind-bobil-minikasko"",""2025-09-18""]",True,False,1,1,0,34,35,5,11,13,1,1,1,MATERIAL_GAPS,True,COMPLETE,True,REVERSE_REVIEW_COMPLETE,ACTIVE_IN_LOCAL_RUNTIME,24,0,24,22,0,FULL_DEEP_REVIEW,0,7,21,0,No unfinished local audit step. Remediation/source research remains as recorded; not authorized.,0,True,False,24,REMEDIATION_REQUIRED,6
fremtind,Bobil,ordinary-dnb,fremtind-bobil-kasko,2025-09-18,"[""fremtind"",""bobil"",""ordinary-dnb"",""fremtind-bobil-kasko"",""2025-09-18""]",True,False,3,3,0,46,47,9,10,22,1,1,1,MATERIAL_GAPS,True,COMPLETE,True,REVERSE_REVIEW_COMPLETE,ACTIVE_IN_LOCAL_RUNTIME,33,10,43,40,0,FULL_DEEP_REVIEW,0,10,26,0,No unfinished local audit step. Remediation/source research remains as recorded; not authorized.,0,True,False,43,REMEDIATION_REQUIRED,9
fremtind,Bobil,ordinary-dnb,fremtind-bobil-topp,2025-09-18,"[""fremtind"",""bobil"",""ordinary-dnb"",""fremtind-bobil-topp"",""2025-09-18""]",True,False,3,3,0,56,57,16,12,23,1,1,1,MATERIAL_GAPS,True,COMPLETE,True,REVERSE_REVIEW_COMPLETE,ACTIVE_IN_LOCAL_RUNTIME,46,10,56,49,0,FULL_DEEP_REVIEW,0,10,29,0,No unfinished local audit step. Remediation/source research remains as recorded; not authorized.,0,True,False,56,REMEDIATION_REQUIRED,9
frende,MC,ordinary,frende-mc-ansvar,2026-01-01,"[""frende"",""mc"",""ordinary"",""frende-mc-ansvar"",""2026-01-01""]",True,False,1,1,0,25,26,4,12,6,2,1,1,MATERIAL_GAPS,True,COMPLETE,True,REVERSE_REVIEW_COMPLETE,ACTIVE_IN_LOCAL_RUNTIME,6,3,9,9,0,FULL_DEEP_REVIEW,0,11,7,0,No unfinished local audit step. Remediation/source research remains as recorded; not authorized.,0,True,False,9,REMEDIATION_REQUIRED,5
frende,MC,ordinary,frende-mc-delkasko,2026-01-01,"[""frende"",""mc"",""ordinary"",""frende-mc-delkasko"",""2026-01-01""]",True,False,1,1,0,40,41,8,17,11,3,1,1,MATERIAL_GAPS,True,COMPLETE,True,REVERSE_REVIEW_COMPLETE,ACTIVE_IN_LOCAL_RUNTIME,15,3,18,18,0,FULL_DEEP_REVIEW,0,18,10,0,No unfinished local audit step. Remediation/source research remains as recorded; not authorized.,0,True,False,18,REMEDIATION_REQUIRED,5
frende,MC,ordinary,frende-mc-kasko,2026-01-01,"[""frende"",""mc"",""ordinary"",""frende-mc-kasko"",""2026-01-01""]",True,False,1,1,0,45,46,11,19,12,2,1,1,MATERIAL_GAPS,True,COMPLETE,True,REVERSE_REVIEW_COMPLETE,ACTIVE_IN_LOCAL_RUNTIME,21,3,24,24,0,FULL_DEEP_REVIEW,0,20,11,0,No unfinished local audit step. Remediation/source research remains as recorded; not authorized.,0,True,False,24,REMEDIATION_REQUIRED,5
frende,Bobil,ordinary,frende-bobil-ansvar,2026-01-01,"[""frende"",""bobil"",""ordinary"",""frende-bobil-ansvar"",""2026-01-01""]",True,False,1,1,0,24,26,4,13,6,0,1,2,MATERIAL_GAPS,True,COMPLETE,True,REVERSE_REVIEW_COMPLETE,ACTIVE_IN_LOCAL_RUNTIME,9,0,9,9,0,FULL_DEEP_REVIEW,0,10,9,0,No unfinished local audit step. Remediation/source research remains as recorded; not authorized.,0,False,False,9,REMEDIATION_REQUIRED,4
frende,Bobil,ordinary,frende-bobil-delkasko,2026-01-01,"[""frende"",""bobil"",""ordinary"",""frende-bobil-delkasko"",""2026-01-01""]",True,False,1,1,0,42,44,8,21,11,1,1,2,MATERIAL_GAPS,True,COMPLETE,True,REVERSE_REVIEW_COMPLETE,ACTIVE_IN_LOCAL_RUNTIME,24,0,24,24,0,FULL_DEEP_REVIEW,0,20,12,0,No unfinished local audit step. Remediation/source research remains as recorded; not authorized.,0,True,False,24,REMEDIATION_REQUIRED,4
frende,Bobil,ordinary,frende-bobil-kasko,2026-01-01,"[""frende"",""bobil"",""ordinary"",""frende-bobil-kasko"",""2026-01-01""]",True,False,1,1,0,61,63,17,25,15,3,1,2,MATERIAL_GAPS,True,COMPLETE,True,REVERSE_REVIEW_COMPLETE,ACTIVE_IN_LOCAL_RUNTIME,32,12,44,44,0,FULL_DEEP_REVIEW,0,27,13,0,No unfinished local audit step. Remediation/source research remains as recorded; not authorized.,0,True,False,44,REMEDIATION_REQUIRED,4
frende,Bobil,ordinary,frende-bobil-utvidet,2026-01-01,"[""frende"",""bobil"",""ordinary"",""frende-bobil-utvidet"",""2026-01-01""]",True,False,1,1,0,65,67,20,26,14,4,1,2,MATERIAL_GAPS,True,COMPLETE,True,REVERSE_REVIEW_COMPLETE,ACTIVE_IN_LOCAL_RUNTIME,40,12,52,52,0,FULL_DEEP_REVIEW,0,27,13,0,No unfinished local audit step. Remediation/source research remains as recorded; not authorized.,0,True,False,52,REMEDIATION_REQUIRED,4
tryg,Båt,ordinary,tryg-bat-ansvar,2024-07-01,"[""tryg"",""båt"",""ordinary"",""tryg-bat-ansvar"",""2024-07-01""]",True,False,2,2,9,11,12,1,5,3,0,1,1,MATERIAL_GAPS,True,COMPLETE,True,REVERSE_REVIEW_COMPLETE,ACTIVE_IN_LOCAL_RUNTIME,4,1,5,5,0,FULL_DEEP_REVIEW,0,5,4,0,No unfinished local audit step. Remediation/source research remains as recorded; not authorized.,0,True,True,5,REMEDIATION_REQUIRED,8
tryg,Båt,ordinary,tryg-bat-brann-ansvar,2024-07-01,"[""tryg"",""båt"",""ordinary"",""tryg-bat-brann-ansvar"",""2024-07-01""]",True,False,2,2,9,13,14,1,6,4,0,1,1,MATERIAL_GAPS,True,COMPLETE,True,REVERSE_REVIEW_COMPLETE,ACTIVE_IN_LOCAL_RUNTIME,5,1,6,6,0,FULL_DEEP_REVIEW,0,6,5,0,No unfinished local audit step. Remediation/source research remains as recorded; not authorized.,0,True,True,6,REMEDIATION_REQUIRED,8
tryg,Båt,ordinary,tryg-bat-brann-tyveri-ansvar,2024-07-01,"[""tryg"",""båt"",""ordinary"",""tryg-bat-brann-tyveri-ansvar"",""2024-07-01""]",True,False,2,2,9,14,15,1,6,5,0,1,1,MATERIAL_GAPS,True,COMPLETE,True,REVERSE_REVIEW_COMPLETE,ACTIVE_IN_LOCAL_RUNTIME,6,1,7,7,0,FULL_DEEP_REVIEW,0,7,5,0,No unfinished local audit step. Remediation/source research remains as recorded; not authorized.,0,True,True,7,REMEDIATION_REQUIRED,8
tryg,Båt,ordinary,tryg-bat-kasko-ansvar,2024-07-01,"[""tryg"",""båt"",""ordinary"",""tryg-bat-kasko-ansvar"",""2024-07-01""]",True,False,3,3,9,22,23,1,10,8,0,1,1,MATERIAL_GAPS,True,COMPLETE,True,REVERSE_REVIEW_COMPLETE,ACTIVE_IN_LOCAL_RUNTIME,10,3,13,12,0,FULL_DEEP_REVIEW,0,13,7,0,No unfinished local audit step. Remediation/source research remains as recorded; not authorized.,0,True,True,13,REMEDIATION_REQUIRED,9
tryg,Båt,ordinary,tryg-bat-bat-ekstra,2024-07-01,"[""tryg"",""båt"",""ordinary"",""tryg-bat-bat-ekstra"",""2024-07-01""]",True,False,3,3,9,32,33,1,16,12,0,1,1,MATERIAL_GAPS,True,COMPLETE,True,REVERSE_REVIEW_COMPLETE,ACTIVE_IN_LOCAL_RUNTIME,12,3,15,14,0,FULL_DEEP_REVIEW,0,23,7,0,No unfinished local audit step. Remediation/source research remains as recorded; not authorized.,0,True,True,15,REMEDIATION_REQUIRED,10
if,Båt,ordinary,if-bat-delkasko,2023-02-01,"[""if"",""båt"",""ordinary"",""if-bat-delkasko"",""2023-02-01""]",True,False,1,1,2,35,36,0,20,10,0,2,1,MATERIAL_GAPS,True,COMPLETE,True,REVERSE_REVIEW_COMPLETE,ACTIVE_IN_LOCAL_RUNTIME,6,0,6,6,0,FULL_DEEP_REVIEW,0,15,15,0,No unfinished local audit step. Remediation/source research remains as recorded; not authorized.,0,True,False,6,REMEDIATION_REQUIRED,2
if,Båt,ordinary,if-bat-kasko,2023-02-01,"[""if"",""båt"",""ordinary"",""if-bat-kasko"",""2023-02-01""]",True,False,1,1,2,46,47,1,16,25,0,2,1,MATERIAL_GAPS,True,COMPLETE,True,REVERSE_REVIEW_COMPLETE,ACTIVE_IN_LOCAL_RUNTIME,11,3,14,13,0,FULL_DEEP_REVIEW,0,23,19,0,No unfinished local audit step. Remediation/source research remains as recorded; not authorized.,0,True,False,14,REMEDIATION_REQUIRED,2
if,Båt,ordinary,if-bat-super,2023-02-01,"[""if"",""båt"",""ordinary"",""if-bat-super"",""2023-02-01""]",True,False,1,1,2,51,52,3,20,25,0,2,1,MATERIAL_GAPS,True,COMPLETE,True,REVERSE_REVIEW_COMPLETE,ACTIVE_IN_LOCAL_RUNTIME,12,3,15,14,0,FULL_DEEP_REVIEW,0,25,21,0,No unfinished local audit step. Remediation/source research remains as recorded; not authorized.,0,False,False,15,REMEDIATION_REQUIRED,2
gjensidige,Båt,ordinary,gjensidige-bat-delkasko,,"[""gjensidige"",""båt"",""ordinary"",""gjensidige-bat-delkasko"",null]",True,False,1,1,5,37,41,1,27,9,0,0,4,MATERIAL_GAPS,True,COMPLETE,True,REVERSE_REVIEW_COMPLETE,ACTIVE_IN_LOCAL_RUNTIME,6,0,6,6,0,FULL_DEEP_REVIEW,0,24,12,0,No unfinished local audit step. Remediation/source research remains as recorded; not authorized.,0,False,False,6,REMEDIATION_REQUIRED,3
gjensidige,Båt,ordinary,gjensidige-bat-kasko,,"[""gjensidige"",""båt"",""ordinary"",""gjensidige-bat-kasko"",null]",True,False,1,1,5,43,47,1,27,15,0,0,4,MATERIAL_GAPS,True,COMPLETE,True,REVERSE_REVIEW_COMPLETE,ACTIVE_IN_LOCAL_RUNTIME,9,0,9,9,0,FULL_DEEP_REVIEW,0,30,12,0,No unfinished local audit step. Remediation/source research remains as recorded; not authorized.,0,False,False,9,REMEDIATION_REQUIRED,3
gjensidige,Båt,ordinary,gjensidige-bat-pluss,,"[""gjensidige"",""båt"",""ordinary"",""gjensidige-bat-pluss"",null]",True,False,1,1,5,56,60,1,35,19,0,0,4,MATERIAL_GAPS,True,COMPLETE,True,REVERSE_REVIEW_COMPLETE,ACTIVE_IN_LOCAL_RUNTIME,13,0,13,12,0,FULL_DEEP_REVIEW,0,42,12,0,No unfinished local audit step. Remediation/source research remains as recorded; not authorized.,0,True,False,13,REMEDIATION_REQUIRED,3
storebrand,Båt,ordinary,storebrand-bat-delkasko,2024-09-01,"[""storebrand"",""båt"",""ordinary"",""storebrand-bat-delkasko"",""2024-09-01""]",True,False,3,1,3,34,36,3,22,5,0,2,2,MATERIAL_GAPS,True,COMPLETE,True,REVERSE_REVIEW_COMPLETE,ACTIVE_IN_LOCAL_RUNTIME,6,0,6,6,0,FULL_DEEP_REVIEW,0,16,13,0,No unfinished local audit step. Remediation/source research remains as recorded; not authorized.,0,True,False,6,REMEDIATION_REQUIRED,3
storebrand,Båt,ordinary,storebrand-bat-kasko,2024-09-01,"[""storebrand"",""båt"",""ordinary"",""storebrand-bat-kasko"",""2024-09-01""]",True,False,3,1,3,39,41,4,23,8,0,2,2,MATERIAL_GAPS,True,COMPLETE,True,REVERSE_REVIEW_COMPLETE,ACTIVE_IN_LOCAL_RUNTIME,10,0,10,10,0,FULL_DEEP_REVIEW,0,18,15,0,No unfinished local audit step. Remediation/source research remains as recorded; not authorized.,0,True,False,10,REMEDIATION_REQUIRED,3
storebrand,Båt,ordinary,storebrand-bat-super,2024-09-01,"[""storebrand"",""båt"",""ordinary"",""storebrand-bat-super"",""2024-09-01""]",True,False,3,1,3,43,45,4,26,9,0,2,2,MATERIAL_GAPS,True,COMPLETE,True,REVERSE_REVIEW_COMPLETE,ACTIVE_IN_LOCAL_RUNTIME,14,0,14,14,0,FULL_DEEP_REVIEW,0,22,15,0,No unfinished local audit step. Remediation/source research remains as recorded; not authorized.,0,True,False,14,REMEDIATION_REQUIRED,3
sparebank1-fremtind,Båt,ordinary,sparebank1-fremtind-bat-delkasko,2024-06-10,"[""sparebank1-fremtind"",""båt"",""ordinary"",""sparebank1-fremtind-bat-delkasko"",""2024-06-10""]",True,False,1,1,3,29,32,2,15,7,2,2,3,MATERIAL_GAPS,True,COMPLETE,True,REVERSE_REVIEW_COMPLETE,ACTIVE_IN_LOCAL_RUNTIME,6,0,6,6,0,FULL_DEEP_REVIEW,0,14,11,0,No unfinished local audit step. Remediation/source research remains as recorded; not authorized.,0,True,False,6,REMEDIATION_REQUIRED,3
sparebank1-fremtind,Båt,ordinary,sparebank1-fremtind-bat-kasko,2024-06-10,"[""sparebank1-fremtind"",""båt"",""ordinary"",""sparebank1-fremtind-bat-kasko"",""2024-06-10""]",True,False,1,1,3,35,38,2,15,12,2,3,3,MATERIAL_GAPS,True,COMPLETE,True,REVERSE_REVIEW_COMPLETE,ACTIVE_IN_LOCAL_RUNTIME,12,0,12,12,0,FULL_DEEP_REVIEW,0,18,12,0,No unfinished local audit step. Remediation/source research remains as recorded; not authorized.,0,True,False,12,REMEDIATION_REQUIRED,3
sparebank1-fremtind,Båt,ordinary,sparebank1-fremtind-bat-toppkasko,2024-06-10,"[""sparebank1-fremtind"",""båt"",""ordinary"",""sparebank1-fremtind-bat-toppkasko"",""2024-06-10""]",True,False,1,1,3,42,45,2,18,16,2,3,3,MATERIAL_GAPS,True,COMPLETE,True,REVERSE_REVIEW_COMPLETE,ACTIVE_IN_LOCAL_RUNTIME,15,0,15,15,0,FULL_DEEP_REVIEW,0,24,13,0,No unfinished local audit step. Remediation/source research remains as recorded; not authorized.,0,True,False,15,REMEDIATION_REQUIRED,3
frende,Båt,ordinary,frende-bat-brann-og-tyveri,2026-01-01,"[""frende"",""båt"",""ordinary"",""frende-bat-brann-og-tyveri"",""2026-01-01""]",True,False,1,1,3,31,32,0,14,12,2,3,1,MATERIAL_GAPS,True,COMPLETE,True,REVERSE_REVIEW_COMPLETE,ACTIVE_IN_LOCAL_RUNTIME,6,1,7,7,0,FULL_DEEP_REVIEW,0,23,3,0,No unfinished local audit step. Remediation/source research remains as recorded; not authorized.,0,True,False,7,REMEDIATION_REQUIRED,3
frende,Båt,ordinary,frende-bat-kasko,2026-01-01,"[""frende"",""båt"",""ordinary"",""frende-bat-kasko"",""2026-01-01""]",True,False,1,1,3,41,42,1,13,23,1,3,1,MATERIAL_GAPS,True,COMPLETE,True,REVERSE_REVIEW_COMPLETE,ACTIVE_IN_LOCAL_RUNTIME,11,2,13,12,0,FULL_DEEP_REVIEW,0,33,3,0,No unfinished local audit step. Remediation/source research remains as recorded; not authorized.,0,True,False,13,REMEDIATION_REQUIRED,3
frende,Båt,ordinary,frende-bat-utvidet,2026-01-01,"[""frende"",""båt"",""ordinary"",""frende-bat-utvidet"",""2026-01-01""]",True,False,1,1,3,45,46,0,15,24,3,3,1,MATERIAL_GAPS,True,COMPLETE,True,REVERSE_REVIEW_COMPLETE,ACTIVE_IN_LOCAL_RUNTIME,12,2,14,13,0,FULL_DEEP_REVIEW,0,36,3,0,No unfinished local audit step. Remediation/source research remains as recorded; not authorized.,0,True,False,14,REMEDIATION_REQUIRED,3
tryg,Hund,ordinary,tryg-hund-behandling,2026-09-01,"[""tryg"",""hund"",""ordinary"",""tryg-hund-behandling"",""2026-09-01""]",True,False,6,3,6,43,45,3,26,11,0,2,2,MATERIAL_GAPS,True,COMPLETE,True,REVERSE_REVIEW_COMPLETE,ACTIVE_IN_LOCAL_RUNTIME,5,7,12,12,0,FULL_DEEP_REVIEW,0,21,17,0,No unfinished local audit step. Remediation/source research remains as recorded; not authorized.,0,True,False,12,REMEDIATION_REQUIRED,6
tryg,Katt,ordinary,tryg-katt-behandling,2026-09-01,"[""tryg"",""katt"",""ordinary"",""tryg-katt-behandling"",""2026-09-01""]",True,False,6,3,5,39,41,3,23,11,0,2,2,MATERIAL_GAPS,True,COMPLETE,True,REVERSE_REVIEW_COMPLETE,ACTIVE_IN_LOCAL_RUNTIME,5,7,12,12,0,FULL_DEEP_REVIEW,0,18,16,0,No unfinished local audit step. Remediation/source research remains as recorded; not authorized.,0,False,False,12,REMEDIATION_REQUIRED,6
if,Hund,ordinary,if-hund-basis,2022-12-01,"[""if"",""hund"",""ordinary"",""if-hund-basis"",""2022-12-01""]",True,False,2,1,2,34,36,3,22,6,0,1,2,MATERIAL_GAPS,True,COMPLETE,True,REVERSE_REVIEW_COMPLETE,ACTIVE_IN_LOCAL_RUNTIME,3,5,8,8,0,FULL_DEEP_REVIEW,0,13,15,0,No unfinished local audit step. Remediation/source research remains as recorded; not authorized.,0,True,False,8,REMEDIATION_REQUIRED,2
if,Hund,ordinary,if-hund-standard,2022-12-01,"[""if"",""hund"",""ordinary"",""if-hund-standard"",""2022-12-01""]",True,False,2,1,2,36,38,3,21,9,0,1,2,MATERIAL_GAPS,True,COMPLETE,True,REVERSE_REVIEW_COMPLETE,ACTIVE_IN_LOCAL_RUNTIME,6,5,11,11,0,FULL_DEEP_REVIEW,0,14,16,0,No unfinished local audit step. Remediation/source research remains as recorded; not authorized.,0,True,False,11,REMEDIATION_REQUIRED,2
if,Hund,ordinary,if-hund-super,2022-12-01,"[""if"",""hund"",""ordinary"",""if-hund-super"",""2022-12-01""]",True,False,2,1,2,38,40,3,20,12,0,1,2,MATERIAL_GAPS,True,COMPLETE,True,REVERSE_REVIEW_COMPLETE,ACTIVE_IN_LOCAL_RUNTIME,8,5,13,12,0,FULL_DEEP_REVIEW,0,14,18,0,No unfinished local audit step. Remediation/source research remains as recorded; not authorized.,0,True,False,13,REMEDIATION_REQUIRED,2
if,Katt,ordinary,if-katt-basis,2022-12-01,"[""if"",""katt"",""ordinary"",""if-katt-basis"",""2022-12-01""]",True,False,2,1,2,30,32,3,20,4,0,1,2,MATERIAL_GAPS,True,COMPLETE,True,REVERSE_REVIEW_COMPLETE,ACTIVE_IN_LOCAL_RUNTIME,3,5,8,8,0,FULL_DEEP_REVIEW,0,10,14,0,No unfinished local audit step. Remediation/source research remains as recorded; not authorized.,0,True,False,8,REMEDIATION_REQUIRED,2
if,Katt,ordinary,if-katt-standard,2022-12-01,"[""if"",""katt"",""ordinary"",""if-katt-standard"",""2022-12-01""]",True,False,2,1,2,32,34,3,19,7,0,1,2,MATERIAL_GAPS,True,COMPLETE,True,REVERSE_REVIEW_COMPLETE,ACTIVE_IN_LOCAL_RUNTIME,6,5,11,11,0,FULL_DEEP_REVIEW,0,11,15,0,No unfinished local audit step. Remediation/source research remains as recorded; not authorized.,0,True,False,11,REMEDIATION_REQUIRED,2
if,Katt,ordinary,if-katt-super,2022-12-01,"[""if"",""katt"",""ordinary"",""if-katt-super"",""2022-12-01""]",True,False,2,1,2,34,36,3,18,10,0,1,2,MATERIAL_GAPS,True,COMPLETE,True,REVERSE_REVIEW_COMPLETE,ACTIVE_IN_LOCAL_RUNTIME,8,5,13,11,0,FULL_DEEP_REVIEW,0,11,17,0,No unfinished local audit step. Remediation/source research remains as recorded; not authorized.,0,True,False,13,REMEDIATION_REQUIRED,2
gjensidige,Hund,ordinary,gjensidige-hund-behandling,,"[""gjensidige"",""hund"",""ordinary"",""gjensidige-hund-behandling"",null]",True,False,1,1,4,44,46,1,29,10,0,0,2,MATERIAL_GAPS,True,COMPLETE,True,REVERSE_REVIEW_COMPLETE,ACTIVE_IN_LOCAL_RUNTIME,5,2,7,6,0,FULL_DEEP_REVIEW,0,34,7,0,No unfinished local audit step. Remediation/source research remains as recorded; not authorized.,0,True,False,7,REMEDIATION_REQUIRED,4
gjensidige,Katt,ordinary,gjensidige-katt-behandling,,"[""gjensidige"",""katt"",""ordinary"",""gjensidige-katt-behandling"",null]",True,False,1,1,4,36,38,1,26,8,0,0,2,MATERIAL_GAPS,True,COMPLETE,True,REVERSE_REVIEW_COMPLETE,ACTIVE_IN_LOCAL_RUNTIME,4,1,5,5,0,FULL_DEEP_REVIEW,0,29,6,0,No unfinished local audit step. Remediation/source research remains as recorded; not authorized.,0,False,False,5,REMEDIATION_REQUIRED,4
storebrand,Hund,ordinary,storebrand-hund-veterin-r,2025-02-01,"[""storebrand"",""hund"",""ordinary"",""storebrand-hund-veterin-r"",""2025-02-01""]",True,False,1,1,3,35,36,4,29,0,0,2,1,MATERIAL_GAPS,True,COMPLETE,True,REVERSE_REVIEW_COMPLETE,ACTIVE_IN_LOCAL_RUNTIME,4,0,4,4,0,FULL_DEEP_REVIEW,0,21,8,0,No unfinished local audit step. Remediation/source research remains as recorded; not authorized.,0,False,False,4,REMEDIATION_REQUIRED,4
storebrand,Katt,ordinary,storebrand-katt-veterin-r,2025-02-01,"[""storebrand"",""katt"",""ordinary"",""storebrand-katt-veterin-r"",""2025-02-01""]",True,False,1,1,3,33,34,4,27,0,0,2,1,MATERIAL_GAPS,True,COMPLETE,True,REVERSE_REVIEW_COMPLETE,ACTIVE_IN_LOCAL_RUNTIME,4,0,4,4,0,FULL_DEEP_REVIEW,0,20,7,0,No unfinished local audit step. Remediation/source research remains as recorded; not authorized.,0,False,False,4,REMEDIATION_REQUIRED,4
storebrand,Hund,ordinary,storebrand-hund-d-dsfall,2025-02-01,"[""storebrand"",""hund"",""ordinary"",""storebrand-hund-d-dsfall"",""2025-02-01""]",True,False,1,1,3,15,16,4,6,3,1,1,1,MATERIAL_GAPS,True,COMPLETE,True,REVERSE_REVIEW_COMPLETE,ACTIVE_IN_LOCAL_RUNTIME,7,0,7,7,0,FULL_DEEP_REVIEW,0,8,1,0,No unfinished local audit step. Remediation/source research remains as recorded; not authorized.,0,True,False,7,REMEDIATION_REQUIRED,4
storebrand,Hund,ordinary,storebrand-hund-veterin-r-og-d-dsfall,2025-02-01,"[""storebrand"",""hund"",""ordinary"",""storebrand-hund-veterin-r-og-d-dsfall"",""2025-02-01""]",True,False,1,1,3,46,47,7,33,3,0,3,1,MATERIAL_GAPS,True,COMPLETE,True,REVERSE_REVIEW_COMPLETE,ACTIVE_IN_LOCAL_RUNTIME,11,0,11,11,0,FULL_DEEP_REVIEW,0,28,8,0,No unfinished local audit step. Remediation/source research remains as recorded; not authorized.,0,False,False,11,REMEDIATION_REQUIRED,4
storebrand,Katt,ordinary,storebrand-katt-d-dsfall,2025-02-01,"[""storebrand"",""katt"",""ordinary"",""storebrand-katt-d-dsfall"",""2025-02-01""]",True,False,1,1,3,12,13,4,6,0,1,1,1,MATERIAL_GAPS,True,COMPLETE,True,REVERSE_REVIEW_COMPLETE,ACTIVE_IN_LOCAL_RUNTIME,5,0,5,5,0,FULL_DEEP_REVIEW,0,5,1,0,No unfinished local audit step. Remediation/source research remains as recorded; not authorized.,0,True,False,5,REMEDIATION_REQUIRED,4
storebrand,Katt,ordinary,storebrand-katt-veterin-r-og-d-dsfall,2025-02-01,"[""storebrand"",""katt"",""ordinary"",""storebrand-katt-veterin-r-og-d-dsfall"",""2025-02-01""]",True,False,1,1,3,41,42,7,31,0,0,3,1,MATERIAL_GAPS,True,COMPLETE,True,REVERSE_REVIEW_COMPLETE,ACTIVE_IN_LOCAL_RUNTIME,9,0,9,9,0,FULL_DEEP_REVIEW,0,24,7,0,No unfinished local audit step. Remediation/source research remains as recorded; not authorized.,0,False,False,9,REMEDIATION_REQUIRED,4
sparebank1-fremtind,Hund,ordinary,sparebank1-fremtind-hund-veterin-r,2025-08-07,"[""sparebank1-fremtind"",""hund"",""ordinary"",""sparebank1-fremtind-hund-veterin-r"",""2025-08-07""]",True,False,3,3,5,32,34,2,12,13,0,1,2,MATERIAL_GAPS,True,COMPLETE,True,REVERSE_REVIEW_COMPLETE,ACTIVE_IN_LOCAL_RUNTIME,5,12,17,15,0,FULL_DEEP_REVIEW,0,26,4,0,No unfinished local audit step. Remediation/source research remains as recorded; not authorized.,0,True,False,17,REMEDIATION_REQUIRED,5
sparebank1-fremtind,Katt,ordinary,sparebank1-fremtind-katt-veterin-r,2025-08-07,"[""sparebank1-fremtind"",""katt"",""ordinary"",""sparebank1-fremtind-katt-veterin-r"",""2025-08-07""]",True,False,2,2,4,24,25,1,11,9,0,1,1,MATERIAL_GAPS,True,COMPLETE,True,REVERSE_REVIEW_COMPLETE,ACTIVE_IN_LOCAL_RUNTIME,5,6,11,10,0,FULL_DEEP_REVIEW,0,18,4,0,No unfinished local audit step. Remediation/source research remains as recorded; not authorized.,0,True,False,11,REMEDIATION_REQUIRED,4
frende,Hund,ordinary,frende-hund-veterin-r,2026-01-01,"[""frende"",""hund"",""ordinary"",""frende-hund-veterin-r"",""2026-01-01""]",True,False,1,1,3,32,33,2,17,11,0,1,1,MATERIAL_GAPS,True,COMPLETE,True,REVERSE_REVIEW_COMPLETE,ACTIVE_IN_LOCAL_RUNTIME,6,8,14,14,0,FULL_DEEP_REVIEW,0,27,2,0,No unfinished local audit step. Remediation/source research remains as recorded; not authorized.,0,False,False,14,REMEDIATION_REQUIRED,3
frende,Katt,ordinary,frende-katt-veterin-r,2026-01-01,"[""frende"",""katt"",""ordinary"",""frende-katt-veterin-r"",""2026-01-01""]",True,False,1,1,3,22,23,2,11,7,1,1,1,MATERIAL_GAPS,True,COMPLETE,True,REVERSE_REVIEW_COMPLETE,ACTIVE_IN_LOCAL_RUNTIME,6,4,10,9,0,FULL_DEEP_REVIEW,0,16,2,0,No unfinished local audit step. Remediation/source research remains as recorded; not authorized.,0,True,False,10,REMEDIATION_REQUIRED,3
