batch_id,root_cause_id,families,exact_products,finding_count,work,complexity,precondition,protect,test_plan,status,root_cause_ids,gpt6_remediation_recommended,P1,P2,affected_product_count,regression_plan_file,merged_legacy_records
RB-01,SCRC-001,"[""Hund"", ""Katt""]","[""[\""gjensidige\"",\""hund\"",\""ordinary\"",\""gjensidige-hund-behandling\"",null]"", ""[\""gjensidige\"",\""katt\"",\""ordinary\"",\""gjensidige-katt-behandling\"",null]"", ""[\""if\"",\""hund\"",\""ordinary\"",\""if-hund-basis\"",\""2022-12-01\""]"", ""[\""if\"",\""hund\"",\""ordinary\"",\""if-hund-standard\"",\""2022-12-01\""]"", ""[\""if\"",\""hund\"",\""ordinary\"",\""if-hund-super\"",\""2022-12-01\""]"", ""[\""if\"",\""katt\"",\""ordinary\"",\""if-katt-basis\"",\""2022-12-01\""]"", ""[\""if\"",\""katt\"",\""ordinary\"",\""if-katt-standard\"",\""2022-12-01\""]"", ""[\""if\"",\""katt\"",\""ordinary\"",\""if-katt-super\"",\""2022-12-01\""]"", ""[\""tryg\"",\""hund\"",\""ordinary\"",\""tryg-hund-behandling\"",\""2026-09-01\""]"", ""[\""tryg\"",\""katt\"",\""ordinary\"",\""tryg-katt-behandling\"",\""2026-09-01\""]""]",130,"Basismodellen bygger på et kort IPID-utvalg; rike behandlings-/produktvilkår er lokale, men flere presise regler er aldri ført inn. Liv/Ekstra har også sparsomme håndskrevne facts. Gjensidige Hund/Katt har samme kildeutnyttelsesgap: 4–5 basisrader og ett fakta per Liv/Bruk-modul, mens egne behandlings- og livsvilkår er tilgjengelige lokalt. Eksplisitte nivåtabeller er modellert som 3/6/8 hovedfacts. Felles veterinærpunkter og betingelser som livstidsperiode, skadefri opptjening og TR-undergrense mangler i raddefinisjonene.",DATA_ONLY,Human review of exact source evidence and applicability; resolve only associated blocking source questions before affected dimensions. No remediation authorized.,"[""document > catalog"", ""optional != selected"", ""source type/provider/scope/version boundaries"", ""native product comparison unknown semantics"", ""historical exclusions""]","[""own-source exact value/period/conditions"", ""exact level membership and add-on optionality"", ""side-swap and same-product controls"", ""scope/provider/type isolation"", ""customer silence stays unknown; explicit document wins""]",PROPOSED_NOT_IMPLEMENTED,"[""SCRC-001"", ""SCRC-002""]",False,100,30,10,proposed-regressions.csv,"[{""batch_id"": ""RB-01"", ""root_cause_id"": ""SCRC-001"", ""families"": [""Hund"", ""Katt""], ""exact_products"": [""[\""gjensidige\"",\""hund\"",\""ordinary\"",\""gjensidige-hund-behandling\"",null]"", ""[\""gjensidige\"",\""katt\"",\""ordinary\"",\""gjensidige-katt-behandling\"",null]"", ""[\""if\"",\""hund\"",\""ordinary\"",\""if-hund-basis\"",\""2022-12-01\""]"", ""[\""if\"",\""hund\"",\""ordinary\"",\""if-hund-standard\"",\""2022-12-01\""]"", ""[\""if\"",\""hund\"",\""ordinary\"",\""if-hund-super\"",\""2022-12-01\""]"", ""[\""if\"",\""katt\"",\""ordinary\"",\""if-katt-basis\"",\""2022-12-01\""]"", ""[\""if\"",\""katt\"",\""ordinary\"",\""if-katt-standard\"",\""2022-12-01\""]"", ""[\""if\"",\""katt\"",\""ordinary\"",\""if-katt-super\"",\""2022-12-01\""]"", ""[\""tryg\"",\""hund\"",\""ordinary\"",\""tryg-hund-behandling\"",\""2026-09-01\""]"", ""[\""tryg\"",\""katt\"",\""ordinary\"",\""tryg-katt-behandling\"",\""2026-09-01\""]""], ""finding_count"": 130, ""work"": ""Basismodellen bygger på et kort IPID-utvalg; rike behandlings-/produktvilkår er lokale, men flere presise regler er aldri ført inn. Liv/Ekstra har også sparsomme håndskrevne facts. Gjensidige Hund/Katt har samme kildeutnyttelsesgap: 4–5 basisrader og ett fakta per Liv/Bruk-modul, mens egne behandlings- og livsvilkår er tilgjengelige lokalt. Eksplisitte nivåtabeller er modellert som 3/6/8 hovedfacts. Felles veterinærpunkter og betingelser som livstidsperiode, skadefri opptjening og TR-undergrense mangler i raddefinisjonene."", ""complexity"": ""DATA_ONLY"", ""precondition"": ""Human review of exact source evidence and applicability; resolve only associated blocking source questions before affected dimensions. No remediation authorized."", ""protect"": [""document > catalog"", ""optional != selected"", ""source type/provider/scope/version boundaries"", ""native product comparison unknown semantics"", ""historical exclusions""], ""test_plan"": [""own-source exact value/period/conditions"", ""exact level membership and add-on optionality"", ""side-swap and same-product controls"", ""scope/provider/type isolation"", ""customer silence stays unknown; explicit document wins""], ""status"": ""PROPOSED_NOT_IMPLEMENTED"", ""root_cause_ids"": [""SCRC-001"", ""SCRC-002""], ""gpt6_remediation_recommended"": false, ""P1"": 100, ""P2"": 30, ""affected_product_count"": 10, ""regression_plan_file"": ""proposed-regressions.csv""}, {""batch_id"": ""RB-01"", ""root_cause_id"": ""SCRC-002"", ""families"": [""Hund"", ""Katt""], ""exact_products"": [""[\""if\"",\""hund\"",\""ordinary\"",\""if-hund-basis\"",\""2022-12-01\""]"", ""[\""if\"",\""hund\"",\""ordinary\"",\""if-hund-standard\"",\""2022-12-01\""]"", ""[\""if\"",\""hund\"",\""ordinary\"",\""if-hund-super\"",\""2022-12-01\""]"", ""[\""if\"",\""katt\"",\""ordinary\"",\""if-katt-basis\"",\""2022-12-01\""]"", ""[\""if\"",\""katt\"",\""ordinary\"",\""if-katt-standard\"",\""2022-12-01\""]"", ""[\""if\"",\""katt\"",\""ordinary\"",\""if-katt-super\"",\""2022-12-01\""]""], ""finding_count"": 37, ""work"": ""Basismodellen bygger på et kort IPID-utvalg; rike behandlings-/produktvilkår er lokale, men flere presise regler er aldri ført inn. Liv/Ekstra har også sparsomme håndskrevne facts. Gjensidige Hund/Katt har samme kildeutnyttelsesgap: 4–5 basisrader og ett fakta per Liv/Bruk-modul, mens egne behandlings- og livsvilkår er tilgjengelige lokalt. Eksplisitte nivåtabeller er modellert som 3/6/8 hovedfacts. Felles veterinærpunkter og betingelser som livstidsperiode, skadefri opptjening og TR-undergrense mangler i raddefinisjonene."", ""complexity"": ""MOSTLY_DATA_ONLY"", ""precondition"": ""Human review of exact source evidence and applicability; resolve only associated blocking source questions before affected dimensions. No remediation authorized."", ""protect"": [""document > catalog"", ""optional != selected"", ""source type/provider/scope/version boundaries"", ""native product comparison unknown semantics"", ""historical exclusions""], ""test_plan"": [""own-source exact value/period/conditions"", ""exact level membership and add-on optionality"", ""side-swap and same-product controls"", ""scope/provider/type isolation"", ""customer silence stays unknown; explicit document wins""], ""status"": ""PROPOSED_NOT_IMPLEMENTED"", ""P1"": 100, ""P2"": 30, ""affected_product_count"": 10, ""regression_plan_file"": ""proposed-regressions.csv"", ""root_cause_ids"": [""SCRC-001"", ""SCRC-002""]}]"
RB-02,SCRC-003,"[""Båt""]","[""[\""frende\"",\""båt\"",\""ordinary\"",\""frende-bat-brann-og-tyveri\"",\""2026-01-01\""]"", ""[\""frende\"",\""båt\"",\""ordinary\"",\""frende-bat-kasko\"",\""2026-01-01\""]"", ""[\""frende\"",\""båt\"",\""ordinary\"",\""frende-bat-utvidet\"",\""2026-01-01\""]"", ""[\""gjensidige\"",\""båt\"",\""ordinary\"",\""gjensidige-bat-delkasko\"",null]"", ""[\""gjensidige\"",\""båt\"",\""ordinary\"",\""gjensidige-bat-kasko\"",null]"", ""[\""gjensidige\"",\""båt\"",\""ordinary\"",\""gjensidige-bat-pluss\"",null]"", ""[\""storebrand\"",\""båt\"",\""ordinary\"",\""storebrand-bat-delkasko\"",\""2024-09-01\""]"", ""[\""storebrand\"",\""båt\"",\""ordinary\"",\""storebrand-bat-kasko\"",\""2024-09-01\""]"", ""[\""storebrand\"",\""båt\"",\""ordinary\"",\""storebrand-bat-super\"",\""2024-09-01\""]""]",266,"Felles boatCore/boatFire/boatKasko gir grove Included-foreldre. Super rekonstruerer basis i stedet for å inkludere Kaskoens opplagsutstyrsrad. Kildens felles begrensninger og ytelser er ikke ført inn. Frende bruker samme grove boatCore/Fire/Kasko-funksjoner. Utvidet rekonstruerer Kasko uten dens løsørerad; to optional-komponenter har kun én tilgjengelighetsrad hver. Gjensidige bruker samme IPID-baserte boatFire/Kasko-hjelpere; Delkasko mister redning selv om egen IPID/fullkilde dokumenterer den, og lokale fullvilkår er ikke utnyttet for materielle grenser/vilkår.",SMALL_CODE,Human review of exact source evidence and applicability; resolve only associated blocking source questions before affected dimensions. No remediation authorized.,"[""document > catalog"", ""optional != selected"", ""source type/provider/scope/version boundaries"", ""native product comparison unknown semantics"", ""historical exclusions""]","[""own-source exact value/period/conditions"", ""exact level membership and add-on optionality"", ""side-swap and same-product controls"", ""scope/provider/type isolation"", ""customer silence stays unknown; explicit document wins""]",PROPOSED_NOT_IMPLEMENTED,"[""SCRC-003""]",False,216,50,9,proposed-regressions.csv,
RB-03,SCRC-004,"[""Campingvogn"", ""Snøscooter"", ""Tilhenger""]","[""[\""frende\"",\""campingvogn\"",\""ordinary\"",\""frende-campingvogn-brann-og-tyveri\"",\""2026-01-01\""]"", ""[\""frende\"",\""campingvogn\"",\""ordinary\"",\""frende-campingvogn-kasko\"",\""2026-01-01\""]"", ""[\""frende\"",\""snøscooter\"",\""ordinary\"",\""frende-snoscooter-ansvar\"",\""2026-01-01\""]"", ""[\""frende\"",\""snøscooter\"",\""ordinary\"",\""frende-snoscooter-brann-og-tyveri\"",\""2026-01-01\""]"", ""[\""frende\"",\""snøscooter\"",\""ordinary\"",\""frende-snoscooter-kasko\"",\""2026-01-01\""]"", ""[\""frende\"",\""tilhenger\"",\""ordinary\"",\""frende-tilhenger-brann-og-tyveri\"",\""2026-01-01\""]"", ""[\""frende\"",\""tilhenger\"",\""ordinary\"",\""frende-tilhenger-kasko\"",\""2026-01-01\""]""]",27,"Typebestemt skjelett over felles kjøretøyvilkår har dekning/geografi/utstyr, men mangler felles rettshjelp-dimensjoner og uttrykkelige snøscooter-/campingvognregler. Valgfri førerulykke mangler også som komponent.",SMALL_CODE,Human review of exact source evidence and applicability; resolve only associated blocking source questions before affected dimensions. No remediation authorized.,"[""document > catalog"", ""optional != selected"", ""source type/provider/scope/version boundaries"", ""native product comparison unknown semantics"", ""historical exclusions""]","[""own-source exact value/period/conditions"", ""exact level membership and add-on optionality"", ""side-swap and same-product controls"", ""scope/provider/type isolation"", ""customer silence stays unknown; explicit document wins""]",PROPOSED_NOT_IMPLEMENTED,"[""SCRC-004""]",False,16,11,7,proposed-regressions.csv,
RB-04,SCRC-005,"[""Bil"", ""Bobil"", ""Innbo"", ""MC""]","[""[\""tryg\"",\""bil\"",\""ordinary\"",\""bil-kasko\"",\""PAU25205\""]"", ""[\""tryg\"",\""bobil\"",\""ordinary\"",\""tryg-bobil-bobil-ekstra\"",\""2026-07-01\""]"", ""[\""tryg\"",\""bobil\"",\""ordinary\"",\""tryg-bobil-kasko\"",\""2026-01-01\""]"", ""[\""tryg\"",\""innbo\"",\""ordinary\"",\""tryg-innbo\"",\""2026-07-01\""]"", ""[\""tryg\"",\""innbo\"",\""ordinary\"",\""tryg-innbo-ekstra\"",\""2026-07-01\""]"", ""[\""tryg\"",\""mc\"",\""ordinary\"",\""tryg-mc-kasko\"",\""2026-07-01\""]"", ""[\""tryg\"",\""mc\"",\""ordinary\"",\""tryg-mc-mc-ekstra\"",\""2026-07-01\""]""]",13,"Kontrollerte hovedmekanismer er riktige, men enkelte uttrykkelige egenandels-/oppgjørs-/tjenesteregler finnes bare i lokale fullvilkår. Årsak utover utelatte katalograder er ikke bevist.",DATA_ONLY,Human review of exact source evidence and applicability; resolve only associated blocking source questions before affected dimensions. No remediation authorized.,"[""document > catalog"", ""optional != selected"", ""source type/provider/scope/version boundaries"", ""native product comparison unknown semantics"", ""historical exclusions""]","[""own-source exact value/period/conditions"", ""exact level membership and add-on optionality"", ""side-swap and same-product controls"", ""scope/provider/type isolation"", ""customer silence stays unknown; explicit document wins""]",PROPOSED_NOT_IMPLEMENTED,"[""SCRC-005""]",False,2,11,7,proposed-regressions.csv,
RB-05,SCRC-006,"[""Bobil"", ""MC""]","[""[\""fremtind\"",\""bobil\"",\""ordinary-dnb\"",\""fremtind-bobil-topp\"",\""2025-09-18\""]"", ""[\""fremtind\"",\""mc\"",\""ordinary-sparebank1\"",\""fremtind-mc-kasko\"",null]""]",5,MC Mini/Kasko-radsett utelater uttrykkelig MC-nyverdi fra felles vilkår; Bobil Topp henviser til startleieregel uten innhold og utelater egne mindre tilleggsytelser. Scope er bevart; ingen kanal-sammenblanding påvist.,DATA_ONLY,Human review of exact source evidence and applicability; resolve only associated blocking source questions before affected dimensions. No remediation authorized.,"[""document > catalog"", ""optional != selected"", ""source type/provider/scope/version boundaries"", ""native product comparison unknown semantics"", ""historical exclusions""]","[""own-source exact value/period/conditions"", ""exact level membership and add-on optionality"", ""side-swap and same-product controls"", ""scope/provider/type isolation"", ""customer silence stays unknown; explicit document wins""]",PROPOSED_NOT_IMPLEMENTED,"[""SCRC-006""]",False,2,3,2,proposed-regressions.csv,
RB-06,,"[""Hund"", ""Katt""]","[""[\""storebrand\"",\""hund\"",\""ordinary\"",\""storebrand-hund-d-dsfall\"",\""2025-02-01\""]"", ""[\""storebrand\"",\""hund\"",\""ordinary\"",\""storebrand-hund-veterin-r\"",\""2025-02-01\""]"", ""[\""storebrand\"",\""hund\"",\""ordinary\"",\""storebrand-hund-veterin-r-og-d-dsfall\"",\""2025-02-01\""]"", ""[\""storebrand\"",\""katt\"",\""ordinary\"",\""storebrand-katt-d-dsfall\"",\""2025-02-01\""]"", ""[\""storebrand\"",\""katt\"",\""ordinary\"",\""storebrand-katt-veterin-r\"",\""2025-02-01\""]"", ""[\""storebrand\"",\""katt\"",\""ordinary\"",\""storebrand-katt-veterin-r-og-d-dsfall\"",\""2025-02-01\""]""]",138,"Storebrand Hund/Katt er håndskrevet som veterinærbasens tre facts pluss opphørsalder og et kort dødsfallssett. Dyr04s detaljerte veterinær-, forsvinnings- og brukstapsregler er ikke ført inn. Kombinasjonsproduktet gjentar samme begrensede rader; runtime mister dem ikke.",SMALL_CODE,Human review of exact source evidence and applicability; resolve only associated blocking source questions before affected dimensions. No remediation authorized.,"[""document > catalog"", ""optional != selected"", ""type/provider/scope/version isolation""]",,PROPOSED_NOT_IMPLEMENTED,"[""SCRC-007""]",False,106,32,6,proposed-regressions.csv,
RB-07,,"[""Innbo""]","[""[\""frende\"",\""innbo\"",\""ordinary\"",\""frende-innbo-standard\"",\""2026-09-01\""]""]",20,"Frende Innbo har et rikt og stort sett kildekorrekt radsett, men utelater enkelte standardhendelser, oppgjørsregler og konkrete vilkår bak generelle referanser. Uhell modellerer objektunntak, men ikke skadeårsaksunntak. Ingen runtime-tap av allerede definerte facts funnet.",SMALL_CODE,Human review of exact source evidence and applicability; resolve only associated blocking source questions before affected dimensions. No remediation authorized.,"[""document > catalog"", ""optional != selected"", ""type/provider/scope/version isolation""]",,PROPOSED_NOT_IMPLEMENTED,"[""SCRC-008""]",False,10,10,1,proposed-regressions.csv,
RB-08,,"[""Hus""]","[""[\""frende\"",\""bolig\"",\""ordinary\"",\""frende-hus-standard\"",\""2026-09-01\""]"", ""[\""frende\"",\""bolig\"",\""ordinary\"",\""frende-hus-utvidet\"",\""2026-09-01\""]""]",31,"Frende Hus har detaljert og stort sett korrekt basemodell. Enkelte oppgjørsvilkår, indeksprisstigning/egenbrukstap og konkrete unntak er ikke representert; dette er utelatte forfatterrader, ikke tap i inheritance. Aldersfradragets årsaksbegrensning finnes allerede i structuredValue, og materialunntaket i label; de er IKKE katalogmangler.",SMALL_CODE,Human review of exact source evidence and applicability; resolve only associated blocking source questions before affected dimensions. No remediation authorized.,"[""document > catalog"", ""optional != selected"", ""type/provider/scope/version isolation""]",,PROPOSED_NOT_IMPLEMENTED,"[""SCRC-009""]",False,15,16,2,proposed-regressions.csv,
RB-09,,"[""Reise""]","[""[\""frende\"",\""reise\"",\""ordinary\"",\""frende-reiseforsikring\"",\""2026-03-01\""]""]",22,"Frende Reise har en omfattende base, men enkelte eksplisitte avgrensninger og sekundærytelser er utelatt fra forfatterradene: blant annet familiekrav, avbestillingsvilkår, reisesykeunntak, innhenting av reiserute og dødsbegunstigelse. Ingen bevis for tap i motoren.",DATA_ONLY,Human review of exact source evidence and applicability; resolve only associated blocking source questions before affected dimensions. No remediation authorized.,"[""document > catalog"", ""optional != selected"", ""type/provider/scope/version isolation""]",,PROPOSED_NOT_IMPLEMENTED,"[""SCRC-010""]",False,12,10,1,proposed-regressions.csv,
RB-10,,"[""Bil"", ""Bobil"", ""Campingvogn"", ""MC"", ""Snøscooter"", ""Tilhenger""]","[""[\""storebrand\"",\""bil\"",\""ordinary\"",\""sb-bil-ansvar\"",\""motor09\""]"", ""[\""storebrand\"",\""bil\"",\""ordinary\"",\""sb-bil-delkasko\"",\""motor09\""]"", ""[\""storebrand\"",\""bil\"",\""ordinary\"",\""sb-bil-kasko\"",\""motor09\""]"", ""[\""storebrand\"",\""bil\"",\""ordinary\"",\""sb-bil-super\"",\""motor09\""]"", ""[\""storebrand\"",\""bobil\"",\""ordinary\"",\""storebrand-bobil-ansvar\"",\""motor09\""]"", ""[\""storebrand\"",\""bobil\"",\""ordinary\"",\""storebrand-bobil-delkasko\"",\""motor09\""]"", ""[\""storebrand\"",\""bobil\"",\""ordinary\"",\""storebrand-bobil-kasko\"",\""motor09\""]"", ""[\""storebrand\"",\""bobil\"",\""ordinary\"",\""storebrand-bobil-super\"",\""motor09\""]"", ""[\""storebrand\"",\""campingvogn\"",\""ordinary\"",\""storebrand-campingvogn-brann-og-tyveri\"",\""2026-03-01\""]"", ""[\""storebrand\"",\""campingvogn\"",\""ordinary\"",\""storebrand-campingvogn-kasko\"",\""2026-03-01\""]"", ""[\""storebrand\"",\""campingvogn\"",\""ordinary\"",\""storebrand-campingvogn-super\"",\""2026-03-01\""]"", ""[\""storebrand\"",\""mc\"",\""ordinary\"",\""storebrand-mc-ansvar\"",\""motor09\""]"", ""[\""storebrand\"",\""mc\"",\""ordinary\"",\""storebrand-mc-delkasko\"",\""motor09\""]"", ""[\""storebrand\"",\""mc\"",\""ordinary\"",\""storebrand-mc-kasko\"",\""motor09\""]"", ""[\""storebrand\"",\""snøscooter\"",\""ordinary\"",\""storebrand-snoscooter-ansvar\"",\""2025-04-01\""]"", ""[\""storebrand\"",\""snøscooter\"",\""ordinary\"",\""storebrand-snoscooter-delkasko\"",\""2025-04-01\""]"", ""[\""storebrand\"",\""snøscooter\"",\""ordinary\"",\""storebrand-snoscooter-kasko\"",\""2025-04-01\""]"", ""[\""storebrand\"",\""tilhenger\"",\""ordinary\"",\""storebrand-tilhenger-brann-og-tyveri\"",\""2026-03-01\""]"", ""[\""storebrand\"",\""tilhenger\"",\""ordinary\"",\""storebrand-tilhenger-kasko\"",\""2026-03-01\""]""]",498,"Storebrands identiske motor09-kilde er manuelt avkortet forskjellig i Bil, MC/Bobil og Snøscooter. Storebrand Bil bevarer flere detaljer enn de nyere typekatalogene; Snøscooter har bare3–7facts. Samme fullvilkår dokumenterer flere summer, egenandeler, vilkår og tilleggsytelser. Ingen bevis for runtime/inheritance-tap. Campingvogn/Tilhenger i samme vehicle-object-katalogfunksjon bevarer korte hoveddekninger, men utelater konkrete camp02-dimensjoner. Kildekonflikter skilles fra påviste utelatelser.",SMALL_CODE,Human review of exact source evidence and applicability; resolve only associated blocking source questions before affected dimensions. No remediation authorized.,"[""document > catalog"", ""optional != selected"", ""type/provider/scope/version isolation""]",,PROPOSED_NOT_IMPLEMENTED,"[""SCRC-011""]",False,382,116,19,proposed-regressions.csv,
RB-11,,"[""Innbo""]","[""[\""storebrand\"",\""innbo\"",\""ordinary\"",\""sb-innbo-standard\"",\""innbo09\""]"", ""[\""storebrand\"",\""innbo\"",\""ordinary\"",\""sb-innbo-super\"",\""innbo09\""]""]",102,"Storebrand Innbo innbo09-radene lagrer mange beløp, men utelater konkrete grensevilkår, aldersfradrag og enkelte egne ytelser. Manglene finnes i kilde-til-katalogforfattingen, ikke ved tap av resolverte facts. Flytting i Storebrand Innbo Super har en eksplisitt grense50000pergjenstand i katalogen som ikke støttes av den komplette lokale innbo09-pakken. Feilen er i katalogens tallpåstand, ikke comparison.",DATA_ONLY,Human review of exact source evidence and applicability; resolve only associated blocking source questions before affected dimensions. No remediation authorized.,"[""document > catalog"", ""optional != selected"", ""type/provider/scope/version isolation""]",,PROPOSED_NOT_IMPLEMENTED,"[""SCRC-012"", ""SCRC-013""]",False,82,20,2,proposed-regressions.csv,
RB-12,,"[""Hus""]","[""[\""storebrand\"",\""bolig\"",\""ordinary\"",\""storebrand-hus-standard\"",\""2025-08-15\""]"", ""[\""storebrand\"",\""bolig\"",\""ordinary\"",\""storebrand-hus-super\"",\""2025-08-15\""]""]",102,Storebrand Hus HUS10/UTLEI03 har detaljert lokal dokumentasjon som delvis er utelatt eller grovere i håndskrevne katalogfacts; aldersfradrag for utvendige rør mangler materialavgrensning. Kildemotstrid behandles separat.,DATA_ONLY,Human review of exact source evidence and applicability; resolve only associated blocking source questions before affected dimensions. No remediation authorized.,"[""document > catalog"", ""optional != selected"", ""type/provider/scope/version isolation""]",,PROPOSED_NOT_IMPLEMENTED,"[""SCRC-014""]",False,90,12,2,proposed-regressions.csv,
RB-13,,"[""Reise""]","[""[\""storebrand\"",\""reise\"",\""ordinary\"",\""storebrand-reise-standard\"",\""2026-09-20-canonical\""]"", ""[\""storebrand\"",\""reise\"",\""ordinary\"",\""storebrand-reise-super\"",\""2026-09-20-canonical\""]""]",111,"Storebrand Reise reise10-katalogen er en hovedsum-/oversiktsmodell: flere selvstendige ytelser, utløsere, aldersfradrag og viktige unntak fra fullvilkåret mangler. Standard forsinkelse slår sammen fremmøte og avgang med ulik transportgrense.",DATA_ONLY,Human review of exact source evidence and applicability; resolve only associated blocking source questions before affected dimensions. No remediation authorized.,"[""document > catalog"", ""optional != selected"", ""type/provider/scope/version isolation""]",,PROPOSED_NOT_IMPLEMENTED,"[""SCRC-015""]",False,103,8,2,proposed-regressions.csv,
RB-14,,"[""Hund"", ""Katt""]","[""[\""frende\"",\""hund\"",\""ordinary\"",\""frende-hund-veterin-r\"",\""2026-01-01\""]"", ""[\""frende\"",\""katt\"",\""ordinary\"",\""frende-katt-veterin-r\"",\""2026-01-01\""]""]",47,"Frende pet packages encode six base facts and sparse optional components; source-documented limits, diagnosis conditions, settlement restrictions and services are absent or overly broad. Exact optional dependency of Bruksverdi on Tap is expressed in prose but not component membership.",SMALL_CODE,Human review of exact source evidence and applicability; resolve only associated blocking source questions before affected dimensions. No remediation authorized.,"[""document > catalog"", ""optional != selected"", ""type/provider/scope/version isolation""]",,PROPOSED_NOT_IMPLEMENTED,"[""SCRC-016""]",False,43,4,2,proposed-regressions.csv,
RB-15,,"[""Bil""]","[""[\""frende\"",\""bil\"",\""ordinary\"",\""frende-bil-ansvar\"",\""2026-01-01\""]"", ""[\""frende\"",\""bil\"",\""ordinary\"",\""frende-bil-delkasko\"",\""2026-01-01\""]"", ""[\""frende\"",\""bil\"",\""ordinary\"",\""frende-bil-kasko\"",\""2026-01-01\""]"", ""[\""frende\"",\""bil\"",\""ordinary\"",\""frende-bil-utvidet\"",\""2026-01-01\""]""]",143,"Frende Bil preserves many exact limits but omits source-documented conditions, events and settlement rules. Fire/theft deductibles are attached only to Kasko despite Delkasko applicability. Parking-bonus text introduces unsupported age/police conditions and omits exact parking/time/vehicle qualifiers.",DATA_ONLY,Human review of exact source evidence and applicability; resolve only associated blocking source questions before affected dimensions. No remediation authorized.,"[""document > catalog"", ""optional != selected"", ""type/provider/scope/version isolation""]",,PROPOSED_NOT_IMPLEMENTED,"[""SCRC-017""]",False,95,48,4,proposed-regressions.csv,
RB-16,,"[""MC""]","[""[\""frende\"",\""mc\"",\""ordinary\"",\""frende-mc-ansvar\"",\""2026-01-01\""]"", ""[\""frende\"",\""mc\"",\""ordinary\"",\""frende-mc-delkasko\"",\""2026-01-01\""]"", ""[\""frende\"",\""mc\"",\""ordinary\"",\""frende-mc-kasko\"",\""2026-01-01\""]""]",77,"Frende MC correct type-specific catalog avoids Bil newvalue and optional machine/rental leakage, but material shared-terms detail and source-documented mileage options remain absent/coarse. Independent package reviewed before matching; Bil parking error not inherited by MC.",DATA_ONLY,Human review of exact source evidence and applicability; resolve only associated blocking source questions before affected dimensions. No remediation authorized.,"[""document > catalog"", ""optional != selected"", ""type/provider/scope/version isolation""]",,PROPOSED_NOT_IMPLEMENTED,"[""SCRC-018""]",False,49,28,3,proposed-regressions.csv,
RB-17,,"[""Bobil""]","[""[\""frende\"",\""bobil\"",\""ordinary\"",\""frende-bobil-ansvar\"",\""2026-01-01\""]"", ""[\""frende\"",\""bobil\"",\""ordinary\"",\""frende-bobil-delkasko\"",\""2026-01-01\""]"", ""[\""frende\"",\""bobil\"",\""ordinary\"",\""frende-bobil-kasko\"",\""2026-01-01\""]"", ""[\""frende\"",\""bobil\"",\""ordinary\"",\""frende-bobil-utvidet\"",\""2026-01-01\""]""]",131,Frende Bobil lacks several independently documented Utvidet subcoverages while preserving other scoped terms correctly. Full local package comparison is now closed. Bil omissions were not extrapolated; conflicting web/IPID scopes remain explicit research questions.,DATA_ONLY,Human review of exact source evidence and applicability; resolve only associated blocking source questions before affected dimensions. No remediation authorized.,"[""document > catalog"", ""optional != selected"", ""type/provider/scope/version isolation""]",,PROPOSED_NOT_IMPLEMENTED,"[""SCRC-019""]",False,84,47,4,proposed-regressions.csv,
RB-18,,"[""Reise""]","[""[\""storebrand\"",\""reise\"",\""ordinary\"",\""storebrand-reise-standard\"",\""2026-09-20-canonical\""]""]",1,"An overnight/day-trip dimension is present inside Storebrand geography free text but is absent from the explicit overnight comparison key. Key-based comparison legitimately does not reinterpret narrative; advisor sees an avoidable unknown alongside known equivalent information in another row. Tryg overnight text also combines journey purpose, which must not be inferred for Storebrand.",SMALL_CODE,Human review of exact source evidence and applicability; resolve only associated blocking source questions before affected dimensions. No remediation authorized.,"[""document > catalog"", ""optional != selected"", ""type/provider/scope/version isolation""]",,PROPOSED_NOT_IMPLEMENTED,"[""SCRC-020""]",False,1,0,1,proposed-regressions.csv,
RB-19,,"[""Campingvogn"", ""Snøscooter"", ""Tilhenger""]","[""[\""frende\"",\""campingvogn\"",\""ordinary\"",\""frende-campingvogn-brann-og-tyveri\"",\""2026-01-01\""]"", ""[\""frende\"",\""campingvogn\"",\""ordinary\"",\""frende-campingvogn-kasko\"",\""2026-01-01\""]"", ""[\""frende\"",\""snøscooter\"",\""ordinary\"",\""frende-snoscooter-ansvar\"",\""2026-01-01\""]"", ""[\""frende\"",\""snøscooter\"",\""ordinary\"",\""frende-snoscooter-brann-og-tyveri\"",\""2026-01-01\""]"", ""[\""frende\"",\""snøscooter\"",\""ordinary\"",\""frende-snoscooter-kasko\"",\""2026-01-01\""]"", ""[\""frende\"",\""tilhenger\"",\""ordinary\"",\""frende-tilhenger-brann-og-tyveri\"",\""2026-01-01\""]"", ""[\""frende\"",\""tilhenger\"",\""ordinary\"",\""frende-tilhenger-kasko\"",\""2026-01-01\""]""]",178,"Frende Snøscooter/Campingvogn/Tilhenger share applicable vehicle terms but their catalog mostly preserves included status and a few sums. Exact type-specific benefits, optional accident availability, legal limits, settlement and qualifying conditions are absent. No Bil-only new-value, machine or rental cover is inferred.",DATA_ONLY,Human review of exact source evidence and applicability; resolve only associated blocking source questions before affected dimensions. No remediation authorized.,"[""document > catalog"", ""optional != selected"", ""type/provider/scope/version isolation""]",,PROPOSED_NOT_IMPLEMENTED,"[""SCRC-021""]",False,91,87,7,proposed-regressions.csv,
RB-20,,"[""Bil""]","[""[\""gjensidige\"",\""bil\"",\""ordinary\"",\""gj-bil-ansvar\"",null]"", ""[\""gjensidige\"",\""bil\"",\""ordinary\"",\""gj-bil-delkasko\"",null]"", ""[\""gjensidige\"",\""bil\"",\""ordinary\"",\""gj-bil-kasko\"",null]"", ""[\""gjensidige\"",\""bil\"",\""ordinary\"",\""gj-bil-pluss\"",null]""]",160,"Gjensidige Bil preserves exact main sums, detailed machine components and public-template qualifications, but omits material sublimits, family conditions, settlement, mobility branches and legal/bonus dimensions. Shared generic terms must remain scoped to named product levels.",DATA_ONLY,Human review of exact source evidence and applicability; resolve only associated blocking source questions before affected dimensions. No remediation authorized.,"[""document > catalog"", ""optional != selected"", ""type/provider/scope/version isolation""]",,PROPOSED_NOT_IMPLEMENTED,"[""SCRC-022""]",False,95,65,4,proposed-regressions.csv,
RB-21,,"[""Innbo""]","[""[\""gjensidige\"",\""innbo\"",\""ordinary\"",\""gj-innbo\"",null]"", ""[\""gjensidige\"",\""innbo\"",\""ordinary\"",\""gj-innbo-pluss\"",null]""]",100,"Gjensidige Innbo source-backed material family, settlement, age deduction, safety, legal, ID and ancillary coverage dimensions are absent or compressed into vague clauses. Gjensidige Innbo catalog incorrectly narrows or moves source dimensions between territory, location and deductible scopes.",DATA_ONLY,Human review of exact source evidence and applicability; resolve only associated blocking source questions before affected dimensions. No remediation authorized.,"[""document > catalog"", ""optional != selected"", ""type/provider/scope/version isolation""]",,PROPOSED_NOT_IMPLEMENTED,"[""SCRC-023"", ""SCRC-024""]",False,78,22,2,proposed-regressions.csv,
RB-22,,"[""Hus""]","[""[\""gjensidige\"",\""bolig\"",\""ordinary\"",\""gjensidige-hus\"",\""Alminnelige vilkår\""]"", ""[\""gjensidige\"",\""bolig\"",\""ordinary\"",\""gjensidige-hus-pluss\"",\""Alminnelige vilkår\""]""]",111,"Gjensidige Hus keeps many precise sums and structured age exceptions, but omits material loss-of-use, safety, pest, liability, legal and service qualifications. Catalog source-page references often use Pluss offsets against Standard files. Gjensidige Hus pipe service claim adds flushing without explicit support from complete local source package.",DATA_ONLY,Human review of exact source evidence and applicability; resolve only associated blocking source questions before affected dimensions. No remediation authorized.,"[""document > catalog"", ""optional != selected"", ""type/provider/scope/version isolation""]",,PROPOSED_NOT_IMPLEMENTED,"[""SCRC-025"", ""SCRC-026""]",False,81,30,2,proposed-regressions.csv,
RB-23,,"[""Hus""]","[""[\""gjensidige\"",\""bolig\"",\""ordinary\"",\""gjensidige-hus\"",\""Alminnelige vilkår\""]"", ""[\""gjensidige\"",\""bolig\"",\""ordinary\"",\""gjensidige-hus-pluss\"",\""Alminnelige vilkår\""]""]",2,"Gjensidige Hus Pluss insect extension uses replacesBase on the rodent coverage keys, erasing still-applicable base rodent meanings in resolved product facts. Standard selected rot/insect option uses same replacement.",SMALL_CODE,Human review of exact source evidence and applicability; resolve only associated blocking source questions before affected dimensions. No remediation authorized.,"[""document > catalog"", ""optional != selected"", ""type/provider/scope/version isolation""]",,PROPOSED_NOT_IMPLEMENTED,"[""SCRC-027""]",False,2,0,2,proposed-regressions.csv,
RB-24,,"[""Reise""]","[""[\""gjensidige\"",\""reise\"",\""ordinary\"",\""gjensidige-reise\"",\""2026-09-20-canonical\""]"", ""[\""gjensidige\"",\""reise\"",\""ordinary\"",\""gjensidige-reise-pluss\"",\""2026-09-20-canonical\""]""]",97,"Gjensidige Reise represents many exact sums but loses material sublimits, eligibility and coverage conditions in broad parent text; service detail and precise source locators also incomplete.",DATA_ONLY,Human review of exact source evidence and applicability; resolve only associated blocking source questions before affected dimensions. No remediation authorized.,"[""document > catalog"", ""optional != selected"", ""type/provider/scope/version isolation""]",,PROPOSED_NOT_IMPLEMENTED,"[""SCRC-028""]",False,81,16,2,proposed-regressions.csv,
RB-25,,"[""Reise""]","[""[\""gjensidige\"",\""reise\"",\""ordinary\"",\""gjensidige-reise-pluss\"",\""2026-09-20-canonical\""]""]",1,Gjensidige Reise Pluss inherits the standard single-item baggage limit because its component lacks the documented Pluss override.,DATA_ONLY,Human review of exact source evidence and applicability; resolve only associated blocking source questions before affected dimensions. No remediation authorized.,"[""document > catalog"", ""optional != selected"", ""type/provider/scope/version isolation""]",,PROPOSED_NOT_IMPLEMENTED,"[""SCRC-029""]",False,1,0,1,proposed-regressions.csv,
RB-26,,"[""Bobil"", ""MC""]","[""[\""gjensidige\"",\""bobil\"",\""ordinary\"",\""gjensidige-bobil-ansvar\"",null]"", ""[\""gjensidige\"",\""bobil\"",\""ordinary\"",\""gjensidige-bobil-delkasko\"",null]"", ""[\""gjensidige\"",\""bobil\"",\""ordinary\"",\""gjensidige-bobil-kasko\"",null]"", ""[\""gjensidige\"",\""bobil\"",\""ordinary\"",\""gjensidige-bobil-pluss\"",null]"", ""[\""gjensidige\"",\""mc\"",\""ordinary\"",\""gjensidige-mc-ansvar\"",null]"", ""[\""gjensidige\"",\""mc\"",\""ordinary\"",\""gjensidige-mc-delkasko\"",null]"", ""[\""gjensidige\"",\""mc\"",\""ordinary\"",\""gjensidige-mc-kasko\"",null]""]",261,"Gjensidige MC/Bobil catalogs retain core limits but omit material full-terms conditions, sublimits, services and customer-choice structures.",DATA_ONLY,Human review of exact source evidence and applicability; resolve only associated blocking source questions before affected dimensions. No remediation authorized.,"[""document > catalog"", ""optional != selected"", ""type/provider/scope/version isolation""]",,PROPOSED_NOT_IMPLEMENTED,"[""SCRC-030""]",False,168,93,7,proposed-regressions.csv,
RB-27,,"[""MC""]","[""[\""gjensidige\"",\""mc\"",\""ordinary\"",\""gjensidige-mc-delkasko\"",null]""]",1,Gjensidige MC holiday rental is applied to every non-Ansvar tier even though the supplied Delkasko package does not support the Kasko-only extension.,DATA_ONLY,Human review of exact source evidence and applicability; resolve only associated blocking source questions before affected dimensions. No remediation authorized.,"[""document > catalog"", ""optional != selected"", ""type/provider/scope/version isolation""]",,PROPOSED_NOT_IMPLEMENTED,"[""SCRC-031""]",False,1,0,1,proposed-regressions.csv,
RB-28,,"[""Bobil""]","[""[\""gjensidige\"",\""bobil\"",\""ordinary\"",\""gjensidige-bobil-kasko\"",null]""]",1,Gjensidige Bobil skadedyr is authored only inside the Pluss block although own Kasko full terms explicitly include it.,DATA_ONLY,Human review of exact source evidence and applicability; resolve only associated blocking source questions before affected dimensions. No remediation authorized.,"[""document > catalog"", ""optional != selected"", ""type/provider/scope/version isolation""]",,PROPOSED_NOT_IMPLEMENTED,"[""SCRC-032""]",False,1,0,1,proposed-regressions.csv,
RB-29,,"[""Campingvogn"", ""Snøscooter"", ""Tilhenger""]","[""[\""gjensidige\"",\""campingvogn\"",\""ordinary\"",\""gjensidige-campingvogn-delkasko\"",null]"", ""[\""gjensidige\"",\""campingvogn\"",\""ordinary\"",\""gjensidige-campingvogn-kasko\"",null]"", ""[\""gjensidige\"",\""campingvogn\"",\""ordinary\"",\""gjensidige-campingvogn-pluss\"",null]"", ""[\""gjensidige\"",\""snøscooter\"",\""ordinary\"",\""gjensidige-snoscooter-ansvar\"",null]"", ""[\""gjensidige\"",\""snøscooter\"",\""ordinary\"",\""gjensidige-snoscooter-delkasko\"",null]"", ""[\""gjensidige\"",\""snøscooter\"",\""ordinary\"",\""gjensidige-snoscooter-kasko\"",null]"", ""[\""gjensidige\"",\""tilhenger\"",\""ordinary\"",\""gjensidige-tilhenger-delkasko\"",null]"", ""[\""gjensidige\"",\""tilhenger\"",\""ordinary\"",\""gjensidige-tilhenger-kasko\"",null]""]",180,"Gjensidige vehicle-extension catalogs use very sparse inclusion parents and omit source-backed sums, deductibles, eligibility, optional choices and payout conditions.",DATA_ONLY,Human review of exact source evidence and applicability; resolve only associated blocking source questions before affected dimensions. No remediation authorized.,"[""document > catalog"", ""optional != selected"", ""type/provider/scope/version isolation""]",,PROPOSED_NOT_IMPLEMENTED,"[""SCRC-033""]",False,104,76,8,proposed-regressions.csv,
RB-30,,"[""Campingvogn""]","[""[\""gjensidige\"",\""campingvogn\"",\""ordinary\"",\""gjensidige-campingvogn-delkasko\"",null]""]",1,Gjensidige Campingvogn Delkasko glass claim follows IPID but own full terms and HTML tier table do not include glass; source conflict not surfaced.,DATA_ONLY,Human review of exact source evidence and applicability; resolve only associated blocking source questions before affected dimensions. No remediation authorized.,"[""document > catalog"", ""optional != selected"", ""type/provider/scope/version isolation""]",,PROPOSED_NOT_IMPLEMENTED,"[""SCRC-034""]",False,1,0,1,proposed-regressions.csv,
RB-31,,"[""Hund"", ""Katt""]","[""[\""gjensidige\"",\""hund\"",\""ordinary\"",\""gjensidige-hund-behandling\"",null]"", ""[\""gjensidige\"",\""katt\"",\""ordinary\"",\""gjensidige-katt-behandling\"",null]""]",3,Gjensidige optional pet benefits lack safe component scope: rehabilitation limit is stored in unconditional base; Hund Bruk does not require Liv; Katt Bruk is absent.,SMALL_CODE,Human review of exact source evidence and applicability; resolve only associated blocking source questions before affected dimensions. No remediation authorized.,"[""document > catalog"", ""optional != selected"", ""type/provider/scope/version isolation""]",,PROPOSED_NOT_IMPLEMENTED,"[""SCRC-035""]",False,3,0,2,proposed-regressions.csv,
RB-32,,"[""Bil"", ""Bobil"", ""Campingvogn"", ""MC"", ""Snøscooter"", ""Tilhenger""]","[""[\""if\"",\""bil\"",\""ordinary\"",\""if-bil-ansvar\"",\""MOT2-2\""]"", ""[\""if\"",\""bil\"",\""ordinary\"",\""if-bil-delkasko\"",\""MOT2-2\""]"", ""[\""if\"",\""bil\"",\""ordinary\"",\""if-bil-kasko\"",\""MOT2-2\""]"", ""[\""if\"",\""bil\"",\""ordinary\"",\""if-bil-super\"",\""MOT2-2\""]"", ""[\""if\"",\""bobil\"",\""ordinary\"",\""if-bobil-ansvar\"",\""2024-03\""]"", ""[\""if\"",\""bobil\"",\""ordinary\"",\""if-bobil-delkasko\"",\""2024-03\""]"", ""[\""if\"",\""bobil\"",\""ordinary\"",\""if-bobil-kasko\"",\""2024-03\""]"", ""[\""if\"",\""bobil\"",\""ordinary\"",\""if-bobil-super\"",\""2022-06\""]"", ""[\""if\"",\""campingvogn\"",\""ordinary\"",\""if-campingvogn-delkasko\"",\""2024-03\""]"", ""[\""if\"",\""campingvogn\"",\""ordinary\"",\""if-campingvogn-kasko\"",\""2024-03\""]"", ""[\""if\"",\""campingvogn\"",\""ordinary\"",\""if-campingvogn-super\"",\""2024-03\""]"", ""[\""if\"",\""mc\"",\""ordinary\"",\""if-mc-ansvar\"",\""2024-03\""]"", ""[\""if\"",\""mc\"",\""ordinary\"",\""if-mc-delkasko\"",\""2024-03\""]"", ""[\""if\"",\""mc\"",\""ordinary\"",\""if-mc-kasko\"",\""2024-03\""]"", ""[\""if\"",\""snøscooter\"",\""ordinary\"",\""if-snoscooter-ansvar\"",\""2024-03\""]"", ""[\""if\"",\""snøscooter\"",\""ordinary\"",\""if-snoscooter-delkasko\"",\""2024-03\""]"", ""[\""if\"",\""snøscooter\"",\""ordinary\"",\""if-snoscooter-kasko\"",\""2024-03\""]"", ""[\""if\"",\""tilhenger\"",\""ordinary\"",\""if-tilhenger-delkasko\"",\""2024-03\""]"", ""[\""if\"",\""tilhenger\"",\""ordinary\"",\""if-tilhenger-kasko\"",\""2024-03\""]""]",384,"Ifs lokale felles- og særvilkår inneholder rådgiverrelevante detaljer som mangler eller er for grovt representert i eksakte kjøretøyprodukter. Bil mangler blant annet ordinær nyverdi, mens MC/Bobil har denne fra samme hovedvilkår.",DATA_ONLY,Human review of exact source evidence and applicability; resolve only associated blocking source questions before affected dimensions. No remediation authorized.,"[""document > catalog"", ""optional != selected"", ""type/provider/scope/version isolation""]",,PROPOSED_NOT_IMPLEMENTED,"[""SCRC-036""]",False,139,245,19,proposed-regressions.csv,
RB-33,,"[""Campingvogn""]","[""[\""if\"",\""campingvogn\"",\""ordinary\"",\""if-campingvogn-super\"",\""2024-03\""]""]",9,If Campingvogn Super har ingen selvstendige Super-fakta: generatoren gir samme faktasett som Kasko og leser ikke den lokale SV707-/webpakken for campingvogn.,DATA_ONLY,Human review of exact source evidence and applicability; resolve only associated blocking source questions before affected dimensions. No remediation authorized.,"[""document > catalog"", ""optional != selected"", ""type/provider/scope/version isolation""]",,PROPOSED_NOT_IMPLEMENTED,"[""SCRC-037""]",False,9,0,1,proposed-regressions.csv,
RB-34,,"[""Innbo""]","[""[\""if\"",\""innbo\"",\""ordinary\"",\""if-innbo-basis\"",\""IBO2-1\""]"", ""[\""if\"",\""innbo\"",\""ordinary\"",\""if-innbo-super\"",\""IBO2-1\""]"", ""[\""if\"",\""innbo\"",\""ordinary\"",\""if-innbo-utvidet\"",\""IBO2-1\""]""]",119,"If Innbo har rikt strukturert kjerneinnhold, men flere lokale materielle særgrenser, skadeutløsere og begrensninger mangler eller er forkortet til generelle henvisninger.",DATA_ONLY,Human review of exact source evidence and applicability; resolve only associated blocking source questions before affected dimensions. No remediation authorized.,"[""document > catalog"", ""optional != selected"", ""type/provider/scope/version isolation""]",,PROPOSED_NOT_IMPLEMENTED,"[""SCRC-038""]",False,37,82,3,proposed-regressions.csv,
RB-35,,"[""Hus""]","[""[\""if\"",\""bolig\"",\""ordinary\"",\""if-hus-basis\"",\""2023-09\""]"", ""[\""if\"",\""bolig\"",\""ordinary\"",\""if-hus-super\"",\""2023-09\""]"", ""[\""if\"",\""bolig\"",\""ordinary\"",\""if-hus-utvidet\"",\""2023-09\""]""]",92,"If Hus har omfattende korrekt detaljmodellering, men enkelte vilkårsforutsetninger, oppgjørsgrener og utbyggingsregler er fortsatt bare omtalt generelt eller mangler.",DATA_ONLY,Human review of exact source evidence and applicability; resolve only associated blocking source questions before affected dimensions. No remediation authorized.,"[""document > catalog"", ""optional != selected"", ""type/provider/scope/version isolation""]",,PROPOSED_NOT_IMPLEMENTED,"[""SCRC-039""]",False,38,54,3,proposed-regressions.csv,
RB-36,,"[""Reise""]","[""[\""if\"",\""reise\"",\""ordinary\"",\""if-reise-basis\"",\""2026-09-20-canonical\""]"", ""[\""if\"",\""reise\"",\""ordinary\"",\""if-reise-standard\"",\""2026-09-20-canonical\""]"", ""[\""if\"",\""reise\"",\""ordinary\"",\""if-reise-super\"",\""2026-09-20-canonical\""]""]",109,"If Reise-kilden er rikere enn de korte hovedfaktaene: blant annet30dagers behandlingsgrense, tilkallelse, psykologhjelp og leiebilvilkår mangler. Medisinsk kjernepåstand legger også til et ikke-kildestøttet alvorlighetskrav for ulykkesskade.",DATA_ONLY,Human review of exact source evidence and applicability; resolve only associated blocking source questions before affected dimensions. No remediation authorized.,"[""document > catalog"", ""optional != selected"", ""type/provider/scope/version isolation""]",,PROPOSED_NOT_IMPLEMENTED,"[""SCRC-040""]",False,48,61,3,proposed-regressions.csv,
RB-37,,"[""Båt""]","[""[\""if\"",\""båt\"",\""ordinary\"",\""if-bat-delkasko\"",\""2023-02-01\""]"", ""[\""if\"",\""båt\"",\""ordinary\"",\""if-bat-kasko\"",\""2023-02-01\""]"", ""[\""if\"",\""båt\"",\""ordinary\"",\""if-bat-super\"",\""2023-02-01\""]""]",118,"If Båt representerer et lite utvalg hoveddekninger, men utelater materielle summer, egenandeler, nybåt- og Superytelser. Motor/gir-egenandelens minste8k-påstand overser dokumentert4kgren.",DATA_ONLY,Human review of exact source evidence and applicability; resolve only associated blocking source questions before affected dimensions. No remediation authorized.,"[""document > catalog"", ""optional != selected"", ""type/provider/scope/version isolation""]",,PROPOSED_NOT_IMPLEMENTED,"[""SCRC-041""]",False,63,55,3,proposed-regressions.csv,
RB-38,,"[""Hund"", ""Katt""]","[""[\""if\"",\""hund\"",\""ordinary\"",\""if-hund-basis\"",\""2022-12-01\""]"", ""[\""if\"",\""hund\"",\""ordinary\"",\""if-hund-standard\"",\""2022-12-01\""]"", ""[\""if\"",\""hund\"",\""ordinary\"",\""if-hund-super\"",\""2022-12-01\""]"", ""[\""if\"",\""katt\"",\""ordinary\"",\""if-katt-basis\"",\""2022-12-01\""]"", ""[\""if\"",\""katt\"",\""ordinary\"",\""if-katt-standard\"",\""2022-12-01\""]"", ""[\""if\"",\""katt\"",\""ordinary\"",\""if-katt-super\"",\""2022-12-01\""]""]",131,"If Hund/Katt hovednivåer og Liv har bare delvis materialisert fullvilkårets sykdoms-/alders-/sumperiode- og særvilkår. Basisutredning, fødsel/medfødt, artsbestemte leddkrav og Livsytelser går tapt bak få hovedfakta.",DATA_ONLY,Human review of exact source evidence and applicability; resolve only associated blocking source questions before affected dimensions. No remediation authorized.,"[""document > catalog"", ""optional != selected"", ""type/provider/scope/version isolation""]",,PROPOSED_NOT_IMPLEMENTED,"[""SCRC-042""]",False,46,85,6,proposed-regressions.csv,
RB-39,,"[""Bil""]","[""[\""tryg\"",\""bil\"",\""ordinary\"",\""bil-ansvar\"",\""PAU25003\""]"", ""[\""tryg\"",\""bil\"",\""ordinary\"",\""bil-delkasko\"",\""PAU25835\""]"", ""[\""tryg\"",\""bil\"",\""ordinary\"",\""bil-kasko\"",\""PAU25205\""]""]",48,"Tryg Bil har detaljert og stort sett korrekt tallmodell, men enkelte viktige kvalifikasjoner og felles rettshjelpsvilkår er ikke materialisert. Datoporten for separatLeiebil skiller snapshot29sep fra1okt;ingen manglende kilde skal antas på grunn av fravær i gammel snapshot.",DATA_ONLY,Human review of exact source evidence and applicability; resolve only associated blocking source questions before affected dimensions. No remediation authorized.,"[""document > catalog"", ""optional != selected"", ""type/provider/scope/version isolation""]",,PROPOSED_NOT_IMPLEMENTED,"[""SCRC-043""]",False,15,33,3,proposed-regressions.csv,
RB-40,,"[""Bobil"", ""MC""]","[""[\""tryg\"",\""bobil\"",\""ordinary\"",\""tryg-bobil-ansvar\"",\""2026-07-01\""]"", ""[\""tryg\"",\""bobil\"",\""ordinary\"",\""tryg-bobil-bobil-ekstra\"",\""2026-07-01\""]"", ""[\""tryg\"",\""bobil\"",\""ordinary\"",\""tryg-bobil-delkasko\"",\""2026-01-01\""]"", ""[\""tryg\"",\""bobil\"",\""ordinary\"",\""tryg-bobil-kasko\"",\""2026-01-01\""]"", ""[\""tryg\"",\""mc\"",\""ordinary\"",\""tryg-mc-ansvar\"",\""2026-07-01\""]"", ""[\""tryg\"",\""mc\"",\""ordinary\"",\""tryg-mc-delkasko\"",\""2026-01-01\""]"", ""[\""tryg\"",\""mc\"",\""ordinary\"",\""tryg-mc-kasko\"",\""2026-07-01\""]"", ""[\""tryg\"",\""mc\"",\""ordinary\"",\""tryg-mc-mc-ekstra\"",\""2026-07-01\""]""]",137,"Tryg MC/Bobil har korrekt nivåseparasjon og de fleste sentrale tall, men sikkerhetsvilkår, noen ytelser og oppgjørsregler mangler. Kildekonflikter og overlappende aldersformuleringer skal ikke glatt normaliseres.",DATA_ONLY,Human review of exact source evidence and applicability; resolve only associated blocking source questions before affected dimensions. No remediation authorized.,"[""document > catalog"", ""optional != selected"", ""type/provider/scope/version isolation""]",,PROPOSED_NOT_IMPLEMENTED,"[""SCRC-044""]",False,68,69,8,proposed-regressions.csv,
RB-41,,"[""Campingvogn"", ""Snøscooter"", ""Tilhenger""]","[""[\""tryg\"",\""campingvogn\"",\""ordinary\"",\""tryg-campingvogn-brann\"",\""2026-01-01\""]"", ""[\""tryg\"",\""campingvogn\"",\""ordinary\"",\""tryg-campingvogn-brann-og-tyveri\"",\""2026-01-01\""]"", ""[\""tryg\"",\""campingvogn\"",\""ordinary\"",\""tryg-campingvogn-campingvogn-ekstra\"",\""2026-01-01\""]"", ""[\""tryg\"",\""campingvogn\"",\""ordinary\"",\""tryg-campingvogn-kasko\"",\""2026-01-01\""]"", ""[\""tryg\"",\""snøscooter\"",\""ordinary\"",\""tryg-snoscooter-ansvar\"",null]"", ""[\""tryg\"",\""snøscooter\"",\""ordinary\"",\""tryg-snoscooter-brann-og-tyveri\"",null]"", ""[\""tryg\"",\""snøscooter\"",\""ordinary\"",\""tryg-snoscooter-kasko\"",null]"", ""[\""tryg\"",\""tilhenger\"",\""ordinary\"",\""tryg-tilhenger-brann\"",\""2026-01-01\""]"", ""[\""tryg\"",\""tilhenger\"",\""ordinary\"",\""tryg-tilhenger-brann-og-tyveri\"",\""2026-01-01\""]"", ""[\""tryg\"",\""tilhenger\"",\""ordinary\"",\""tryg-tilhenger-kasko\"",\""2026-01-01\""]""]",164,"Tryg kjøretøyutvidelser beholder nivånavn, men utelater materielle tall/vilkår. Campingvogn mister naturskade som finnes eksplisitt i egne kilder; tillegg og grunnprodukter må ha type/nivåspesifikke tall.",DATA_ONLY,Human review of exact source evidence and applicability; resolve only associated blocking source questions before affected dimensions. No remediation authorized.,"[""document > catalog"", ""optional != selected"", ""type/provider/scope/version isolation""]",,PROPOSED_NOT_IMPLEMENTED,"[""SCRC-045""]",False,87,77,10,proposed-regressions.csv,
RB-42,,"[""Båt""]","[""[\""tryg\"",\""båt\"",\""ordinary\"",\""tryg-bat-ansvar\"",\""2024-07-01\""]"", ""[\""tryg\"",\""båt\"",\""ordinary\"",\""tryg-bat-bat-ekstra\"",\""2024-07-01\""]"", ""[\""tryg\"",\""båt\"",\""ordinary\"",\""tryg-bat-brann-ansvar\"",\""2024-07-01\""]"", ""[\""tryg\"",\""båt\"",\""ordinary\"",\""tryg-bat-brann-tyveri-ansvar\"",\""2024-07-01\""]"", ""[\""tryg\"",\""båt\"",\""ordinary\"",\""tryg-bat-kasko-ansvar\"",\""2024-07-01\""]""]",82,"Tryg Båt modellerer rike Ekstra-/Maskin-/ulykkesvilkår hovedsakelig som inkludert/valgfritt og taper summer, vilkår og perioder; motoralder er komprimert feil. Grunnvilkårspakken er ufullstendig lokalt.",DATA_ONLY,Human review of exact source evidence and applicability; resolve only associated blocking source questions before affected dimensions. No remediation authorized.,"[""document > catalog"", ""optional != selected"", ""type/provider/scope/version isolation""]",,PROPOSED_NOT_IMPLEMENTED,"[""SCRC-046""]",False,54,28,5,proposed-regressions.csv,
RB-43,,"[""Hund"", ""Katt""]","[""[\""tryg\"",\""hund\"",\""ordinary\"",\""tryg-hund-behandling\"",\""2026-09-01\""]"", ""[\""tryg\"",\""katt\"",\""ordinary\"",\""tryg-katt-behandling\"",\""2026-09-01\""]""]",52,"Tryg dyr har hovedsummer fra valgstruktur og noen Ekstra-beløp, men utelater diagnoser/utløsere, livsvilkår og tjenester. Tidligere tidlig-auditfunn videreføres uten duplisering.",DATA_ONLY,Human review of exact source evidence and applicability; resolve only associated blocking source questions before affected dimensions. No remediation authorized.,"[""document > catalog"", ""optional != selected"", ""type/provider/scope/version isolation""]",,PROPOSED_NOT_IMPLEMENTED,"[""SCRC-047""]",False,26,26,2,proposed-regressions.csv,
RB-44,,"[""Innbo""]","[""[\""tryg\"",\""innbo\"",\""ordinary\"",\""tryg-innbo\"",\""2026-07-01\""]"", ""[\""tryg\"",\""innbo\"",\""ordinary\"",\""tryg-innbo-ekstra\"",\""2026-07-01\""]""]",62,"Tryg Innbo har kontrollerte hovedbeløp, men mangler materielle utløsere, gjenstandsgrenser og oppgjørsregler; Ekstra arver en fellesbodgrense fra feil fullvilkår og flytte-tyveri benevnes transportskade.",DATA_ONLY,Human review of exact source evidence and applicability; resolve only associated blocking source questions before affected dimensions. No remediation authorized.,"[""document > catalog"", ""optional != selected"", ""type/provider/scope/version isolation""]",,PROPOSED_NOT_IMPLEMENTED,"[""SCRC-048""]",False,21,41,2,proposed-regressions.csv,
RB-45,,"[""Hus""]","[""[\""tryg\"",\""bolig\"",\""ordinary\"",\""tryg-hus\"",\""2026-01-01\""]"", ""[\""tryg\"",\""bolig\"",\""ordinary\"",\""tryg-hus-ekstra\"",\""2026-01-01\""]""]",16,"Tryg Hus er en detaljrik positiv kontroll. Få gjenværende oppgjørsdetaljer er ikke materialisert: eldste del/hele kostnaden, arbeidsvederlag og enkelte spesialvilkår; ingen udokumentert innføring av bygg-under-oppføring.",DATA_ONLY,Human review of exact source evidence and applicability; resolve only associated blocking source questions before affected dimensions. No remediation authorized.,"[""document > catalog"", ""optional != selected"", ""type/provider/scope/version isolation""]",,PROPOSED_NOT_IMPLEMENTED,"[""SCRC-049""]",False,0,16,2,proposed-regressions.csv,
RB-46,,"[""Reise""]","[""[\""tryg\"",\""reise\"",\""ordinary\"",\""tryg-reise\"",\""2026-09-20-canonical\""]"", ""[\""tryg\"",\""reise\"",\""ordinary\"",\""tryg-reise-ekstra\"",\""2026-09-20-canonical\""]"", ""[\""tryg\"",\""reise\"",\""ordinary\"",\""tryg-reise-premium\"",\""2026-09-20-canonical\""]""]",75,"Tryg Reise har gode summer og mange vilkårsdimensjoner, men Tryg Legehjelp mangler på Ekstra, valgfrie/general egenandeler og ulykkesbegrensninger er ufullstendige. Lokale web/IPID-konflikter må avklares uten å erstatte bevisvalg.",DATA_ONLY,Human review of exact source evidence and applicability; resolve only associated blocking source questions before affected dimensions. No remediation authorized.,"[""document > catalog"", ""optional != selected"", ""type/provider/scope/version isolation""]",,PROPOSED_NOT_IMPLEMENTED,"[""SCRC-050""]",False,35,40,3,proposed-regressions.csv,
RB-47,,"[""Bil""]","[""[\""dnb-fremtind\"",\""bil\"",\""ordinary\"",\""dnb-bil-ansvar\"",\""PMO-357.001-004\""]"", ""[\""dnb-fremtind\"",\""bil\"",\""ordinary\"",\""dnb-bil-delkasko\"",\""PMO-357.001-004\""]"", ""[\""dnb-fremtind\"",\""bil\"",\""ordinary\"",\""dnb-bil-kasko\"",\""PMO-357.001-004\""]"", ""[\""dnb-fremtind\"",\""bil\"",\""ordinary\"",\""dnb-bil-topp\"",\""PMO-357.001-004\""]"", ""[\""eika-fremtind\"",\""bil\"",\""ordinary\"",\""eika-bil-ansvar\"",\""PMO-357.001-004\""]"", ""[\""eika-fremtind\"",\""bil\"",\""ordinary\"",\""eika-bil-delkasko\"",\""PMO-357.001-004\""]"", ""[\""eika-fremtind\"",\""bil\"",\""ordinary\"",\""eika-bil-kasko\"",\""PMO-357.001-004\""]"", ""[\""eika-fremtind\"",\""bil\"",\""ordinary\"",\""eika-bil-topp\"",\""PMO-357.001-004\""]"", ""[\""fremtind\"",\""bil\"",\""ordinary\"",\""fremtind-bil-ansvar\"",\""PMO-357.001-004\""]"", ""[\""fremtind\"",\""bil\"",\""ordinary\"",\""fremtind-bil-delkasko\"",\""PMO-357.001-004\""]"", ""[\""fremtind\"",\""bil\"",\""ordinary\"",\""fremtind-bil-kasko\"",\""PMO-357.001-004\""]"", ""[\""fremtind\"",\""bil\"",\""ordinary\"",\""fremtind-bil-topp\"",\""PMO-357.001-004\""]"", ""[\""sparebank1-fremtind\"",\""bil\"",\""ordinary\"",\""sb1-bil-ansvar\"",\""PMO-357.001-004\""]"", ""[\""sparebank1-fremtind\"",\""bil\"",\""ordinary\"",\""sb1-bil-delkasko\"",\""PMO-357.001-004\""]"", ""[\""sparebank1-fremtind\"",\""bil\"",\""ordinary\"",\""sb1-bil-kasko\"",\""PMO-357.001-004\""]"", ""[\""sparebank1-fremtind\"",\""bil\"",\""ordinary\"",\""sb1-bil-toppkasko\"",\""PMO-357.001-004\""]""]",460,"Fremtind Bil deler detaljerte kjernekomponenter på tvers av fire registrerte provider-IDer. Materiale om veihjelpens betingede leiebil, leasing, oppgjør og kvalifikasjoner er utelatt; kanalspesifikke kilder må bekreftes separat fra generiske vilkår.",DATA_ONLY,Human review of exact source evidence and applicability; resolve only associated blocking source questions before affected dimensions. No remediation authorized.,"[""document > catalog"", ""optional != selected"", ""type/provider/scope/version isolation""]",,PROPOSED_NOT_IMPLEMENTED,"[""SCRC-051""]",False,166,294,16,proposed-regressions.csv,
RB-48,,"[""Innbo""]","[""[\""fremtind\"",\""innbo\"",\""ordinary\"",\""fremtind-innbo-standard\"",\""2025-01-01\""]"", ""[\""fremtind\"",\""innbo\"",\""ordinary\"",\""fremtind-innbo-topp\"",\""2025-01-01\""]""]",73,"Fremtind Innbo har mange presise summer, men arvet vanntekst mister Topp-inntrengning over terreng. Personkrets, alderstabell, flere objektytelser og store uhellsbegrensninger er ikke representert.",DATA_ONLY,Human review of exact source evidence and applicability; resolve only associated blocking source questions before affected dimensions. No remediation authorized.,"[""document > catalog"", ""optional != selected"", ""type/provider/scope/version isolation""]",,PROPOSED_NOT_IMPLEMENTED,"[""SCRC-052""]",False,29,44,2,proposed-regressions.csv,
RB-49,,"[""Hus""]","[""[\""fremtind\"",\""bolig\"",\""ordinary\"",\""fremtind-hus-standard\"",\""PBK-200.100-015+PBK-200.200-010\""]"", ""[\""fremtind\"",\""bolig\"",\""ordinary\"",\""fremtind-hus-topp\"",\""PBK-200.100-015+PBK-200.200-010\""]""]",70,"Fremtind Hus har bredt representerte summer og tillegg, men Standard har feil positiv kunstnerisk utsmykning og aldersfradrag mangler material-/hendelsesavgrensning. Flere materielle oppgjørs- og dekningsvilkår er komprimert bort.",DATA_ONLY,Human review of exact source evidence and applicability; resolve only associated blocking source questions before affected dimensions. No remediation authorized.,"[""document > catalog"", ""optional != selected"", ""type/provider/scope/version isolation""]",,PROPOSED_NOT_IMPLEMENTED,"[""SCRC-053""]",False,27,43,2,proposed-regressions.csv,
RB-50,,"[""Reise""]","[""[\""fremtind\"",\""reise\"",\""ordinary\"",\""fremtind-reise\"",\""PRE-450.200-015\""]""]",35,Aktiv Fremtind Reise mister flere eksplisitte beløp og kvalifikasjoner fra eget fullvilkår. Forsinkelse samler fremmøte og forsinket avgang under ulikt innhentingstak; sikkerhetsfaktum har kildepunkt7.6 som ikke finnes i arkivert gjeldende pakke.,DATA_ONLY,Human review of exact source evidence and applicability; resolve only associated blocking source questions before affected dimensions. No remediation authorized.,"[""document > catalog"", ""optional != selected"", ""type/provider/scope/version isolation""]",,PROPOSED_NOT_IMPLEMENTED,"[""SCRC-054""]",False,16,19,1,proposed-regressions.csv,
RB-51,,"[""Reise""]","[""[\""fremtind-eika-legacy\"",\""reise\"",\""ordinary\"",\""eika-reise-p10\"",\""P10-P10P-2025-01-01\""]"", ""[\""fremtind-eika-legacy\"",\""reise\"",\""ordinary\"",\""eika-reise-pluss-p10\"",\""P10-P10P-2025-01-01\""]""]",81,Historisk Eika P10/P15 beholder nye Fremtind-mobil- og personkretsregler uten historisk støtte; Pluss arver flere standardegenandeler. Eksplisitte forsinkelsegrenser og gamle aldersregler er for grove.,SMALL_CODE,Human review of exact source evidence and applicability; resolve only associated blocking source questions before affected dimensions. No remediation authorized.,"[""document > catalog"", ""optional != selected"", ""type/provider/scope/version isolation""]",,PROPOSED_NOT_IMPLEMENTED,"[""SCRC-055""]",False,37,44,2,proposed-regressions.csv,
RB-52,,"[""Campingvogn"", ""MC"", ""Snøscooter"", ""Tilhenger""]","[""[\""eika-fremtind\"",\""campingvogn\"",\""ordinary\"",\""eika-fremtind-campingvogn-kasko\"",\""2024-03-21\""]"", ""[\""eika-fremtind\"",\""campingvogn\"",\""ordinary\"",\""eika-fremtind-campingvogn-minikasko\"",\""2024-03-21\""]"", ""[\""eika-fremtind\"",\""snøscooter\"",\""ordinary\"",\""eika-fremtind-snoscooter-ansvar\"",\""2023-10-29\""]"", ""[\""eika-fremtind\"",\""snøscooter\"",\""ordinary\"",\""eika-fremtind-snoscooter-kasko\"",\""2023-10-29\""]"", ""[\""eika-fremtind\"",\""snøscooter\"",\""ordinary\"",\""eika-fremtind-snoscooter-minikasko\"",\""2023-10-29\""]"", ""[\""eika-fremtind\"",\""tilhenger\"",\""ordinary\"",\""eika-fremtind-tilhenger-kasko\"",\""2024-03-21\""]"", ""[\""fremtind\"",\""mc\"",\""ordinary-sparebank1\"",\""fremtind-mc-ansvar\"",null]"", ""[\""fremtind\"",\""mc\"",\""ordinary-sparebank1\"",\""fremtind-mc-delkasko\"",null]"", ""[\""fremtind\"",\""mc\"",\""ordinary-sparebank1\"",\""fremtind-mc-kasko\"",null]""]",114,"Fremtind lette kjøretøy har typeavgrensede vilkår som er redusert til foreldredekninger eller utelatt: MC nyverdi, campingfukt/ferie/nyverdi og snøscooter summer/redning. Tilhenger skal ikke arve camping- eller MC-regler.",DATA_ONLY,Human review of exact source evidence and applicability; resolve only associated blocking source questions before affected dimensions. No remediation authorized.,"[""document > catalog"", ""optional != selected"", ""type/provider/scope/version isolation""]",,PROPOSED_NOT_IMPLEMENTED,"[""SCRC-056""]",False,49,65,9,proposed-regressions.csv,
RB-53,,"[""Bobil""]","[""[\""fremtind\"",\""bobil\"",\""ordinary-dnb\"",\""fremtind-bobil-ansvar\"",\""2025-09-18\""]"", ""[\""fremtind\"",\""bobil\"",\""ordinary-dnb\"",\""fremtind-bobil-kasko\"",\""2025-09-18\""]"", ""[\""fremtind\"",\""bobil\"",\""ordinary-dnb\"",\""fremtind-bobil-minikasko\"",\""2025-09-18\""]"", ""[\""fremtind\"",\""bobil\"",\""ordinary-dnb\"",\""fremtind-bobil-topp\"",\""2025-09-18\""]""]",113,"Fremtind Bobil har presise hovedsummer og Topp fukt/ferie, men mangler veihjelpens separate leiebilytelse, leasingberegning, oppgjør og flere tilleggsdetaljer. DNB-nettsidens motstridende sum/nivå/utleieregler må avklares separat.",DATA_ONLY,Human review of exact source evidence and applicability; resolve only associated blocking source questions before affected dimensions. No remediation authorized.,"[""document > catalog"", ""optional != selected"", ""type/provider/scope/version isolation""]",,PROPOSED_NOT_IMPLEMENTED,"[""SCRC-057""]",False,28,85,4,proposed-regressions.csv,
RB-54,,"[""Båt""]","[""[\""sparebank1-fremtind\"",\""båt\"",\""ordinary\"",\""sparebank1-fremtind-bat-delkasko\"",\""2024-06-10\""]"", ""[\""sparebank1-fremtind\"",\""båt\"",\""ordinary\"",\""sparebank1-fremtind-bat-kasko\"",\""2024-06-10\""]"", ""[\""sparebank1-fremtind\"",\""båt\"",\""ordinary\"",\""sparebank1-fremtind-bat-toppkasko\"",\""2024-06-10\""]""]",92,"Fremtind Båt minikasko har svært få facts selv om fullvilkår dokumenterer redning, natur, løsøre, utstyr og ulykke. Kasko/Topp mangler detaljerte summer, kvalifikasjoner og aldersfradrag.",DATA_ONLY,Human review of exact source evidence and applicability; resolve only associated blocking source questions before affected dimensions. No remediation authorized.,"[""document > catalog"", ""optional != selected"", ""type/provider/scope/version isolation""]",,PROPOSED_NOT_IMPLEMENTED,"[""SCRC-058""]",False,56,36,3,proposed-regressions.csv,
RB-55,,"[""Hund"", ""Katt""]","[""[\""sparebank1-fremtind\"",\""hund\"",\""ordinary\"",\""sparebank1-fremtind-hund-veterin-r\"",\""2025-08-07\""]"", ""[\""sparebank1-fremtind\"",\""katt\"",\""ordinary\"",\""sparebank1-fremtind-katt-veterin-r\"",\""2025-08-07\""]""]",52,"Fremtind dyr har foreldrefacts som utelater prosentegenandel, ventetid, sublimits og sykdomsvilkår. Hund base/Topp er ikke tilstrekkelig dimensjonert; MR/CT årsgrense feilaktig presentert som valgt sum, allergi bare tilvalg, og livsfradrag mangler niårsgruppe.",SMALL_CODE,Human review of exact source evidence and applicability; resolve only associated blocking source questions before affected dimensions. No remediation authorized.,"[""document > catalog"", ""optional != selected"", ""type/provider/scope/version isolation""]",,PROPOSED_NOT_IMPLEMENTED,"[""SCRC-059""]",False,44,8,2,proposed-regressions.csv,
RB-56,,"[""Båt""]","[""[\""storebrand\"",\""båt\"",\""ordinary\"",\""storebrand-bat-delkasko\"",\""2024-09-01\""]"", ""[\""storebrand\"",\""båt\"",\""ordinary\"",\""storebrand-bat-kasko\"",\""2024-09-01\""]"", ""[\""storebrand\"",\""båt\"",\""ordinary\"",\""storebrand-bat-super\"",\""2024-09-01\""]""]",66,Storebrand Båt has sparse base rules and incomplete level inheritance; full båt03 terms contain material qualifications and benefits absent from resolved catalog. Source conflicts are retained separately.,DATA_ONLY,Human review of exact source evidence and applicability; resolve only associated blocking source questions before affected dimensions. No remediation authorized.,"[""document > catalog"", ""optional != selected"", ""type/provider/scope/version isolation""]",,PROPOSED_NOT_IMPLEMENTED,"[""SCRC-060""]",False,28,38,3,proposed-regressions.csv,
