provider,family,active_products,historical_products,exact_product_identities,source_records,artifacts,source_paths,readability,integrity,applicability,source_readiness,research_required,material_notes
dnb-fremtind,Bil,4,0,"[""[\""dnb-fremtind\"",\""bil\"",\""ordinary\"",\""dnb-bil-ansvar\"",\""PMO-357.001-004\""]"", ""[\""dnb-fremtind\"",\""bil\"",\""ordinary\"",\""dnb-bil-delkasko\"",\""PMO-357.001-004\""]"", ""[\""dnb-fremtind\"",\""bil\"",\""ordinary\"",\""dnb-bil-kasko\"",\""PMO-357.001-004\""]"", ""[\""dnb-fremtind\"",\""bil\"",\""ordinary\"",\""dnb-bil-topp\"",\""PMO-357.001-004\""]""]",22,11,"[""catalog/sources/eika-fremtind/IPID_Bil_M05P.pdf"", ""catalog/sources/sparebank1-fremtind/IPID_Bil.pdf"", ""catalog/sources/sparebank1-fremtind/Vilkar_Kasko_Bil.pdf"", ""catalog/sources/sparebank1-fremtind/Vilkar_Minikasko_Bil.pdf"", ""catalog/sources/sparebank1-fremtind/Vilkar_Toppkasko_Bil.pdf"", ""catalog/sources/sparebank1-fremtind/Vilkar_ansvar_bil.pdf"", ""catalog/sources/sparebank1-fremtind/Vilkar_leiebil.pdf"", ""catalog/sources/sparebank1-fremtind/Vilkar_maskinskade.pdf"", ""catalog/sources/vehicle-extensions/eikaforsikring-produktinformasjon.html"", ""catalog/sources/vehicle-extensions/eikaforsikring-vilkar.html"", ""catalog/sources/vehicle-extensions/fremtind-Generelle_vilkar_skadeforsikring.pdf""]",PASS,PASS,EXACT_PRODUCT_REVIEWED_WITH_EXPLICIT_UNRESOLVED_ITEMS,SOURCE_RESEARCH_REQUIRED,True,See exact source-fact uncertainties and conflicts; shared insurer/source hash alone is not product equivalence.
eika-fremtind,Bil,4,0,"[""[\""eika-fremtind\"",\""bil\"",\""ordinary\"",\""eika-bil-ansvar\"",\""PMO-357.001-004\""]"", ""[\""eika-fremtind\"",\""bil\"",\""ordinary\"",\""eika-bil-delkasko\"",\""PMO-357.001-004\""]"", ""[\""eika-fremtind\"",\""bil\"",\""ordinary\"",\""eika-bil-kasko\"",\""PMO-357.001-004\""]"", ""[\""eika-fremtind\"",\""bil\"",\""ordinary\"",\""eika-bil-topp\"",\""PMO-357.001-004\""]""]",22,11,"[""catalog/sources/eika-fremtind/IPID_Bil_M05P.pdf"", ""catalog/sources/sparebank1-fremtind/IPID_Bil.pdf"", ""catalog/sources/sparebank1-fremtind/Vilkar_Kasko_Bil.pdf"", ""catalog/sources/sparebank1-fremtind/Vilkar_Minikasko_Bil.pdf"", ""catalog/sources/sparebank1-fremtind/Vilkar_Toppkasko_Bil.pdf"", ""catalog/sources/sparebank1-fremtind/Vilkar_ansvar_bil.pdf"", ""catalog/sources/sparebank1-fremtind/Vilkar_leiebil.pdf"", ""catalog/sources/sparebank1-fremtind/Vilkar_maskinskade.pdf"", ""catalog/sources/vehicle-extensions/eikaforsikring-produktinformasjon.html"", ""catalog/sources/vehicle-extensions/eikaforsikring-vilkar.html"", ""catalog/sources/vehicle-extensions/fremtind-Generelle_vilkar_skadeforsikring.pdf""]",PASS,PASS,EXACT_PRODUCT_REVIEWED_WITH_EXPLICIT_UNRESOLVED_ITEMS,SOURCE_RESEARCH_REQUIRED,True,See exact source-fact uncertainties and conflicts; shared insurer/source hash alone is not product equivalence.
eika-fremtind,Campingvogn,2,0,"[""[\""eika-fremtind\"",\""campingvogn\"",\""ordinary\"",\""eika-fremtind-campingvogn-minikasko\"",\""2024-03-21\""]"", ""[\""eika-fremtind\"",\""campingvogn\"",\""ordinary\"",\""eika-fremtind-campingvogn-kasko\"",\""2024-03-21\""]""]",2,2,"[""catalog/sources/vehicle-extensions/fremtind-IPID_Tilhenger_Campingvogn.pdf"", ""catalog/sources/vehicle-extensions/fremtind-Vilkar_Kasko_Campingvogn_og_Tilhenger.pdf""]",PASS,PASS,EXACT_PRODUCT_REVIEWED_WITH_EXPLICIT_UNRESOLVED_ITEMS,SOURCE_RESEARCH_REQUIRED,True,See exact source-fact uncertainties and conflicts; shared insurer/source hash alone is not product equivalence.
eika-fremtind,Snøscooter,3,0,"[""[\""eika-fremtind\"",\""snøscooter\"",\""ordinary\"",\""eika-fremtind-snoscooter-ansvar\"",\""2023-10-29\""]"", ""[\""eika-fremtind\"",\""snøscooter\"",\""ordinary\"",\""eika-fremtind-snoscooter-minikasko\"",\""2023-10-29\""]"", ""[\""eika-fremtind\"",\""snøscooter\"",\""ordinary\"",\""eika-fremtind-snoscooter-kasko\"",\""2023-10-29\""]""]",2,2,"[""catalog/sources/vehicle-extensions/fremtind-IPID_Snoscooter.pdf"", ""catalog/sources/vehicle-extensions/fremtind-Vilkar_Kasko_Snoscooter.pdf""]",PASS,PASS,EXACT_PRODUCT_REVIEWED,AVAILABLE_LOCAL_PACKAGE_REVIEWED,False,See exact source-fact uncertainties and conflicts; shared insurer/source hash alone is not product equivalence.
eika-fremtind,Tilhenger,1,0,"[""[\""eika-fremtind\"",\""tilhenger\"",\""ordinary\"",\""eika-fremtind-tilhenger-kasko\"",\""2024-03-21\""]""]",2,2,"[""catalog/sources/vehicle-extensions/fremtind-IPID_Tilhenger_Campingvogn.pdf"", ""catalog/sources/vehicle-extensions/fremtind-Vilkar_Kasko_Campingvogn_og_Tilhenger.pdf""]",PASS,PASS,EXACT_PRODUCT_REVIEWED_WITH_EXPLICIT_UNRESOLVED_ITEMS,SOURCE_RESEARCH_REQUIRED,True,See exact source-fact uncertainties and conflicts; shared insurer/source hash alone is not product equivalence.
fremtind,Bil,4,0,"[""[\""fremtind\"",\""bil\"",\""ordinary\"",\""fremtind-bil-ansvar\"",\""PMO-357.001-004\""]"", ""[\""fremtind\"",\""bil\"",\""ordinary\"",\""fremtind-bil-delkasko\"",\""PMO-357.001-004\""]"", ""[\""fremtind\"",\""bil\"",\""ordinary\"",\""fremtind-bil-kasko\"",\""PMO-357.001-004\""]"", ""[\""fremtind\"",\""bil\"",\""ordinary\"",\""fremtind-bil-topp\"",\""PMO-357.001-004\""]""]",22,11,"[""catalog/sources/eika-fremtind/IPID_Bil_M05P.pdf"", ""catalog/sources/sparebank1-fremtind/IPID_Bil.pdf"", ""catalog/sources/sparebank1-fremtind/Vilkar_Kasko_Bil.pdf"", ""catalog/sources/sparebank1-fremtind/Vilkar_Minikasko_Bil.pdf"", ""catalog/sources/sparebank1-fremtind/Vilkar_Toppkasko_Bil.pdf"", ""catalog/sources/sparebank1-fremtind/Vilkar_ansvar_bil.pdf"", ""catalog/sources/sparebank1-fremtind/Vilkar_leiebil.pdf"", ""catalog/sources/sparebank1-fremtind/Vilkar_maskinskade.pdf"", ""catalog/sources/vehicle-extensions/eikaforsikring-produktinformasjon.html"", ""catalog/sources/vehicle-extensions/eikaforsikring-vilkar.html"", ""catalog/sources/vehicle-extensions/fremtind-Generelle_vilkar_skadeforsikring.pdf""]",PASS,PASS,EXACT_PRODUCT_REVIEWED_WITH_EXPLICIT_UNRESOLVED_ITEMS,SOURCE_RESEARCH_REQUIRED,True,See exact source-fact uncertainties and conflicts; shared insurer/source hash alone is not product equivalence.
fremtind,Bobil,4,0,"[""[\""fremtind\"",\""bobil\"",\""ordinary-dnb\"",\""fremtind-bobil-ansvar\"",\""2025-09-18\""]"", ""[\""fremtind\"",\""bobil\"",\""ordinary-dnb\"",\""fremtind-bobil-minikasko\"",\""2025-09-18\""]"", ""[\""fremtind\"",\""bobil\"",\""ordinary-dnb\"",\""fremtind-bobil-kasko\"",\""2025-09-18\""]"", ""[\""fremtind\"",\""bobil\"",\""ordinary-dnb\"",\""fremtind-bobil-topp\"",\""2025-09-18\""]""]",26,9,"[""catalog/sources/mc-bobil/fremtind-bobil-topp.pdf"", ""catalog/sources/mc-bobil/fremtind-dnb-bobil-page.html"", ""catalog/sources/sparebank1-fremtind/IPID_Bil.pdf"", ""catalog/sources/sparebank1-fremtind/Vilkar_Kasko_Bil.pdf"", ""catalog/sources/sparebank1-fremtind/Vilkar_Minikasko_Bil.pdf"", ""catalog/sources/sparebank1-fremtind/Vilkar_ansvar_bil.pdf"", ""catalog/sources/sparebank1-fremtind/Vilkar_leiebil.pdf"", ""catalog/sources/sparebank1-fremtind/Vilkar_maskinskade.pdf"", ""catalog/sources/vehicle-extensions/fremtind-Generelle_vilkar_skadeforsikring.pdf""]",PASS,PASS,EXACT_PRODUCT_REVIEWED_WITH_EXPLICIT_UNRESOLVED_ITEMS,SOURCE_RESEARCH_REQUIRED,True,See exact source-fact uncertainties and conflicts; shared insurer/source hash alone is not product equivalence.
fremtind,Hus,2,0,"[""[\""fremtind\"",\""bolig\"",\""ordinary\"",\""fremtind-hus-standard\"",\""PBK-200.100-015+PBK-200.200-010\""]"", ""[\""fremtind\"",\""bolig\"",\""ordinary\"",\""fremtind-hus-topp\"",\""PBK-200.100-015+PBK-200.200-010\""]""]",8,7,"[""catalog/sources/fremtind/hus/canonical/DNB-husforsikring.html"", ""catalog/sources/fremtind/hus/canonical/Eika-vilkarsoversikt.html"", ""catalog/sources/fremtind/hus/canonical/IPID_Hus.pdf"", ""catalog/sources/fremtind/hus/canonical/SpareBank1-husforsikring.html"", ""catalog/sources/fremtind/hus/canonical/Vilkar_Sopp_og_Rate_valgbar.pdf"", ""catalog/sources/fremtind/hus/canonical/Vilkar_Topp_Hus.pdf"", ""catalog/sources/fremtind/hus/canonical/Vilkar_Utleie_valgbar.pdf""]",PASS,PASS,EXACT_PRODUCT_REVIEWED,AVAILABLE_LOCAL_PACKAGE_REVIEWED,False,See exact source-fact uncertainties and conflicts; shared insurer/source hash alone is not product equivalence.
fremtind,Innbo,2,0,"[""[\""fremtind\"",\""innbo\"",\""ordinary\"",\""fremtind-innbo-standard\"",\""2025-01-01\""]"", ""[\""fremtind\"",\""innbo\"",\""ordinary\"",\""fremtind-innbo-topp\"",\""2025-01-01\""]""]",3,3,"[""catalog/sources/fremtind/innbo/canonical/IPID_Innbo.pdf"", ""catalog/sources/fremtind/innbo/canonical/Vilkar_Standard_Innbo.pdf"", ""catalog/sources/fremtind/innbo/canonical/Vilkar_Topp_Innbo.pdf""]",PASS,PASS,EXACT_PRODUCT_REVIEWED_WITH_EXPLICIT_UNRESOLVED_ITEMS,SOURCE_RESEARCH_REQUIRED,True,See exact source-fact uncertainties and conflicts; shared insurer/source hash alone is not product equivalence.
fremtind,MC,3,0,"[""[\""fremtind\"",\""mc\"",\""ordinary-sparebank1\"",\""fremtind-mc-ansvar\"",null]"", ""[\""fremtind\"",\""mc\"",\""ordinary-sparebank1\"",\""fremtind-mc-delkasko\"",null]"", ""[\""fremtind\"",\""mc\"",\""ordinary-sparebank1\"",\""fremtind-mc-kasko\"",null]""]",8,3,"[""catalog/sources/mc-bobil/fremtind-mc-ipid.pdf"", ""catalog/sources/mc-bobil/fremtind-mc-terms.pdf"", ""catalog/sources/mc-bobil/fremtind-sb1-mc-page.html""]",PASS,PASS,EXACT_PRODUCT_REVIEWED_WITH_EXPLICIT_UNRESOLVED_ITEMS,SOURCE_RESEARCH_REQUIRED,True,See exact source-fact uncertainties and conflicts; shared insurer/source hash alone is not product equivalence.
fremtind,Reise,1,0,"[""[\""fremtind\"",\""reise\"",\""ordinary\"",\""fremtind-reise\"",\""PRE-450.200-015\""]""]",2,2,"[""catalog/sources/fremtind/reise/canonical/fremtind-reise-ipid.pdf"", ""catalog/sources/fremtind/reise/canonical/fremtind-reise-vilkar.pdf""]",PASS,PASS,EXACT_PRODUCT_REVIEWED,AVAILABLE_LOCAL_PACKAGE_REVIEWED,False,See exact source-fact uncertainties and conflicts; shared insurer/source hash alone is not product equivalence.
fremtind-eika-legacy,Reise,0,2,"[""[\""fremtind-eika-legacy\"",\""reise\"",\""ordinary\"",\""eika-reise-p10\"",\""P10-P10P-2025-01-01\""]"", ""[\""fremtind-eika-legacy\"",\""reise\"",\""ordinary\"",\""eika-reise-pluss-p10\"",\""P10-P10P-2025-01-01\""]""]",4,4,"[""catalog/sources/fremtind/reise/canonical/eika-reise-faq.html"", ""catalog/sources/fremtind/reise/canonical/reise-ipid-p10p.pdf"", ""catalog/sources/fremtind/reise/canonical/reise-skadeoppgjor.html"", ""catalog/sources/fremtind/reise/canonical/reise-vilkar-p10.pdf""]",PASS,PASS,EXACT_PRODUCT_REVIEWED,AVAILABLE_LOCAL_PACKAGE_REVIEWED,False,See exact source-fact uncertainties and conflicts; shared insurer/source hash alone is not product equivalence.
frende,Bil,4,0,"[""[\""frende\"",\""bil\"",\""ordinary\"",\""frende-bil-ansvar\"",\""2026-01-01\""]"", ""[\""frende\"",\""bil\"",\""ordinary\"",\""frende-bil-delkasko\"",\""2026-01-01\""]"", ""[\""frende\"",\""bil\"",\""ordinary\"",\""frende-bil-kasko\"",\""2026-01-01\""]"", ""[\""frende\"",\""bil\"",\""ordinary\"",\""frende-bil-utvidet\"",\""2026-01-01\""]""]",12,3,"[""catalog/sources/frende/Generelle_vilkar-01012026.pdf"", ""catalog/sources/frende/IPID_Personbil.pdf"", ""catalog/sources/frende/Vilkar_kjoretoyforsikring.pdf""]",PASS,PASS,EXACT_PRODUCT_REVIEWED_WITH_EXPLICIT_UNRESOLVED_ITEMS,SOURCE_RESEARCH_REQUIRED,True,See exact source-fact uncertainties and conflicts; shared insurer/source hash alone is not product equivalence.
frende,Bobil,4,0,"[""[\""frende\"",\""bobil\"",\""ordinary\"",\""frende-bobil-ansvar\"",\""2026-01-01\""]"", ""[\""frende\"",\""bobil\"",\""ordinary\"",\""frende-bobil-delkasko\"",\""2026-01-01\""]"", ""[\""frende\"",\""bobil\"",\""ordinary\"",\""frende-bobil-kasko\"",\""2026-01-01\""]"", ""[\""frende\"",\""bobil\"",\""ordinary\"",\""frende-bobil-utvidet\"",\""2026-01-01\""]""]",13,4,"[""catalog/sources/frende/Generelle_vilkar-01012026.pdf"", ""catalog/sources/frende/Vilkar_kjoretoyforsikring.pdf"", ""catalog/sources/mc-bobil/frende-bobil-ipid.pdf"", ""catalog/sources/mc-bobil/frende-bobil-page.html""]",PASS,PASS,EXACT_PRODUCT_REVIEWED_WITH_EXPLICIT_UNRESOLVED_ITEMS,SOURCE_RESEARCH_REQUIRED,True,See exact source-fact uncertainties and conflicts; shared insurer/source hash alone is not product equivalence.
frende,Båt,3,0,"[""[\""frende\"",\""båt\"",\""ordinary\"",\""frende-bat-brann-og-tyveri\"",\""2026-01-01\""]"", ""[\""frende\"",\""båt\"",\""ordinary\"",\""frende-bat-kasko\"",\""2026-01-01\""]"", ""[\""frende\"",\""båt\"",\""ordinary\"",\""frende-bat-utvidet\"",\""2026-01-01\""]""]",1,3,"[""catalog/sources/boat-pet/frende-boat-ipid.pdf"", ""catalog/sources/boat-pet/frende-boat-product.html"", ""catalog/sources/boat-pet/frende-boat-terms.pdf""]",PASS,PASS,EXACT_PRODUCT_REVIEWED_WITH_EXPLICIT_UNRESOLVED_ITEMS,SOURCE_RESEARCH_REQUIRED,True,See exact source-fact uncertainties and conflicts; shared insurer/source hash alone is not product equivalence.
frende,Campingvogn,2,0,"[""[\""frende\"",\""campingvogn\"",\""ordinary\"",\""frende-campingvogn-brann-og-tyveri\"",\""2026-01-01\""]"", ""[\""frende\"",\""campingvogn\"",\""ordinary\"",\""frende-campingvogn-kasko\"",\""2026-01-01\""]""]",3,3,"[""catalog/sources/vehicle-extensions/frende-CaravanInsurance.pdf"", ""catalog/sources/vehicle-extensions/frende-Generelle_vilkår-01012026.pdf"", ""catalog/sources/vehicle-extensions/frende-campingvognforsikring.html""]",PASS,PASS,EXACT_PRODUCT_REVIEWED_WITH_EXPLICIT_UNRESOLVED_ITEMS,SOURCE_RESEARCH_REQUIRED,True,See exact source-fact uncertainties and conflicts; shared insurer/source hash alone is not product equivalence.
frende,Hund,1,0,"[""[\""frende\"",\""hund\"",\""ordinary\"",\""frende-hund-veterin-r\"",\""2026-01-01\""]""]",1,3,"[""catalog/sources/boat-pet/frende-dog-ipid.pdf"", ""catalog/sources/boat-pet/frende-dog-product.html"", ""catalog/sources/boat-pet/frende-dog-terms.pdf""]",PASS,PASS,EXACT_PRODUCT_REVIEWED,AVAILABLE_LOCAL_PACKAGE_REVIEWED,False,See exact source-fact uncertainties and conflicts; shared insurer/source hash alone is not product equivalence.
frende,Hus,2,0,"[""[\""frende\"",\""bolig\"",\""ordinary\"",\""frende-hus-standard\"",\""2026-09-01\""]"", ""[\""frende\"",\""bolig\"",\""ordinary\"",\""frende-hus-utvidet\"",\""2026-09-01\""]""]",10,5,"[""catalog/sources/frende/hus/canonical/Generelle-vilkar-01012026.pdf"", ""catalog/sources/frende/hus/canonical/Husforsikring-produktside.html"", ""catalog/sources/frende/hus/canonical/IPID-Hus.pdf"", ""catalog/sources/frende/hus/canonical/Rate-og-skadedyr-produktside.html"", ""catalog/sources/frende/hus/canonical/Vilkar-husforsikring.pdf""]",PASS,PASS,EXACT_PRODUCT_REVIEWED_WITH_EXPLICIT_UNRESOLVED_ITEMS,SOURCE_RESEARCH_REQUIRED,True,See exact source-fact uncertainties and conflicts; shared insurer/source hash alone is not product equivalence.
frende,Innbo,1,0,"[""[\""frende\"",\""innbo\"",\""ordinary\"",\""frende-innbo-standard\"",\""2026-09-01\""]""]",5,3,"[""catalog/sources/frende/innbo/Generelle_vilkar-01012026.pdf"", ""catalog/sources/frende/innbo/IPID_Innbo.pdf"", ""catalog/sources/frende/innbo/Vilkar_innboforsikring_01092026.pdf""]",PASS,PASS,EXACT_PRODUCT_REVIEWED_WITH_EXPLICIT_UNRESOLVED_ITEMS,SOURCE_RESEARCH_REQUIRED,True,See exact source-fact uncertainties and conflicts; shared insurer/source hash alone is not product equivalence.
frende,Katt,1,0,"[""[\""frende\"",\""katt\"",\""ordinary\"",\""frende-katt-veterin-r\"",\""2026-01-01\""]""]",1,3,"[""catalog/sources/boat-pet/frende-cat-ipid.pdf"", ""catalog/sources/boat-pet/frende-cat-product.html"", ""catalog/sources/boat-pet/frende-cat-terms.pdf""]",PASS,PASS,EXACT_PRODUCT_REVIEWED_WITH_EXPLICIT_UNRESOLVED_ITEMS,SOURCE_RESEARCH_REQUIRED,True,See exact source-fact uncertainties and conflicts; shared insurer/source hash alone is not product equivalence.
frende,MC,3,0,"[""[\""frende\"",\""mc\"",\""ordinary\"",\""frende-mc-ansvar\"",\""2026-01-01\""]"", ""[\""frende\"",\""mc\"",\""ordinary\"",\""frende-mc-delkasko\"",\""2026-01-01\""]"", ""[\""frende\"",\""mc\"",\""ordinary\"",\""frende-mc-kasko\"",\""2026-01-01\""]""]",14,5,"[""catalog/sources/frende/Generelle_vilkar-01012026.pdf"", ""catalog/sources/frende/Vilkar_kjoretoyforsikring.pdf"", ""catalog/sources/mc-bobil/frende-mc-ipid.pdf"", ""catalog/sources/mc-bobil/frende-mc-mileage.html"", ""catalog/sources/mc-bobil/frende-mc-page.html""]",PASS,PASS,EXACT_PRODUCT_REVIEWED_WITH_EXPLICIT_UNRESOLVED_ITEMS,SOURCE_RESEARCH_REQUIRED,True,See exact source-fact uncertainties and conflicts; shared insurer/source hash alone is not product equivalence.
frende,Reise,1,0,"[""[\""frende\"",\""reise\"",\""ordinary\"",\""frende-reiseforsikring\"",\""2026-03-01\""]""]",8,7,"[""catalog/sources/frende/reise/Generelle-vilkar-01012026.pdf"", ""catalog/sources/frende/reise/IPID-Reise-2026.pdf"", ""catalog/sources/frende/reise/Legetime-pa-mobilen.html"", ""catalog/sources/frende/reise/Reiseforsikring-Midtosten-2026.html"", ""catalog/sources/frende/reise/Reiseforsikring-produktside.html"", ""catalog/sources/frende/reise/Reiseforsikring-vilkarsside.html"", ""catalog/sources/frende/reise/Vilkar-reiseforsikring-01032026.pdf""]",PASS,PASS,EXACT_PRODUCT_REVIEWED,AVAILABLE_LOCAL_PACKAGE_REVIEWED,False,See exact source-fact uncertainties and conflicts; shared insurer/source hash alone is not product equivalence.
frende,Snøscooter,3,0,"[""[\""frende\"",\""snøscooter\"",\""ordinary\"",\""frende-snoscooter-ansvar\"",\""2026-01-01\""]"", ""[\""frende\"",\""snøscooter\"",\""ordinary\"",\""frende-snoscooter-brann-og-tyveri\"",\""2026-01-01\""]"", ""[\""frende\"",\""snøscooter\"",\""ordinary\"",\""frende-snoscooter-kasko\"",\""2026-01-01\""]""]",3,3,"[""catalog/sources/vehicle-extensions/frende-Generelle_vilkår-01012026.pdf"", ""catalog/sources/vehicle-extensions/frende-SnowmobileInsurance.pdf"", ""catalog/sources/vehicle-extensions/frende-snoscooterforsikring.html""]",PASS,PASS,EXACT_PRODUCT_REVIEWED_WITH_EXPLICIT_UNRESOLVED_ITEMS,SOURCE_RESEARCH_REQUIRED,True,See exact source-fact uncertainties and conflicts; shared insurer/source hash alone is not product equivalence.
frende,Tilhenger,2,0,"[""[\""frende\"",\""tilhenger\"",\""ordinary\"",\""frende-tilhenger-brann-og-tyveri\"",\""2026-01-01\""]"", ""[\""frende\"",\""tilhenger\"",\""ordinary\"",\""frende-tilhenger-kasko\"",\""2026-01-01\""]""]",3,3,"[""catalog/sources/vehicle-extensions/frende-Generelle_vilkår-01012026.pdf"", ""catalog/sources/vehicle-extensions/frende-TrailerInsurance.pdf"", ""catalog/sources/vehicle-extensions/frende-tilhengerforsikring.html""]",PASS,PASS,EXACT_PRODUCT_REVIEWED_WITH_EXPLICIT_UNRESOLVED_ITEMS,SOURCE_RESEARCH_REQUIRED,True,See exact source-fact uncertainties and conflicts; shared insurer/source hash alone is not product equivalence.
gjensidige,Bil,4,0,"[""[\""gjensidige\"",\""bil\"",\""ordinary\"",\""gj-bil-ansvar\"",null]"", ""[\""gjensidige\"",\""bil\"",\""ordinary\"",\""gj-bil-delkasko\"",null]"", ""[\""gjensidige\"",\""bil\"",\""ordinary\"",\""gj-bil-kasko\"",null]"", ""[\""gjensidige\"",\""bil\"",\""ordinary\"",\""gj-bil-pluss\"",null]""]",9,5,"[""catalog/sources/gjensidige/Bil-Delkasko-alminnelige-vilkar.pdf"", ""catalog/sources/gjensidige/Bil-Kasko-alminnelige-vilkar.pdf"", ""catalog/sources/gjensidige/Bil-Pluss-alminnelige-vilkar.pdf"", ""catalog/sources/gjensidige/Bilforsikring-Produktark-MOT01.pdf"", ""catalog/sources/gjensidige/bil-ansvar-alminnelige-vilkar.pdf""]",PASS,PASS,EXACT_PRODUCT_REVIEWED_WITH_EXPLICIT_UNRESOLVED_ITEMS,SOURCE_RESEARCH_REQUIRED,True,See exact source-fact uncertainties and conflicts; shared insurer/source hash alone is not product equivalence.
gjensidige,Bobil,4,0,"[""[\""gjensidige\"",\""bobil\"",\""ordinary\"",\""gjensidige-bobil-ansvar\"",null]"", ""[\""gjensidige\"",\""bobil\"",\""ordinary\"",\""gjensidige-bobil-delkasko\"",null]"", ""[\""gjensidige\"",\""bobil\"",\""ordinary\"",\""gjensidige-bobil-kasko\"",null]"", ""[\""gjensidige\"",\""bobil\"",\""ordinary\"",\""gjensidige-bobil-pluss\"",null]""]",6,6,"[""catalog/sources/mc-bobil/gjensidige-bobil-MOT08-ipid.pdf"", ""catalog/sources/mc-bobil/gjensidige-bobil-ansvar-vilkar.pdf"", ""catalog/sources/mc-bobil/gjensidige-bobil-delkasko-vilkar.pdf"", ""catalog/sources/mc-bobil/gjensidige-bobil-kasko-vilkar.pdf"", ""catalog/sources/mc-bobil/gjensidige-bobil-pluss-vilkar.pdf"", ""catalog/sources/mc-bobil/gjensidige-bobil-produkt.html""]",PASS,PASS,EXACT_PRODUCT_REVIEWED_WITH_EXPLICIT_UNRESOLVED_ITEMS,SOURCE_RESEARCH_REQUIRED,True,See exact source-fact uncertainties and conflicts; shared insurer/source hash alone is not product equivalence.
gjensidige,Båt,3,0,"[""[\""gjensidige\"",\""båt\"",\""ordinary\"",\""gjensidige-bat-delkasko\"",null]"", ""[\""gjensidige\"",\""båt\"",\""ordinary\"",\""gjensidige-bat-kasko\"",null]"", ""[\""gjensidige\"",\""båt\"",\""ordinary\"",\""gjensidige-bat-pluss\"",null]""]",1,5,"[""catalog/sources/boat-pet/gjensidige-boat-delkasko-terms.pdf"", ""catalog/sources/boat-pet/gjensidige-boat-ipid.pdf"", ""catalog/sources/boat-pet/gjensidige-boat-kasko-terms.pdf"", ""catalog/sources/boat-pet/gjensidige-boat-plus-terms.pdf"", ""catalog/sources/boat-pet/gjensidige-boat-product.html""]",PASS,PASS,EXACT_PRODUCT_REVIEWED_WITH_EXPLICIT_UNRESOLVED_ITEMS,SOURCE_RESEARCH_REQUIRED,True,See exact source-fact uncertainties and conflicts; shared insurer/source hash alone is not product equivalence.
gjensidige,Campingvogn,3,0,"[""[\""gjensidige\"",\""campingvogn\"",\""ordinary\"",\""gjensidige-campingvogn-delkasko\"",null]"", ""[\""gjensidige\"",\""campingvogn\"",\""ordinary\"",\""gjensidige-campingvogn-kasko\"",null]"", ""[\""gjensidige\"",\""campingvogn\"",\""ordinary\"",\""gjensidige-campingvogn-pluss\"",null]""]",5,5,"[""catalog/sources/vehicle-extensions/gjensidige-Campingvogn-Delkasko-alminnelige-vilkar.pdf"", ""catalog/sources/vehicle-extensions/gjensidige-Campingvogn-Kasko-alminnelige-vilkar.pdf"", ""catalog/sources/vehicle-extensions/gjensidige-Campingvogn-Pluss-alminnelige-vilkar.pdf"", ""catalog/sources/vehicle-extensions/gjensidige-MOT07.pdf"", ""catalog/sources/vehicle-extensions/gjensidige-campingvognforsikring.html""]",PASS,PASS,EXACT_PRODUCT_REVIEWED_WITH_EXPLICIT_UNRESOLVED_ITEMS,SOURCE_RESEARCH_REQUIRED,True,See exact source-fact uncertainties and conflicts; shared insurer/source hash alone is not product equivalence.
gjensidige,Hund,1,0,"[""[\""gjensidige\"",\""hund\"",\""ordinary\"",\""gjensidige-hund-behandling\"",null]""]",1,4,"[""catalog/sources/boat-pet/gjensidige-dog-ipid.pdf"", ""catalog/sources/boat-pet/gjensidige-dog-life-use-terms.pdf"", ""catalog/sources/boat-pet/gjensidige-dog-product.html"", ""catalog/sources/boat-pet/gjensidige-dog-treatment-terms.pdf""]",PASS,PASS,EXACT_PRODUCT_REVIEWED_WITH_EXPLICIT_UNRESOLVED_ITEMS,SOURCE_RESEARCH_REQUIRED,True,See exact source-fact uncertainties and conflicts; shared insurer/source hash alone is not product equivalence.
gjensidige,Hus,2,0,"[""[\""gjensidige\"",\""bolig\"",\""ordinary\"",\""gjensidige-hus\"",\""Alminnelige vilkår\""]"", ""[\""gjensidige\"",\""bolig\"",\""ordinary\"",\""gjensidige-hus-pluss\"",\""Alminnelige vilkår\""]""]",6,6,"[""catalog/sources/gjensidige/hus/Hus-Pluss-alminnelige-vilkar.pdf"", ""catalog/sources/gjensidige/hus/Hus-Smart-alarmvilkar.html"", ""catalog/sources/gjensidige/hus/Hus-Smart-produktside.html"", ""catalog/sources/gjensidige/hus/Hus-Standard-alminnelige-vilkar.pdf"", ""catalog/sources/gjensidige/hus/Husforsikring-produktside.html"", ""catalog/sources/gjensidige/hus/IPID-Husforsikring-EAP01.pdf""]",PASS,PASS,EXACT_PRODUCT_REVIEWED_WITH_EXPLICIT_UNRESOLVED_ITEMS,SOURCE_RESEARCH_REQUIRED,True,See exact source-fact uncertainties and conflicts; shared insurer/source hash alone is not product equivalence.
gjensidige,Innbo,2,0,"[""[\""gjensidige\"",\""innbo\"",\""ordinary\"",\""gj-innbo\"",null]"", ""[\""gjensidige\"",\""innbo\"",\""ordinary\"",\""gj-innbo-pluss\"",null]""]",6,3,"[""catalog/sources/gjensidige/innbo/Gjensidige_IPID_Innbo_EAP02.pdf"", ""catalog/sources/gjensidige/innbo/Gjensidige_Innbo_Pluss_alminnelige_vilkar.pdf"", ""catalog/sources/gjensidige/innbo/Gjensidige_Innbo_Standard_alminnelige_vilkar.pdf""]",PASS,PASS,EXACT_PRODUCT_REVIEWED_WITH_EXPLICIT_UNRESOLVED_ITEMS,SOURCE_RESEARCH_REQUIRED,True,See exact source-fact uncertainties and conflicts; shared insurer/source hash alone is not product equivalence.
gjensidige,Katt,1,0,"[""[\""gjensidige\"",\""katt\"",\""ordinary\"",\""gjensidige-katt-behandling\"",null]""]",1,4,"[""catalog/sources/boat-pet/gjensidige-cat-ipid.pdf"", ""catalog/sources/boat-pet/gjensidige-cat-life-use-terms.pdf"", ""catalog/sources/boat-pet/gjensidige-cat-product.html"", ""catalog/sources/boat-pet/gjensidige-cat-treatment-terms.pdf""]",PASS,PASS,EXACT_PRODUCT_REVIEWED,AVAILABLE_LOCAL_PACKAGE_REVIEWED,False,See exact source-fact uncertainties and conflicts; shared insurer/source hash alone is not product equivalence.
gjensidige,MC,3,0,"[""[\""gjensidige\"",\""mc\"",\""ordinary\"",\""gjensidige-mc-ansvar\"",null]"", ""[\""gjensidige\"",\""mc\"",\""ordinary\"",\""gjensidige-mc-delkasko\"",null]"", ""[\""gjensidige\"",\""mc\"",\""ordinary\"",\""gjensidige-mc-kasko\"",null]""]",5,5,"[""catalog/sources/mc-bobil/gjensidige-mc-MOT03-ipid.pdf"", ""catalog/sources/mc-bobil/gjensidige-mc-ansvar-vilkar.pdf"", ""catalog/sources/mc-bobil/gjensidige-mc-delkasko-vilkar.pdf"", ""catalog/sources/mc-bobil/gjensidige-mc-kasko-vilkar.pdf"", ""catalog/sources/mc-bobil/gjensidige-mc-produkt.html""]",PASS,PASS,EXACT_PRODUCT_REVIEWED,AVAILABLE_LOCAL_PACKAGE_REVIEWED,False,See exact source-fact uncertainties and conflicts; shared insurer/source hash alone is not product equivalence.
gjensidige,Reise,2,0,"[""[\""gjensidige\"",\""reise\"",\""ordinary\"",\""gjensidige-reise\"",\""2026-09-20-canonical\""]"", ""[\""gjensidige\"",\""reise\"",\""ordinary\"",\""gjensidige-reise-pluss\"",\""2026-09-20-canonical\""]""]",8,8,"[""catalog/sources/gjensidige/reise/alarmsentral.html"", ""catalog/sources/gjensidige/reise/online-lege.html"", ""catalog/sources/gjensidige/reise/produktside.html"", ""catalog/sources/gjensidige/reise/reise-alminnelige-vilkar.pdf"", ""catalog/sources/gjensidige/reise/reise-pluss-alminnelige-vilkar.pdf"", ""catalog/sources/gjensidige/reise/reisedager.html"", ""catalog/sources/gjensidige/reise/reiseforsikring-ipid.pdf"", ""catalog/sources/gjensidige/reise/utvidelse-av-varighet-ipid.pdf""]",PASS,PASS,EXACT_PRODUCT_REVIEWED_WITH_EXPLICIT_UNRESOLVED_ITEMS,SOURCE_RESEARCH_REQUIRED,True,See exact source-fact uncertainties and conflicts; shared insurer/source hash alone is not product equivalence.
gjensidige,Snøscooter,3,0,"[""[\""gjensidige\"",\""snøscooter\"",\""ordinary\"",\""gjensidige-snoscooter-ansvar\"",null]"", ""[\""gjensidige\"",\""snøscooter\"",\""ordinary\"",\""gjensidige-snoscooter-delkasko\"",null]"", ""[\""gjensidige\"",\""snøscooter\"",\""ordinary\"",\""gjensidige-snoscooter-kasko\"",null]""]",5,5,"[""catalog/sources/vehicle-extensions/gjensidige-MOT05.pdf"", ""catalog/sources/vehicle-extensions/gjensidige-Snoscooter-Delkasko-alminnelige-vilkar.pdf"", ""catalog/sources/vehicle-extensions/gjensidige-Snoscooter-Kasko-alminnelige-vilkar.pdf"", ""catalog/sources/vehicle-extensions/gjensidige-snoscooter-ansvar-alminnelige-vilkar.pdf"", ""catalog/sources/vehicle-extensions/gjensidige-snoscooterforsikring.html""]",PASS,PASS,EXACT_PRODUCT_REVIEWED,AVAILABLE_LOCAL_PACKAGE_REVIEWED,False,See exact source-fact uncertainties and conflicts; shared insurer/source hash alone is not product equivalence.
gjensidige,Tilhenger,2,0,"[""[\""gjensidige\"",\""tilhenger\"",\""ordinary\"",\""gjensidige-tilhenger-delkasko\"",null]"", ""[\""gjensidige\"",\""tilhenger\"",\""ordinary\"",\""gjensidige-tilhenger-kasko\"",null]""]",4,4,"[""catalog/sources/vehicle-extensions/gjensidige-MOT09.pdf"", ""catalog/sources/vehicle-extensions/gjensidige-tilhenger-delkasko-alminnelige-vilkar.pdf"", ""catalog/sources/vehicle-extensions/gjensidige-tilhenger-kasko-alminnelige-vilkar.pdf"", ""catalog/sources/vehicle-extensions/gjensidige-tilhengerforsikring.html""]",PASS,PASS,EXACT_PRODUCT_REVIEWED_WITH_EXPLICIT_UNRESOLVED_ITEMS,SOURCE_RESEARCH_REQUIRED,True,See exact source-fact uncertainties and conflicts; shared insurer/source hash alone is not product equivalence.
if,Bil,4,0,"[""[\""if\"",\""bil\"",\""ordinary\"",\""if-bil-ansvar\"",\""MOT2-2\""]"", ""[\""if\"",\""bil\"",\""ordinary\"",\""if-bil-delkasko\"",\""MOT2-2\""]"", ""[\""if\"",\""bil\"",\""ordinary\"",\""if-bil-kasko\"",\""MOT2-2\""]"", ""[\""if\"",\""bil\"",\""ordinary\"",\""if-bil-super\"",\""MOT2-2\""]""]",7,2,"[""catalog/sources/if/Kjoretoyforsikring-MOT2-2.pdf"", ""catalog/sources/if/innbo/If_Generelle_vilkar_GEN2-9.pdf""]",PASS,PASS,EXACT_PRODUCT_REVIEWED,AVAILABLE_LOCAL_PACKAGE_REVIEWED,False,See exact source-fact uncertainties and conflicts; shared insurer/source hash alone is not product equivalence.
if,Bobil,4,0,"[""[\""if\"",\""bobil\"",\""ordinary\"",\""if-bobil-ansvar\"",\""2024-03\""]"", ""[\""if\"",\""bobil\"",\""ordinary\"",\""if-bobil-delkasko\"",\""2024-03\""]"", ""[\""if\"",\""bobil\"",\""ordinary\"",\""if-bobil-kasko\"",\""2024-03\""]"", ""[\""if\"",\""bobil\"",\""ordinary\"",\""if-bobil-super\"",\""2022-06\""]""]",7,5,"[""catalog/sources/mc-bobil/if-SV707.pdf"", ""catalog/sources/mc-bobil/if-bobil-ipid.pdf"", ""catalog/sources/mc-bobil/if-bobil-product.html"", ""catalog/sources/vehicle-extensions/if-Vilkaar-4103ea25.pdf"", ""catalog/sources/vehicle-extensions/if-Vilkaar-df7c20ba.pdf""]",PASS,PASS,EXACT_PRODUCT_REVIEWED_WITH_EXPLICIT_UNRESOLVED_ITEMS,SOURCE_RESEARCH_REQUIRED,True,See exact source-fact uncertainties and conflicts; shared insurer/source hash alone is not product equivalence.
if,Båt,3,0,"[""[\""if\"",\""båt\"",\""ordinary\"",\""if-bat-delkasko\"",\""2023-02-01\""]"", ""[\""if\"",\""båt\"",\""ordinary\"",\""if-bat-kasko\"",\""2023-02-01\""]"", ""[\""if\"",\""båt\"",\""ordinary\"",\""if-bat-super\"",\""2023-02-01\""]""]",1,2,"[""catalog/sources/boat-pet/if-boat-ipid.pdf"", ""catalog/sources/boat-pet/if-boat-terms.pdf""]",PASS,PASS,EXACT_PRODUCT_REVIEWED_WITH_EXPLICIT_UNRESOLVED_ITEMS,SOURCE_RESEARCH_REQUIRED,True,See exact source-fact uncertainties and conflicts; shared insurer/source hash alone is not product equivalence.
if,Campingvogn,3,0,"[""[\""if\"",\""campingvogn\"",\""ordinary\"",\""if-campingvogn-delkasko\"",\""2024-03\""]"", ""[\""if\"",\""campingvogn\"",\""ordinary\"",\""if-campingvogn-kasko\"",\""2024-03\""]"", ""[\""if\"",\""campingvogn\"",\""ordinary\"",\""if-campingvogn-super\"",\""2024-03\""]""]",6,4,"[""catalog/sources/mc-bobil/if-SV707.pdf"", ""catalog/sources/vehicle-extensions/if-Vilkaar-4103ea25.pdf"", ""catalog/sources/vehicle-extensions/if-Vilkaar-df7c20ba.pdf"", ""catalog/sources/vehicle-extensions/if-campingvognforsikring.html""]",PASS,PASS,EXACT_PRODUCT_REVIEWED_WITH_EXPLICIT_UNRESOLVED_ITEMS,SOURCE_RESEARCH_REQUIRED,True,See exact source-fact uncertainties and conflicts; shared insurer/source hash alone is not product equivalence.
if,Hund,3,0,"[""[\""if\"",\""hund\"",\""ordinary\"",\""if-hund-basis\"",\""2022-12-01\""]"", ""[\""if\"",\""hund\"",\""ordinary\"",\""if-hund-standard\"",\""2022-12-01\""]"", ""[\""if\"",\""hund\"",\""ordinary\"",\""if-hund-super\"",\""2022-12-01\""]""]",1,2,"[""catalog/sources/boat-pet/if-dog-ipid.pdf"", ""catalog/sources/boat-pet/if-dog-terms.pdf""]",PASS,PASS,EXACT_PRODUCT_REVIEWED_WITH_EXPLICIT_UNRESOLVED_ITEMS,SOURCE_RESEARCH_REQUIRED,True,See exact source-fact uncertainties and conflicts; shared insurer/source hash alone is not product equivalence.
if,Hus,3,0,"[""[\""if\"",\""bolig\"",\""ordinary\"",\""if-hus-basis\"",\""2023-09\""]"", ""[\""if\"",\""bolig\"",\""ordinary\"",\""if-hus-utvidet\"",\""2023-09\""]"", ""[\""if\"",\""bolig\"",\""ordinary\"",\""if-hus-super\"",\""2023-09\""]""]",5,5,"[""catalog/sources/if/hus/Bygningsforsikring.pdf"", ""catalog/sources/if/hus/Generelle-vilkar-privat.pdf"", ""catalog/sources/if/hus/Husforsikring-produktside.html"", ""catalog/sources/if/hus/IPID-Husforsikring.pdf"", ""catalog/sources/if/hus/Rettshjelp-og-ansvarsforsikring.pdf""]",PASS,PASS,EXACT_PRODUCT_REVIEWED_WITH_EXPLICIT_UNRESOLVED_ITEMS,SOURCE_RESEARCH_REQUIRED,True,See exact source-fact uncertainties and conflicts; shared insurer/source hash alone is not product equivalence.
if,Innbo,3,0,"[""[\""if\"",\""innbo\"",\""ordinary\"",\""if-innbo-basis\"",\""IBO2-1\""]"", ""[\""if\"",\""innbo\"",\""ordinary\"",\""if-innbo-utvidet\"",\""IBO2-1\""]"", ""[\""if\"",\""innbo\"",\""ordinary\"",\""if-innbo-super\"",\""IBO2-1\""]""]",8,4,"[""catalog/sources/if/innbo/If_Ansvar_Rettshjelp_SV006.pdf"", ""catalog/sources/if/innbo/If_Generelle_vilkar_GEN2-9.pdf"", ""catalog/sources/if/innbo/If_IPID_Innboforsikring.pdf"", ""catalog/sources/if/innbo/If_Innboforsikring_IBO2-1.pdf""]",PASS,PASS,EXACT_PRODUCT_REVIEWED_WITH_EXPLICIT_UNRESOLVED_ITEMS,SOURCE_RESEARCH_REQUIRED,True,See exact source-fact uncertainties and conflicts; shared insurer/source hash alone is not product equivalence.
if,Katt,3,0,"[""[\""if\"",\""katt\"",\""ordinary\"",\""if-katt-basis\"",\""2022-12-01\""]"", ""[\""if\"",\""katt\"",\""ordinary\"",\""if-katt-standard\"",\""2022-12-01\""]"", ""[\""if\"",\""katt\"",\""ordinary\"",\""if-katt-super\"",\""2022-12-01\""]""]",1,2,"[""catalog/sources/boat-pet/if-cat-ipid.pdf"", ""catalog/sources/boat-pet/if-cat-terms.pdf""]",PASS,PASS,EXACT_PRODUCT_REVIEWED_WITH_EXPLICIT_UNRESOLVED_ITEMS,SOURCE_RESEARCH_REQUIRED,True,See exact source-fact uncertainties and conflicts; shared insurer/source hash alone is not product equivalence.
if,MC,3,0,"[""[\""if\"",\""mc\"",\""ordinary\"",\""if-mc-ansvar\"",\""2024-03\""]"", ""[\""if\"",\""mc\"",\""ordinary\"",\""if-mc-delkasko\"",\""2024-03\""]"", ""[\""if\"",\""mc\"",\""ordinary\"",\""if-mc-kasko\"",\""2024-03\""]""]",7,5,"[""catalog/sources/mc-bobil/if-SV692.pdf"", ""catalog/sources/mc-bobil/if-mc-ipid.pdf"", ""catalog/sources/mc-bobil/if-mc-product.html"", ""catalog/sources/vehicle-extensions/if-Vilkaar-4103ea25.pdf"", ""catalog/sources/vehicle-extensions/if-Vilkaar-df7c20ba.pdf""]",PASS,PASS,EXACT_PRODUCT_REVIEWED,AVAILABLE_LOCAL_PACKAGE_REVIEWED,False,See exact source-fact uncertainties and conflicts; shared insurer/source hash alone is not product equivalence.
if,Reise,3,0,"[""[\""if\"",\""reise\"",\""ordinary\"",\""if-reise-basis\"",\""2026-09-20-canonical\""]"", ""[\""if\"",\""reise\"",\""ordinary\"",\""if-reise-standard\"",\""2026-09-20-canonical\""]"", ""[\""if\"",\""reise\"",\""ordinary\"",\""if-reise-super\"",\""2026-09-20-canonical\""]""]",6,6,"[""catalog/sources/if/reise/canonical/Helars-reiseforsikring-IPID.pdf"", ""catalog/sources/if/reise/canonical/Helars-reiseforsikring-vilkar.pdf"", ""catalog/sources/if/reise/canonical/Reiseforsikring-produktside.html"", ""catalog/sources/if/reise/canonical/Reisehjelp.html"", ""catalog/sources/if/reise/canonical/Reiseoversikt.html"", ""catalog/sources/if/reise/canonical/SmartDelay.html""]",PASS,PASS,EXACT_PRODUCT_REVIEWED_WITH_EXPLICIT_UNRESOLVED_ITEMS,SOURCE_RESEARCH_REQUIRED,True,See exact source-fact uncertainties and conflicts; shared insurer/source hash alone is not product equivalence.
if,Snøscooter,3,0,"[""[\""if\"",\""snøscooter\"",\""ordinary\"",\""if-snoscooter-ansvar\"",\""2024-03\""]"", ""[\""if\"",\""snøscooter\"",\""ordinary\"",\""if-snoscooter-delkasko\"",\""2024-03\""]"", ""[\""if\"",\""snøscooter\"",\""ordinary\"",\""if-snoscooter-kasko\"",\""2024-03\""]""]",6,4,"[""catalog/sources/mc-bobil/if-SV692.pdf"", ""catalog/sources/vehicle-extensions/if-Vilkaar-4103ea25.pdf"", ""catalog/sources/vehicle-extensions/if-Vilkaar-df7c20ba.pdf"", ""catalog/sources/vehicle-extensions/if-snoscooterforsikring.html""]",PASS,PASS,EXACT_PRODUCT_REVIEWED_WITH_EXPLICIT_UNRESOLVED_ITEMS,SOURCE_RESEARCH_REQUIRED,True,See exact source-fact uncertainties and conflicts; shared insurer/source hash alone is not product equivalence.
if,Tilhenger,2,0,"[""[\""if\"",\""tilhenger\"",\""ordinary\"",\""if-tilhenger-delkasko\"",\""2024-03\""]"", ""[\""if\"",\""tilhenger\"",\""ordinary\"",\""if-tilhenger-kasko\"",\""2024-03\""]""]",6,4,"[""catalog/sources/vehicle-extensions/if-Vilkaar-4103ea25.pdf"", ""catalog/sources/vehicle-extensions/if-Vilkaar-b7d19ed7.pdf"", ""catalog/sources/vehicle-extensions/if-Vilkaar-df7c20ba.pdf"", ""catalog/sources/vehicle-extensions/if-tilhengerforsikring.html""]",PASS,PASS,EXACT_PRODUCT_REVIEWED_WITH_EXPLICIT_UNRESOLVED_ITEMS,SOURCE_RESEARCH_REQUIRED,True,See exact source-fact uncertainties and conflicts; shared insurer/source hash alone is not product equivalence.
sparebank1-fremtind,Bil,4,0,"[""[\""sparebank1-fremtind\"",\""bil\"",\""ordinary\"",\""sb1-bil-ansvar\"",\""PMO-357.001-004\""]"", ""[\""sparebank1-fremtind\"",\""bil\"",\""ordinary\"",\""sb1-bil-delkasko\"",\""PMO-357.001-004\""]"", ""[\""sparebank1-fremtind\"",\""bil\"",\""ordinary\"",\""sb1-bil-kasko\"",\""PMO-357.001-004\""]"", ""[\""sparebank1-fremtind\"",\""bil\"",\""ordinary\"",\""sb1-bil-toppkasko\"",\""PMO-357.001-004\""]""]",22,11,"[""catalog/sources/eika-fremtind/IPID_Bil_M05P.pdf"", ""catalog/sources/sparebank1-fremtind/IPID_Bil.pdf"", ""catalog/sources/sparebank1-fremtind/Vilkar_Kasko_Bil.pdf"", ""catalog/sources/sparebank1-fremtind/Vilkar_Minikasko_Bil.pdf"", ""catalog/sources/sparebank1-fremtind/Vilkar_Toppkasko_Bil.pdf"", ""catalog/sources/sparebank1-fremtind/Vilkar_ansvar_bil.pdf"", ""catalog/sources/sparebank1-fremtind/Vilkar_leiebil.pdf"", ""catalog/sources/sparebank1-fremtind/Vilkar_maskinskade.pdf"", ""catalog/sources/vehicle-extensions/eikaforsikring-produktinformasjon.html"", ""catalog/sources/vehicle-extensions/eikaforsikring-vilkar.html"", ""catalog/sources/vehicle-extensions/fremtind-Generelle_vilkar_skadeforsikring.pdf""]",PASS,PASS,EXACT_PRODUCT_REVIEWED_WITH_EXPLICIT_UNRESOLVED_ITEMS,SOURCE_RESEARCH_REQUIRED,True,See exact source-fact uncertainties and conflicts; shared insurer/source hash alone is not product equivalence.
sparebank1-fremtind,Båt,3,0,"[""[\""sparebank1-fremtind\"",\""båt\"",\""ordinary\"",\""sparebank1-fremtind-bat-delkasko\"",\""2024-06-10\""]"", ""[\""sparebank1-fremtind\"",\""båt\"",\""ordinary\"",\""sparebank1-fremtind-bat-kasko\"",\""2024-06-10\""]"", ""[\""sparebank1-fremtind\"",\""båt\"",\""ordinary\"",\""sparebank1-fremtind-bat-toppkasko\"",\""2024-06-10\""]""]",1,3,"[""catalog/sources/boat-pet/fremtind-boat-ipid.pdf"", ""catalog/sources/boat-pet/fremtind-boat-terms.pdf"", ""catalog/sources/boat-pet/fremtind-sb1-boat-product.html""]",PASS,PASS,EXACT_PRODUCT_REVIEWED_WITH_EXPLICIT_UNRESOLVED_ITEMS,SOURCE_RESEARCH_REQUIRED,True,See exact source-fact uncertainties and conflicts; shared insurer/source hash alone is not product equivalence.
sparebank1-fremtind,Hund,1,0,"[""[\""sparebank1-fremtind\"",\""hund\"",\""ordinary\"",\""sparebank1-fremtind-hund-veterin-r\"",\""2025-08-07\""]""]",3,5,"[""catalog/sources/boat-pet/fremtind-dog-ipid.pdf"", ""catalog/sources/boat-pet/fremtind-dog-life-terms.pdf"", ""catalog/sources/boat-pet/fremtind-dog-use-terms.pdf"", ""catalog/sources/boat-pet/fremtind-dog-vet-terms.pdf"", ""catalog/sources/boat-pet/fremtind-sb1-dog-product.html""]",PASS,PASS,EXACT_PRODUCT_REVIEWED_WITH_EXPLICIT_UNRESOLVED_ITEMS,SOURCE_RESEARCH_REQUIRED,True,See exact source-fact uncertainties and conflicts; shared insurer/source hash alone is not product equivalence.
sparebank1-fremtind,Katt,1,0,"[""[\""sparebank1-fremtind\"",\""katt\"",\""ordinary\"",\""sparebank1-fremtind-katt-veterin-r\"",\""2025-08-07\""]""]",2,4,"[""catalog/sources/boat-pet/fremtind-cat-ipid.pdf"", ""catalog/sources/boat-pet/fremtind-cat-life-terms.pdf"", ""catalog/sources/boat-pet/fremtind-cat-vet-terms.pdf"", ""catalog/sources/boat-pet/fremtind-sb1-cat-product.html""]",PASS,PASS,EXACT_PRODUCT_REVIEWED_WITH_EXPLICIT_UNRESOLVED_ITEMS,SOURCE_RESEARCH_REQUIRED,True,See exact source-fact uncertainties and conflicts; shared insurer/source hash alone is not product equivalence.
storebrand,Bil,4,0,"[""[\""storebrand\"",\""bil\"",\""ordinary\"",\""sb-bil-ansvar\"",\""motor09\""]"", ""[\""storebrand\"",\""bil\"",\""ordinary\"",\""sb-bil-delkasko\"",\""motor09\""]"", ""[\""storebrand\"",\""bil\"",\""ordinary\"",\""sb-bil-kasko\"",\""motor09\""]"", ""[\""storebrand\"",\""bil\"",\""ordinary\"",\""sb-bil-super\"",\""motor09\""]""]",10,3,"[""catalog/sources/mc-bobil/storebrand-bil-bobil-produkt.html"", ""catalog/sources/storebrand/vilkar-generelle.pdf"", ""catalog/sources/storebrand/vilkar-motorvognforsikring-motor09.pdf""]",PASS,PASS,EXACT_PRODUCT_REVIEWED_WITH_EXPLICIT_UNRESOLVED_ITEMS,SOURCE_RESEARCH_REQUIRED,True,See exact source-fact uncertainties and conflicts; shared insurer/source hash alone is not product equivalence.
storebrand,Bobil,4,0,"[""[\""storebrand\"",\""bobil\"",\""ordinary\"",\""storebrand-bobil-ansvar\"",\""motor09\""]"", ""[\""storebrand\"",\""bobil\"",\""ordinary\"",\""storebrand-bobil-delkasko\"",\""motor09\""]"", ""[\""storebrand\"",\""bobil\"",\""ordinary\"",\""storebrand-bobil-kasko\"",\""motor09\""]"", ""[\""storebrand\"",\""bobil\"",\""ordinary\"",\""storebrand-bobil-super\"",\""motor09\""]""]",7,3,"[""catalog/sources/mc-bobil/storebrand-bil-bobil-produkt.html"", ""catalog/sources/storebrand/vilkar-generelle.pdf"", ""catalog/sources/vehicle-extensions/storebrand-vilkar-motorvognforsikring.pdf""]",PASS,PASS,EXACT_PRODUCT_REVIEWED_WITH_EXPLICIT_UNRESOLVED_ITEMS,SOURCE_RESEARCH_REQUIRED,True,See exact source-fact uncertainties and conflicts; shared insurer/source hash alone is not product equivalence.
storebrand,Båt,3,0,"[""[\""storebrand\"",\""båt\"",\""ordinary\"",\""storebrand-bat-delkasko\"",\""2024-09-01\""]"", ""[\""storebrand\"",\""båt\"",\""ordinary\"",\""storebrand-bat-kasko\"",\""2024-09-01\""]"", ""[\""storebrand\"",\""båt\"",\""ordinary\"",\""storebrand-bat-super\"",\""2024-09-01\""]""]",1,3,"[""catalog/sources/boat-pet/storebrand-boat-ipid.pdf"", ""catalog/sources/boat-pet/storebrand-boat-product.html"", ""catalog/sources/boat-pet/storebrand-boat-terms.pdf""]",PASS,PASS,EXACT_PRODUCT_REVIEWED_WITH_EXPLICIT_UNRESOLVED_ITEMS,SOURCE_RESEARCH_REQUIRED,True,See exact source-fact uncertainties and conflicts; shared insurer/source hash alone is not product equivalence.
storebrand,Campingvogn,3,0,"[""[\""storebrand\"",\""campingvogn\"",\""ordinary\"",\""storebrand-campingvogn-brann-og-tyveri\"",\""2026-03-01\""]"", ""[\""storebrand\"",\""campingvogn\"",\""ordinary\"",\""storebrand-campingvogn-kasko\"",\""2026-03-01\""]"", ""[\""storebrand\"",\""campingvogn\"",\""ordinary\"",\""storebrand-campingvogn-super\"",\""2026-03-01\""]""]",3,3,"[""catalog/sources/vehicle-extensions/storebrand-campingvognforsikring.html"", ""catalog/sources/vehicle-extensions/storebrand-vilkar-campingvogn-og-tilhenger.pdf"", ""catalog/sources/vehicle-extensions/storebrand-vilkar-generelle.pdf""]",PASS,PASS,EXACT_PRODUCT_REVIEWED_WITH_EXPLICIT_UNRESOLVED_ITEMS,SOURCE_RESEARCH_REQUIRED,True,See exact source-fact uncertainties and conflicts; shared insurer/source hash alone is not product equivalence.
storebrand,Hund,3,0,"[""[\""storebrand\"",\""hund\"",\""ordinary\"",\""storebrand-hund-veterin-r\"",\""2025-02-01\""]"", ""[\""storebrand\"",\""hund\"",\""ordinary\"",\""storebrand-hund-d-dsfall\"",\""2025-02-01\""]"", ""[\""storebrand\"",\""hund\"",\""ordinary\"",\""storebrand-hund-veterin-r-og-d-dsfall\"",\""2025-02-01\""]""]",5,4,"[""catalog/sources/boat-pet/storebrand-pet-ipid.pdf"", ""catalog/sources/boat-pet/storebrand-pet-product.html"", ""catalog/sources/boat-pet/storebrand-pet-terms.pdf"", ""catalog/sources/storebrand/vilkar-generelle.pdf""]",PASS,PASS,EXACT_PRODUCT_REVIEWED_WITH_EXPLICIT_UNRESOLVED_ITEMS,SOURCE_RESEARCH_REQUIRED,True,See exact source-fact uncertainties and conflicts; shared insurer/source hash alone is not product equivalence.
storebrand,Hus,2,0,"[""[\""storebrand\"",\""bolig\"",\""ordinary\"",\""storebrand-hus-standard\"",\""2025-08-15\""]"", ""[\""storebrand\"",\""bolig\"",\""ordinary\"",\""storebrand-hus-super\"",\""2025-08-15\""]""]",5,5,"[""catalog/sources/storebrand/hus/Generelle-vilkar-GENER07.pdf"", ""catalog/sources/storebrand/hus/Husforsikring-produktside.html"", ""catalog/sources/storebrand/hus/IPID-Husforsikring.pdf"", ""catalog/sources/storebrand/hus/Vilkar-hus-og-hytte-HUS10.pdf"", ""catalog/sources/storebrand/hus/Vilkar-utleieforsikring-UTLEI03.pdf""]",PASS,PASS,EXACT_PRODUCT_REVIEWED_WITH_EXPLICIT_UNRESOLVED_ITEMS,SOURCE_RESEARCH_REQUIRED,True,See exact source-fact uncertainties and conflicts; shared insurer/source hash alone is not product equivalence.
storebrand,Innbo,2,0,"[""[\""storebrand\"",\""innbo\"",\""ordinary\"",\""sb-innbo-standard\"",\""innbo09\""]"", ""[\""storebrand\"",\""innbo\"",\""ordinary\"",\""sb-innbo-super\"",\""innbo09\""]""]",4,3,"[""catalog/sources/storebrand/innbo/Storebrand_Generelle_gener07.pdf"", ""catalog/sources/storebrand/innbo/Storebrand_IPID_Innboforsikring.pdf"", ""catalog/sources/storebrand/innbo/Storebrand_Innbo_innbo09.pdf""]",PASS,PASS,EXACT_PRODUCT_REVIEWED_WITH_EXPLICIT_UNRESOLVED_ITEMS,SOURCE_RESEARCH_REQUIRED,True,See exact source-fact uncertainties and conflicts; shared insurer/source hash alone is not product equivalence.
storebrand,Katt,3,0,"[""[\""storebrand\"",\""katt\"",\""ordinary\"",\""storebrand-katt-veterin-r\"",\""2025-02-01\""]"", ""[\""storebrand\"",\""katt\"",\""ordinary\"",\""storebrand-katt-d-dsfall\"",\""2025-02-01\""]"", ""[\""storebrand\"",\""katt\"",\""ordinary\"",\""storebrand-katt-veterin-r-og-d-dsfall\"",\""2025-02-01\""]""]",5,4,"[""catalog/sources/boat-pet/storebrand-pet-ipid.pdf"", ""catalog/sources/boat-pet/storebrand-pet-product.html"", ""catalog/sources/boat-pet/storebrand-pet-terms.pdf"", ""catalog/sources/storebrand/vilkar-generelle.pdf""]",PASS,PASS,EXACT_PRODUCT_REVIEWED_WITH_EXPLICIT_UNRESOLVED_ITEMS,SOURCE_RESEARCH_REQUIRED,True,See exact source-fact uncertainties and conflicts; shared insurer/source hash alone is not product equivalence.
storebrand,MC,3,0,"[""[\""storebrand\"",\""mc\"",\""ordinary\"",\""storebrand-mc-ansvar\"",\""motor09\""]"", ""[\""storebrand\"",\""mc\"",\""ordinary\"",\""storebrand-mc-delkasko\"",\""motor09\""]"", ""[\""storebrand\"",\""mc\"",\""ordinary\"",\""storebrand-mc-kasko\"",\""motor09\""]""]",8,3,"[""catalog/sources/storebrand/vilkar-generelle.pdf"", ""catalog/sources/vehicle-extensions/storebrand-mc-forsikring.html"", ""catalog/sources/vehicle-extensions/storebrand-vilkar-motorvognforsikring.pdf""]",PASS,PASS,EXACT_PRODUCT_REVIEWED_WITH_EXPLICIT_UNRESOLVED_ITEMS,SOURCE_RESEARCH_REQUIRED,True,See exact source-fact uncertainties and conflicts; shared insurer/source hash alone is not product equivalence.
storebrand,Reise,2,0,"[""[\""storebrand\"",\""reise\"",\""ordinary\"",\""storebrand-reise-standard\"",\""2026-09-20-canonical\""]"", ""[\""storebrand\"",\""reise\"",\""ordinary\"",\""storebrand-reise-super\"",\""2026-09-20-canonical\""]""]",4,4,"[""catalog/sources/storebrand/reise/canonical/IPID-reiseforsikring.pdf"", ""catalog/sources/storebrand/reise/canonical/Reiseforsikring-produktside.html"", ""catalog/sources/storebrand/reise/canonical/gener07-generelle-vilkar.pdf"", ""catalog/sources/storebrand/reise/canonical/reise10-vilkar-reiseforsikring.pdf""]",PASS,PASS,EXACT_PRODUCT_REVIEWED_WITH_EXPLICIT_UNRESOLVED_ITEMS,SOURCE_RESEARCH_REQUIRED,True,See exact source-fact uncertainties and conflicts; shared insurer/source hash alone is not product equivalence.
storebrand,Snøscooter,3,0,"[""[\""storebrand\"",\""snøscooter\"",\""ordinary\"",\""storebrand-snoscooter-ansvar\"",\""2025-04-01\""]"", ""[\""storebrand\"",\""snøscooter\"",\""ordinary\"",\""storebrand-snoscooter-delkasko\"",\""2025-04-01\""]"", ""[\""storebrand\"",\""snøscooter\"",\""ordinary\"",\""storebrand-snoscooter-kasko\"",\""2025-04-01\""]""]",8,3,"[""catalog/sources/storebrand/vilkar-generelle.pdf"", ""catalog/sources/vehicle-extensions/storebrand-mc-forsikring.html"", ""catalog/sources/vehicle-extensions/storebrand-vilkar-motorvognforsikring.pdf""]",PASS,PASS,EXACT_PRODUCT_REVIEWED,AVAILABLE_LOCAL_PACKAGE_REVIEWED,False,See exact source-fact uncertainties and conflicts; shared insurer/source hash alone is not product equivalence.
storebrand,Tilhenger,2,0,"[""[\""storebrand\"",\""tilhenger\"",\""ordinary\"",\""storebrand-tilhenger-brann-og-tyveri\"",\""2026-03-01\""]"", ""[\""storebrand\"",\""tilhenger\"",\""ordinary\"",\""storebrand-tilhenger-kasko\"",\""2026-03-01\""]""]",3,3,"[""catalog/sources/vehicle-extensions/storebrand-tilhengerforsikring.html"", ""catalog/sources/vehicle-extensions/storebrand-vilkar-campingvogn-og-tilhenger.pdf"", ""catalog/sources/vehicle-extensions/storebrand-vilkar-generelle.pdf""]",PASS,PASS,EXACT_PRODUCT_REVIEWED_WITH_EXPLICIT_UNRESOLVED_ITEMS,SOURCE_RESEARCH_REQUIRED,True,See exact source-fact uncertainties and conflicts; shared insurer/source hash alone is not product equivalence.
tryg,Bil,3,0,"[""[\""tryg\"",\""bil\"",\""ordinary\"",\""bil-ansvar\"",\""PAU25003\""]"", ""[\""tryg\"",\""bil\"",\""ordinary\"",\""bil-delkasko\"",\""PAU25835\""]"", ""[\""tryg\"",\""bil\"",\""ordinary\"",\""bil-kasko\"",\""PAU25205\""]""]",20,11,"[""catalog/sources/tryg/Bilforsikring-Ansvar.pdf"", ""catalog/sources/tryg/Bilforsikring-BilEkstra.pdf"", ""catalog/sources/tryg/Bilforsikring-Delkasko.pdf"", ""catalog/sources/tryg/Bilforsikring-ElbilEkstra.pdf"", ""catalog/sources/tryg/Bilforsikring-Kasko.pdf"", ""catalog/sources/tryg/Bilforsikring-Leiebil.pdf"", ""catalog/sources/tryg/Bilforsikring-Maskinskade.pdf"", ""catalog/sources/tryg/Fører- og Passasjerulykke.pdf"", ""catalog/sources/tryg/Fører- og passasjerulykke Ekstra.pdf"", ""catalog/sources/tryg/hus/05PGE91000.pdf"", ""catalog/sources/tryg/hus/05PGE91500.pdf""]",PASS,PASS,EXACT_PRODUCT_REVIEWED,AVAILABLE_LOCAL_PACKAGE_REVIEWED,False,See exact source-fact uncertainties and conflicts; shared insurer/source hash alone is not product equivalence.
tryg,Bobil,4,0,"[""[\""tryg\"",\""bobil\"",\""ordinary\"",\""tryg-bobil-ansvar\"",\""2026-07-01\""]"", ""[\""tryg\"",\""bobil\"",\""ordinary\"",\""tryg-bobil-delkasko\"",\""2026-01-01\""]"", ""[\""tryg\"",\""bobil\"",\""ordinary\"",\""tryg-bobil-kasko\"",\""2026-01-01\""]"", ""[\""tryg\"",\""bobil\"",\""ordinary\"",\""tryg-bobil-bobil-ekstra\"",\""2026-07-01\""]""]",21,13,"[""catalog/sources/mc-bobil/tryg-05000PA188.pdf"", ""catalog/sources/mc-bobil/tryg-05PAU18800.pdf"", ""catalog/sources/mc-bobil/tryg-05PAU25305.pdf"", ""catalog/sources/mc-bobil/tryg-05PAU25335.pdf"", ""catalog/sources/mc-bobil/tryg-05PAU27007.pdf"", ""catalog/sources/mc-bobil/tryg-bobil-ipid.pdf"", ""catalog/sources/mc-bobil/tryg-bobil-product.html"", ""catalog/sources/mc-bobil/tryg-bobil-terms-index.html"", ""catalog/sources/tryg/Bilforsikring-Ansvar.pdf"", ""catalog/sources/tryg/Bilforsikring-Maskinskade.pdf"", ""catalog/sources/tryg/Fører- og Passasjerulykke.pdf"", ""catalog/sources/tryg/hus/05PGE91000.pdf"", ""catalog/sources/tryg/hus/05PGE91500.pdf""]",PASS,PASS,EXACT_PRODUCT_REVIEWED_WITH_EXPLICIT_UNRESOLVED_ITEMS,SOURCE_RESEARCH_REQUIRED,True,See exact source-fact uncertainties and conflicts; shared insurer/source hash alone is not product equivalence.
tryg,Båt,5,0,"[""[\""tryg\"",\""båt\"",\""ordinary\"",\""tryg-bat-ansvar\"",\""2024-07-01\""]"", ""[\""tryg\"",\""båt\"",\""ordinary\"",\""tryg-bat-brann-ansvar\"",\""2024-07-01\""]"", ""[\""tryg\"",\""båt\"",\""ordinary\"",\""tryg-bat-brann-tyveri-ansvar\"",\""2024-07-01\""]"", ""[\""tryg\"",\""båt\"",\""ordinary\"",\""tryg-bat-kasko-ansvar\"",\""2024-07-01\""]"", ""[\""tryg\"",\""båt\"",\""ordinary\"",\""tryg-bat-bat-ekstra\"",\""2024-07-01\""]""]",6,10,"[""catalog/sources/boat-pet/tryg-boat-accident-terms.pdf"", ""catalog/sources/boat-pet/tryg-boat-extra-terms.pdf"", ""catalog/sources/boat-pet/tryg-boat-inboard-terms.pdf"", ""catalog/sources/boat-pet/tryg-boat-ipid.pdf"", ""catalog/sources/boat-pet/tryg-boat-machinery-terms.pdf"", ""catalog/sources/boat-pet/tryg-boat-outboard-terms.pdf"", ""catalog/sources/boat-pet/tryg-boat-product.html"", ""catalog/sources/boat-pet/tryg-boat-row-terms.pdf"", ""catalog/sources/boat-pet/tryg-boat-sail-terms.pdf"", ""catalog/sources/tryg/hus/05PGE91500.pdf""]",PASS,PASS,EXACT_PRODUCT_REVIEWED_WITH_EXPLICIT_UNRESOLVED_ITEMS,SOURCE_RESEARCH_REQUIRED,True,See exact source-fact uncertainties and conflicts; shared insurer/source hash alone is not product equivalence.
tryg,Campingvogn,4,0,"[""[\""tryg\"",\""campingvogn\"",\""ordinary\"",\""tryg-campingvogn-brann\"",\""2026-01-01\""]"", ""[\""tryg\"",\""campingvogn\"",\""ordinary\"",\""tryg-campingvogn-brann-og-tyveri\"",\""2026-01-01\""]"", ""[\""tryg\"",\""campingvogn\"",\""ordinary\"",\""tryg-campingvogn-kasko\"",\""2026-01-01\""]"", ""[\""tryg\"",\""campingvogn\"",\""ordinary\"",\""tryg-campingvogn-campingvogn-ekstra\"",\""2026-01-01\""]""]",11,11,"[""catalog/sources/vehicle-extensions/tryg-IPID-Campingvogn-og-tilhenger.pdf"", ""catalog/sources/vehicle-extensions/tryg-campingvognforsikring.html"", ""catalog/sources/vehicle-extensions/tryg-odpdf-03ff0533.pdf"", ""catalog/sources/vehicle-extensions/tryg-odpdf-05b2538c.pdf"", ""catalog/sources/vehicle-extensions/tryg-odpdf-543856fa.pdf"", ""catalog/sources/vehicle-extensions/tryg-odpdf-65439673.pdf"", ""catalog/sources/vehicle-extensions/tryg-odpdf-778e88dd.pdf"", ""catalog/sources/vehicle-extensions/tryg-odpdf-911ff8ae.pdf"", ""catalog/sources/vehicle-extensions/tryg-odpdf-d09fac80.pdf"", ""catalog/sources/vehicle-extensions/tryg-odpdf-d8d47def.pdf"", ""catalog/sources/vehicle-extensions/tryg-vilkar-812784ac.html""]",PASS,PASS,EXACT_PRODUCT_REVIEWED,AVAILABLE_LOCAL_PACKAGE_REVIEWED,False,See exact source-fact uncertainties and conflicts; shared insurer/source hash alone is not product equivalence.
tryg,Hund,1,0,"[""[\""tryg\"",\""hund\"",\""ordinary\"",\""tryg-hund-behandling\"",\""2026-09-01\""]""]",4,6,"[""catalog/sources/boat-pet/tryg-dog-extra-terms.pdf"", ""catalog/sources/boat-pet/tryg-dog-life-terms.pdf"", ""catalog/sources/boat-pet/tryg-dog-product-terms.pdf"", ""catalog/sources/boat-pet/tryg-dog-product.html"", ""catalog/sources/boat-pet/tryg-dog-treatment-terms.pdf"", ""catalog/sources/boat-pet/tryg-pet-ipid.pdf""]",PASS,PASS,EXACT_PRODUCT_REVIEWED_WITH_EXPLICIT_UNRESOLVED_ITEMS,SOURCE_RESEARCH_REQUIRED,True,See exact source-fact uncertainties and conflicts; shared insurer/source hash alone is not product equivalence.
tryg,Hus,2,0,"[""[\""tryg\"",\""bolig\"",\""ordinary\"",\""tryg-hus\"",\""2026-01-01\""]"", ""[\""tryg\"",\""bolig\"",\""ordinary\"",\""tryg-hus-ekstra\"",\""2026-01-01\""]""]",20,16,"[""catalog/sources/tryg/hus/05000PF115.pdf"", ""catalog/sources/tryg/hus/05000PF118.pdf"", ""catalog/sources/tryg/hus/05000PF121.pdf"", ""catalog/sources/tryg/hus/05000PF405.pdf"", ""catalog/sources/tryg/hus/05PGE90010.pdf"", ""catalog/sources/tryg/hus/05PGE90020.pdf"", ""catalog/sources/tryg/hus/05PGE91000.pdf"", ""catalog/sources/tryg/hus/05PGE91500.pdf"", ""catalog/sources/tryg/hus/05PPK11500.pdf"", ""catalog/sources/tryg/hus/05PPK11501.pdf"", ""catalog/sources/tryg/hus/05PPK11502.pdf"", ""catalog/sources/tryg/hus/05PPK11503.pdf"", ""catalog/sources/tryg/hus/05PPK11506.pdf"", ""catalog/sources/tryg/hus/05PPK40501.pdf"", ""catalog/sources/tryg/hus/05PPK40502.pdf"", ""catalog/sources/tryg/hus/IPID-Hus.pdf""]",PASS,PASS,EXACT_PRODUCT_REVIEWED_WITH_EXPLICIT_UNRESOLVED_ITEMS,SOURCE_RESEARCH_REQUIRED,True,See exact source-fact uncertainties and conflicts; shared insurer/source hash alone is not product equivalence.
tryg,Innbo,2,0,"[""[\""tryg\"",\""innbo\"",\""ordinary\"",\""tryg-innbo\"",\""2026-07-01\""]"", ""[\""tryg\"",\""innbo\"",\""ordinary\"",\""tryg-innbo-ekstra\"",\""2026-07-01\""]""]",10,10,"[""catalog/sources/tryg/innbo/Generelle_vilkar_PGE91000.pdf"", ""catalog/sources/tryg/innbo/IPID_Innbo.pdf"", ""catalog/sources/tryg/innbo/Innbo_og_losore_Ekstra_PPK13302.pdf"", ""catalog/sources/tryg/innbo/Innbo_og_losore_PPK13301.pdf"", ""catalog/sources/tryg/innbo/Naturskade_PGE90010.pdf"", ""catalog/sources/tryg/innbo/Privatansvar_PGE90020.pdf"", ""catalog/sources/tryg/innbo/Produktvilkar_PPK13300.pdf"", ""catalog/sources/tryg/innbo/Rettshjelp_PGE91500.pdf"", ""catalog/sources/tryg/innbo/Sikkerhetsforskrifter_PF133.pdf"", ""catalog/sources/tryg/innbo/Utleie_PPK13306.pdf""]",PASS,PASS,EXACT_PRODUCT_REVIEWED_WITH_EXPLICIT_UNRESOLVED_ITEMS,SOURCE_RESEARCH_REQUIRED,True,See exact source-fact uncertainties and conflicts; shared insurer/source hash alone is not product equivalence.
tryg,Katt,1,0,"[""[\""tryg\"",\""katt\"",\""ordinary\"",\""tryg-katt-behandling\"",\""2026-09-01\""]""]",4,6,"[""catalog/sources/boat-pet/tryg-cat-extra-terms.pdf"", ""catalog/sources/boat-pet/tryg-cat-life-terms.pdf"", ""catalog/sources/boat-pet/tryg-cat-product.html"", ""catalog/sources/boat-pet/tryg-cat-treatment-terms.pdf"", ""catalog/sources/boat-pet/tryg-dog-product-terms.pdf"", ""catalog/sources/boat-pet/tryg-pet-ipid.pdf""]",PASS,PASS,EXACT_PRODUCT_REVIEWED,AVAILABLE_LOCAL_PACKAGE_REVIEWED,False,See exact source-fact uncertainties and conflicts; shared insurer/source hash alone is not product equivalence.
tryg,MC,4,0,"[""[\""tryg\"",\""mc\"",\""ordinary\"",\""tryg-mc-ansvar\"",\""2026-07-01\""]"", ""[\""tryg\"",\""mc\"",\""ordinary\"",\""tryg-mc-delkasko\"",\""2026-01-01\""]"", ""[\""tryg\"",\""mc\"",\""ordinary\"",\""tryg-mc-kasko\"",\""2026-07-01\""]"", ""[\""tryg\"",\""mc\"",\""ordinary\"",\""tryg-mc-mc-ekstra\"",\""2026-07-01\""]""]",19,12,"[""catalog/sources/mc-bobil/tryg-05000PA209.pdf"", ""catalog/sources/mc-bobil/tryg-05PAU20900.pdf"", ""catalog/sources/mc-bobil/tryg-05PAU25405.pdf"", ""catalog/sources/mc-bobil/tryg-05PAU25935.pdf"", ""catalog/sources/mc-bobil/tryg-05PAU27010.pdf"", ""catalog/sources/mc-bobil/tryg-mc-ipid.pdf"", ""catalog/sources/mc-bobil/tryg-mc-product.html"", ""catalog/sources/mc-bobil/tryg-mc-terms-index.html"", ""catalog/sources/tryg/Bilforsikring-Ansvar.pdf"", ""catalog/sources/tryg/Fører- og Passasjerulykke.pdf"", ""catalog/sources/tryg/hus/05PGE91000.pdf"", ""catalog/sources/tryg/hus/05PGE91500.pdf""]",PASS,PASS,EXACT_PRODUCT_REVIEWED_WITH_EXPLICIT_UNRESOLVED_ITEMS,SOURCE_RESEARCH_REQUIRED,True,See exact source-fact uncertainties and conflicts; shared insurer/source hash alone is not product equivalence.
tryg,Reise,3,0,"[""[\""tryg\"",\""reise\"",\""ordinary\"",\""tryg-reise\"",\""2026-09-20-canonical\""]"", ""[\""tryg\"",\""reise\"",\""ordinary\"",\""tryg-reise-ekstra\"",\""2026-09-20-canonical\""]"", ""[\""tryg\"",\""reise\"",\""ordinary\"",\""tryg-reise-premium\"",\""2026-09-20-canonical\""]""]",14,13,"[""catalog/sources/tryg/reise/canonical/05000PF455-Sikkerhetsforskrift.pdf"", ""catalog/sources/tryg/reise/canonical/Forsikringssummer-08.2026.pdf"", ""catalog/sources/tryg/reise/canonical/IPID-Reiseforsikring.pdf"", ""catalog/sources/tryg/reise/canonical/PGE90020-Privat-ansvar.pdf"", ""catalog/sources/tryg/reise/canonical/PGE91000-Generelle-vilkar.pdf"", ""catalog/sources/tryg/reise/canonical/PGE91500-Rettshjelp.pdf"", ""catalog/sources/tryg/reise/canonical/PRF46000-Produktvilkar.pdf"", ""catalog/sources/tryg/reise/canonical/PRF46001-Reise-Reise-Ekstra.pdf"", ""catalog/sources/tryg/reise/canonical/PRF46003-Reise-Premium.pdf"", ""catalog/sources/tryg/reise/canonical/PRF46010-Ulykke-Ulykke-Ekstra.pdf"", ""catalog/sources/tryg/reise/canonical/PRF46012-Ulykke-Premium.pdf"", ""catalog/sources/tryg/reise/canonical/Reiseforsikring-produktside.html"", ""catalog/sources/tryg/reise/canonical/Reiseforsikring-vilkarside.html""]",PASS,PASS,EXACT_PRODUCT_REVIEWED_WITH_EXPLICIT_UNRESOLVED_ITEMS,SOURCE_RESEARCH_REQUIRED,True,See exact source-fact uncertainties and conflicts; shared insurer/source hash alone is not product equivalence.
tryg,Snøscooter,3,0,"[""[\""tryg\"",\""snøscooter\"",\""ordinary\"",\""tryg-snoscooter-ansvar\"",null]"", ""[\""tryg\"",\""snøscooter\"",\""ordinary\"",\""tryg-snoscooter-brann-og-tyveri\"",null]"", ""[\""tryg\"",\""snøscooter\"",\""ordinary\"",\""tryg-snoscooter-kasko\"",null]""]",12,12,"[""catalog/sources/vehicle-extensions/tryg-IPID-Snoscooter.pdf"", ""catalog/sources/vehicle-extensions/tryg-odpdf-060a2170.pdf"", ""catalog/sources/vehicle-extensions/tryg-odpdf-0d60de94.pdf"", ""catalog/sources/vehicle-extensions/tryg-odpdf-2001c3a6.pdf"", ""catalog/sources/vehicle-extensions/tryg-odpdf-56716918.pdf"", ""catalog/sources/vehicle-extensions/tryg-odpdf-5a0a847f.pdf"", ""catalog/sources/vehicle-extensions/tryg-odpdf-911ff8ae.pdf"", ""catalog/sources/vehicle-extensions/tryg-odpdf-d8d47def.pdf"", ""catalog/sources/vehicle-extensions/tryg-odpdf-dbf5be98.pdf"", ""catalog/sources/vehicle-extensions/tryg-odpdf-e47c9440.pdf"", ""catalog/sources/vehicle-extensions/tryg-snoscooterforsikring.html"", ""catalog/sources/vehicle-extensions/tryg-vilkar-fc5e4fcd.html""]",PASS,PASS,EXACT_PRODUCT_REVIEWED_WITH_EXPLICIT_UNRESOLVED_ITEMS,SOURCE_RESEARCH_REQUIRED,True,See exact source-fact uncertainties and conflicts; shared insurer/source hash alone is not product equivalence.
tryg,Tilhenger,3,0,"[""[\""tryg\"",\""tilhenger\"",\""ordinary\"",\""tryg-tilhenger-brann\"",\""2026-01-01\""]"", ""[\""tryg\"",\""tilhenger\"",\""ordinary\"",\""tryg-tilhenger-brann-og-tyveri\"",\""2026-01-01\""]"", ""[\""tryg\"",\""tilhenger\"",\""ordinary\"",\""tryg-tilhenger-kasko\"",\""2026-01-01\""]""]",10,10,"[""catalog/sources/vehicle-extensions/tryg-IPID-Campingvogn-og-tilhenger.pdf"", ""catalog/sources/vehicle-extensions/tryg-odpdf-03ff0533.pdf"", ""catalog/sources/vehicle-extensions/tryg-odpdf-05b2538c.pdf"", ""catalog/sources/vehicle-extensions/tryg-odpdf-543856fa.pdf"", ""catalog/sources/vehicle-extensions/tryg-odpdf-65439673.pdf"", ""catalog/sources/vehicle-extensions/tryg-odpdf-778e88dd.pdf"", ""catalog/sources/vehicle-extensions/tryg-odpdf-911ff8ae.pdf"", ""catalog/sources/vehicle-extensions/tryg-odpdf-d8d47def.pdf"", ""catalog/sources/vehicle-extensions/tryg-tilhengerforsikring.html"", ""catalog/sources/vehicle-extensions/tryg-vilkar-75f064ed.html""]",PASS,PASS,EXACT_PRODUCT_REVIEWED,AVAILABLE_LOCAL_PACKAGE_REVIEWED,False,See exact source-fact uncertainties and conflicts; shared insurer/source hash alone is not product equivalence.
