batch_id,wave,status,files_changed,tests_added,tests_run,targeted_audit,P1_signatures_targeted,P1_signatures_resolved,regressions,notes
B-001,1,PASS,"[""lib/mc-bobil-gjensidige-storebrand-catalog.ts"", ""tests/nito-remediation-wave1.test.mjs""]",5,"116 focused; 2001 full; TypeScript, ESLint, webpack build, synthetic HTTP/PDF runtime PASS",/tmp/nito-catalog-remediation-evening/B-001-audit.json,1,1,0,Own public source and exact product controls verified; immutable evidence retained.
B-002,1,PASS,"[""tests/nito-remediation-wave1.test.mjs"", ""lib/fremtind-hus-catalog.ts""]",3,72 focused tests PASS; 202 other products unchanged,/tmp/nito-catalog-remediation-evening/B-002-audit.json,1,1,0,Own public source and exact product controls verified; immutable evidence retained.
B-003,1,FAIL,"[""lib/boat-pet-catalog.ts"", ""tests/nito-remediation-wave1.test.mjs""]","0 retained (3 attempted, archived outside repo)",69/71 PASS; 2 new test-contract errors; existing 60 tests PASS,NOT_REACHED; own source p6 verified; diagnostics in B-003-failure.json,1,0,No production regression proven; 2 new test failures,STOP-ON-FAIL. Isolated attempt removed with exact B-002 checkpoint hash verification; previous PASS batches retained.
B-003,1,PASS,"[""lib/boat-pet-catalog.ts"", ""tests/nito-remediation-wave1.test.mjs""]",3,71/71 focused; 2 diagnosed test-only corrections; targeted source audit PASS,/tmp/nito-catalog-remediation-evening/B-003-audit.json,1,1,0,Own public source and exact product controls verified; immutable evidence retained.
B-004,1,PASS,"[""lib/if-reise-catalog.ts"", ""tests/nito-remediation-wave1.test.mjs"", ""tests/if-reise-catalog.test.mjs""]",3,52/52 focused PASS; stale existing Basis expectation corrected from source; targeted audit PASS,/tmp/nito-catalog-remediation-evening/B-004-audit.json,1,1,0,Own public source and exact product controls verified; immutable evidence retained.
B-005,1,PASS,"[""tests/storebrand-innbo-catalog.test.mjs"", ""tests/nito-remediation-wave1.test.mjs"", ""lib/storebrand-innbo-catalog.ts""]",2,54/54 focused PASS; source-backed existing test correction; targeted audit PASS,/tmp/nito-catalog-remediation-evening/B-005-audit.json,1,1,0,Own public source and exact product controls verified; immutable evidence retained.
B-006,1,PASS,"[""lib/frende-catalog.ts"", ""tests/nito-remediation-wave1.test.mjs""]",2,47/47 focused PASS; one new product-mode contract test corrected; source audit PASS,/tmp/nito-catalog-remediation-evening/B-006-audit.json,1,1,0,Own public source and exact product controls verified; immutable evidence retained. Premature PASS artifact corrected before B-007 implementation; see test-diagnostics.csv.
B-007,1,PASS,"[""lib/gjensidige-hus-catalog.ts"", ""tests/nito-remediation-wave1.test.mjs""]",2,57/57 focused PASS; source-backed thawing retained both levels; audit PASS,/tmp/nito-catalog-remediation-evening/B-007-audit.json,1,1,0,Own public source and exact product controls verified; immutable evidence retained.
B-008,2,PASS,"[""tests/nito-remediation-wave2.test.mjs"", ""lib/boat-pet-catalog.ts""]",3,83/83 focused PASS; false unknown cleared; source audit PASS,/tmp/nito-catalog-remediation-evening/B-008-audit.json,1,1,0,Own public source and exact product controls verified; immutable evidence retained.
B-009,2,PASS,"[""tests/nito-remediation-wave2.test.mjs"", ""lib/boat-pet-catalog.ts""]",4,116/116 focused PASS; selected/silent/rejected/document controls; own-source audit PASS,/tmp/nito-catalog-remediation-evening/B-009-audit.json,2,2,0,Own public source and exact product controls verified; immutable evidence retained.
B-010,2,PASS,"[""tests/nito-remediation-wave2.test.mjs"", ""lib/boat-pet-catalog.ts"", ""tests/boat-pet-catalog.test.mjs""]",3,67/67 focused PASS (both remediation suites + boat/pet catalog/pipeline); stale existing regex corrected from full source,/tmp/nito-catalog-remediation-evening/B-010-audit.json,1,1,0,Own public source and exact product controls verified; immutable evidence retained.
B-011,2,PASS,"[""tests/nito-remediation-wave2.test.mjs"", ""lib/tryg-innbo-catalog.ts""]",2,42/42 focused PASS; ordinary/Extra location and document-priority controls,/tmp/nito-catalog-remediation-evening/B-011-audit.json,1,1,0,Own public source and exact product controls verified; immutable evidence retained.
B-012,2,PASS,"[""lib/mc-bobil-gjensidige-storebrand-catalog.ts"", ""tests/nito-remediation-wave2.test.mjs""]",2,71/71 focused PASS; MC/Bobil catalog/pipeline and both remediation suites,/tmp/nito-catalog-remediation-evening/B-012-audit.json,1,1,0,Own public source and exact product controls verified; immutable evidence retained.
B-013,2,PASS,"[""tests/nito-remediation-wave2.test.mjs"", ""lib/storebrand-hus-catalog.ts""]",2,55/55 focused PASS; House catalog controls and both remediation suites,/tmp/nito-catalog-remediation-evening/B-013-audit.json,1,1,0,Own public source and exact product controls verified; immutable evidence retained.
B-014,2,PASS,"[""lib/gjensidige-innbo-catalog.ts"", ""tests/gjensidige-innbo-catalog.test.mjs"", ""tests/nito-remediation-wave2.test.mjs""]",4,"70/70 focused PASS;6 source corrections,3 source-disproved existing expectations updated once",/tmp/nito-catalog-remediation-evening/B-014-audit.json,6,6,0,Own public source and exact product controls verified; immutable evidence retained.
B-016,2,PASS,"[""tests/nito-remediation-wave2.test.mjs"", ""lib/gjensidige-reise-catalog.ts""]",2,58/58 focused PASS; travel catalog and both remediation suites,/tmp/nito-catalog-remediation-evening/B-016-audit.json,1,1,0,Own public source and exact product controls verified; immutable evidence retained.
B-015,2,SKIPPED_PREREQUISITE,[],0,Not implemented,wave2-entry.json,1,0,0,MAPPING_REVIEW_FIRST; required: CR-254
B-017,2,SKIPPED_PREREQUISITE,[],0,Not implemented,wave2-entry.json,1,0,0,MAPPING_REVIEW_FIRST; required: CR-382
B-018,2,SKIPPED_PREREQUISITE,[],0,Not implemented,wave2-entry.json,1,0,0,MAPPING_REVIEW_FIRST; required: CR-162
B-019,2,SKIPPED_PREREQUISITE,[],0,Not implemented,wave2-entry.json,1,0,0,MAPPING_REVIEW_FIRST; required: CR-394
B-020,2,SKIPPED_PREREQUISITE,[],0,Not implemented,wave2-entry.json,2,0,0,"MAPPING_REVIEW_FIRST; required: CR-230, CR-231"
B-021,2,SKIPPED_PREREQUISITE,[],0,Not implemented,wave2-entry.json,1,0,0,MAPPING_REVIEW_FIRST; required: CR-381
B-022,2,SKIPPED_PREREQUISITE,[],0,Not implemented,wave2-entry.json,2,0,0,"CANONICAL_REVIEW_FIRST; required: CR-160, CR-292"
