insuranceType,comparisonId,section,visibleLabel,visibleStatusA,visibleStatusB,visibleTextA,visibleTextB,sourceType,canonicalIdentity,reasonCode,candidateLayer,relevance
"Båt","Båt:Tryg/Båt Ekstra::If/Super","Motor- og maskinskade","Motor- og maskinskade – egenandel","unknown","optional","Ikke dokumentert i kataloggrunnlaget","Tilgjengelig som tillegg (Motor- og girskade) – Aldersgradert prosentandel, minst 8 000 kr","full_terms","bat.maskinskade.egenandel","SAME_CONCEPT_DIFFERENT_STRUCTURE","CANONICAL_SEMANTICS","LIKELY_SHARED"
"Båt","Båt:Tryg/Båt Ekstra::If/Super","Løsøre og utstyr","Løsøre og bagasje – grense","unknown","included","Ikke dokumentert i kataloggrunnlaget","Uten særskilt sumbegrensning innenfor produktvilkårene","full_terms","bat.losore.grense","SAME_CONCEPT_DIFFERENT_STRUCTURE","CANONICAL_SEMANTICS","LIKELY_SHARED"
"Båt","Båt:If/Super::Tryg/Båt Ekstra","Motor- og maskinskade","Motor- og maskinskade – egenandel","optional","unknown","Tilgjengelig som tillegg (Motor- og girskade) – Aldersgradert prosentandel, minst 8 000 kr","Ikke dokumentert i kataloggrunnlaget","full_terms","bat.maskinskade.egenandel","SAME_CONCEPT_DIFFERENT_STRUCTURE","CANONICAL_SEMANTICS","LIKELY_SHARED"
"Båt","Båt:If/Super::Tryg/Båt Ekstra","Løsøre og utstyr","Løsøre og bagasje – grense","included","unknown","Uten særskilt sumbegrensning innenfor produktvilkårene","Ikke dokumentert i kataloggrunnlaget","full_terms","bat.losore.grense","SAME_CONCEPT_DIFFERENT_STRUCTURE","CANONICAL_SEMANTICS","LIKELY_SHARED"
"Båt","Båt:Tryg/Båt Ekstra::Storebrand/Super","Ferieavbrudd","Ferieavbrudd – antall dager","unknown","included","Ikke dokumentert i kataloggrunnlaget","Inntil 30 dager","full_terms","bat.ferieavbrudd.dager","SAME_CONCEPT_DIFFERENT_STRUCTURE","CANONICAL_SEMANTICS","LIKELY_SHARED"
"Båt","Båt:Tryg/Båt Ekstra::Storebrand/Super","Ferieavbrudd","Ferieavbrudd – grense","unknown","included","Ikke dokumentert i kataloggrunnlaget","Inntil 60 000 kr","full_terms","bat.ferieavbrudd.grense","SAME_CONCEPT_DIFFERENT_STRUCTURE","CANONICAL_SEMANTICS","LIKELY_SHARED"
"Båt","Båt:Tryg/Båt Ekstra::Fremtind/Toppkasko","Motor- og maskinskade","Motor- og maskinskade – aldersgrense","optional","unknown","Tilgjengelig som tillegg (Maskinskade) – Innenbordsmotor under 15 år; utenbordsmotor/seilbåt under 12 år","Ikke dokumentert i kataloggrunnlaget","full_terms","bat.maskinskade.alder","SAME_CONCEPT_DIFFERENT_STRUCTURE","CANONICAL_SEMANTICS","LIKELY_SHARED"
"Båt","Båt:Tryg/Båt Ekstra::Fremtind/Toppkasko","Motor- og maskinskade","Motor- og maskinskade – egenandel","unknown","included","Ikke dokumentert i kataloggrunnlaget","4 000 kr, med vilkårets fradragsregel","full_terms","bat.maskinskade.egenandel","SAME_CONCEPT_DIFFERENT_STRUCTURE","CANONICAL_SEMANTICS","LIKELY_SHARED"
"Båt","Båt:Tryg/Båt Ekstra::Fremtind/Toppkasko","Ferieavbrudd","Ferieavbrudd – antall dager","unknown","included","Ikke dokumentert i kataloggrunnlaget","Inntil 15 dager","full_terms","bat.ferieavbrudd.dager","SAME_CONCEPT_DIFFERENT_STRUCTURE","CANONICAL_SEMANTICS","LIKELY_SHARED"
"Båt","Båt:Tryg/Båt Ekstra::Fremtind/Toppkasko","Ferieavbrudd","Ferieavbrudd – beløp per dag","unknown","included","Ikke dokumentert i kataloggrunnlaget","Inntil 1 500 kr per dag","full_terms","bat.ferieavbrudd.dagsbelop","SAME_CONCEPT_DIFFERENT_STRUCTURE","CANONICAL_SEMANTICS","LIKELY_SHARED"
"Båt","Båt:Tryg/Båt Ekstra::Frende/Utvidet","Motor- og maskinskade","Motor- og maskinskade","optional","optional","Tilgjengelig som tillegg (Maskinskade) – Valgfritt tillegg","Tilgjengelig som tillegg (Maskinskade) – Valgfritt når oppført i forsikringsbeviset","full_terms","bat.maskinskade.dekning","CUSTOMER_SPECIFIC_REFERENCE","PRODUCT_MODE_ONLY_PRESENTATION","PRODUCT_MODE_ONLY"
"Båt","Båt:Tryg/Båt Ekstra::Frende/Utvidet","Motor- og maskinskade","Motor- og maskinskade – aldersgrense","optional","unknown","Tilgjengelig som tillegg (Maskinskade) – Innenbordsmotor under 15 år; utenbordsmotor/seilbåt under 12 år","Ikke dokumentert i kataloggrunnlaget","full_terms","bat.maskinskade.alder","SAME_CONCEPT_DIFFERENT_STRUCTURE","CANONICAL_SEMANTICS","LIKELY_SHARED"
"Båt","Båt:Tryg/Båt Ekstra::Frende/Utvidet","Seil, rigg og jolle","Jolle og ekstra motor – grense","unknown","included","Ikke dokumentert i kataloggrunnlaget","20 000 kr for dokumentert jolle/motor","full_terms","bat.jolle.grense","SAME_CONCEPT_DIFFERENT_STRUCTURE","CANONICAL_SEMANTICS","LIKELY_SHARED"
"Båt","Båt:Tryg/Båt Ekstra::Frende/Utvidet","Fører- og passasjerulykke","Fører- og passasjerulykke","optional","optional","Tilgjengelig som tillegg (Fører- og passasjerulykke) – Valgfritt tillegg","Tilgjengelig som tillegg (Fører- og passasjerulykke) – Valgfritt når oppført i forsikringsbeviset","full_terms","bat.ulykke.dekning","CUSTOMER_SPECIFIC_REFERENCE","PRODUCT_MODE_ONLY_PRESENTATION","PRODUCT_MODE_ONLY"
"Båt","Båt:If/Super::Frende/Utvidet","Motor- og maskinskade","Motor- og maskinskade","optional","optional","Tilgjengelig som tillegg (Motor- og girskade) – Valgfritt tillegg til Kasko","Tilgjengelig som tillegg (Maskinskade) – Valgfritt når oppført i forsikringsbeviset","full_terms","bat.maskinskade.dekning","CUSTOMER_SPECIFIC_REFERENCE","PRODUCT_MODE_ONLY_PRESENTATION","PRODUCT_MODE_ONLY"
"Båt","Båt:If/Super::Frende/Utvidet","Motor- og maskinskade","Motor- og maskinskade – aldersgrense","optional","unknown","Tilgjengelig som tillegg (Motor- og girskade) – Dekningen opphører når motor, gir eller drivverk er eldre enn 15 år","Ikke dokumentert i kataloggrunnlaget","full_terms","bat.maskinskade.alder","SAME_CONCEPT_DIFFERENT_STRUCTURE","CANONICAL_SEMANTICS","LIKELY_SHARED"
"Båt","Båt:If/Super::Frende/Utvidet","Motor- og maskinskade","Motor- og maskinskade – egenandel","optional","unknown","Tilgjengelig som tillegg (Motor- og girskade) – Aldersgradert prosentandel, minst 8 000 kr","Ikke dokumentert i kataloggrunnlaget","full_terms","bat.maskinskade.egenandel","SAME_CONCEPT_DIFFERENT_STRUCTURE","CANONICAL_SEMANTICS","LIKELY_SHARED"
"Båt","Båt:If/Super::Frende/Utvidet","Løsøre og utstyr","Løsøre og bagasje – grense","included","unknown","Uten særskilt sumbegrensning innenfor produktvilkårene","Ikke dokumentert i kataloggrunnlaget","full_terms","bat.losore.grense","SAME_CONCEPT_DIFFERENT_STRUCTURE","CANONICAL_SEMANTICS","LIKELY_SHARED"
"Båt","Båt:If/Super::Frende/Utvidet","Fører- og passasjerulykke","Fører- og passasjerulykke","unknown","optional","Ikke dokumentert i kataloggrunnlaget","Tilgjengelig som tillegg (Fører- og passasjerulykke) – Valgfritt når oppført i forsikringsbeviset","full_terms","bat.ulykke.dekning","CUSTOMER_SPECIFIC_REFERENCE","PRODUCT_MODE_ONLY_PRESENTATION","PRODUCT_MODE_ONLY"
"Båt","Båt:Gjensidige/Pluss::Storebrand/Super","Totalskade og ny båt","Totalskade og ny båt – aldersgrense","unknown","included","Ikke dokumentert i kataloggrunnlaget","Inntil 3 år fra kjøpsdato","full_terms","bat.totalskade.alder","SAME_CONCEPT_DIFFERENT_STRUCTURE","CANONICAL_SEMANTICS","LIKELY_SHARED"
"Båt","Båt:Gjensidige/Pluss::Storebrand/Super","Ferieavbrudd","Ferieavbrudd – antall dager","unknown","included","Ikke dokumentert i kataloggrunnlaget","Inntil 30 dager","full_terms","bat.ferieavbrudd.dager","SAME_CONCEPT_DIFFERENT_STRUCTURE","CANONICAL_SEMANTICS","LIKELY_SHARED"
"Båt","Båt:Gjensidige/Pluss::Storebrand/Super","Ferieavbrudd","Ferieavbrudd – grense","unknown","included","Ikke dokumentert i kataloggrunnlaget","Inntil 60 000 kr","full_terms","bat.ferieavbrudd.grense","SAME_CONCEPT_DIFFERENT_STRUCTURE","CANONICAL_SEMANTICS","LIKELY_SHARED"
"Båt","Båt:Fremtind/Toppkasko::Gjensidige/Pluss","Motor- og maskinskade","Motor- og maskinskade – egenandel","included","unknown","4 000 kr, med vilkårets fradragsregel","Ikke dokumentert i kataloggrunnlaget","full_terms","bat.maskinskade.egenandel","SAME_CONCEPT_DIFFERENT_STRUCTURE","CANONICAL_SEMANTICS","LIKELY_SHARED"
"Båt","Båt:Fremtind/Toppkasko::Gjensidige/Pluss","Motor- og maskinskade","Motor- og maskinskade – aldersgrense","unknown","included","Ikke dokumentert i kataloggrunnlaget","Motor og drivverk eldre enn 10 år er unntatt","ipid","bat.maskinskade.alder","SAME_CONCEPT_DIFFERENT_STRUCTURE","CANONICAL_SEMANTICS","LIKELY_SHARED"
"Båt","Båt:Fremtind/Toppkasko::Gjensidige/Pluss","Ferieavbrudd","Ferieavbrudd – antall dager","included","unknown","Inntil 15 dager","Ikke dokumentert i kataloggrunnlaget","full_terms","bat.ferieavbrudd.dager","SAME_CONCEPT_DIFFERENT_STRUCTURE","CANONICAL_SEMANTICS","LIKELY_SHARED"
"Båt","Båt:Fremtind/Toppkasko::Gjensidige/Pluss","Ferieavbrudd","Ferieavbrudd – beløp per dag","included","unknown","Inntil 1 500 kr per dag","Ikke dokumentert i kataloggrunnlaget","full_terms","bat.ferieavbrudd.dagsbelop","SAME_CONCEPT_DIFFERENT_STRUCTURE","CANONICAL_SEMANTICS","LIKELY_SHARED"
"Båt","Båt:If/Kasko::If/Super","Løsøre og utstyr","Løsøre og bagasje","included","unknown","✓ Inkludert – Inkludert","Ikke dokumentert i kataloggrunnlaget","full_terms","bat.losore.dekning","SAME_CONCEPT_DIFFERENT_STRUCTURE","CANONICAL_SEMANTICS","LIKELY_SHARED"
"Båt","Båt:If/Kasko::If/Super","Løsøre og utstyr","Opplagsutstyr","unknown","included","Ikke dokumentert i kataloggrunnlaget","✓ Inkludert – Inkludert","full_terms","bat.opplagsutstyr.dekning","SAME_CONCEPT_DIFFERENT_STRUCTURE","CANONICAL_SEMANTICS","LIKELY_SHARED"
"Hund","Hund:Tryg/Behandling::If/Super","Veterinærbehandling","Veterinærbehandling – valgbar forsikringssum","included","included","Kundens valgte sum fremgår av forsikringsbeviset","Valgbar forsikringssum; faktisk valg står i forsikringsbeviset","ipid","dyr.veterinar.sum.valgbar","CUSTOMER_SPECIFIC_REFERENCE","PRODUCT_MODE_ONLY_PRESENTATION","PRODUCT_MODE_ONLY"
"Hund","Hund:Tryg/Behandling::If/Super","Veterinærbehandling","Veterinærbehandling – valgbar forsikringssum","included","included","Kundens valgte sum fremgår av forsikringsbeviset","Valgbar forsikringssum; faktisk valg står i forsikringsbeviset","full_terms","dyr.veterinar.sum.valgbar","CUSTOMER_SPECIFIC_REFERENCE","PRODUCT_MODE_ONLY_PRESENTATION","PRODUCT_MODE_ONLY"
"Hund","Hund:Tryg/Behandling::If/Super","Veterinærbehandling","Veterinærbehandling – fast egenandel","included","included","Fremgår av forsikringsbeviset","Valgbar egenandel; faktisk valg står i forsikringsbeviset","ipid","dyr.veterinar.egenandel.fast","CUSTOMER_SPECIFIC_REFERENCE","PRODUCT_MODE_ONLY_PRESENTATION","PRODUCT_MODE_ONLY"
"Hund","Hund:Tryg/Behandling::If/Super","Veterinærbehandling","Veterinærbehandling – fast egenandel","included","included","Fremgår av forsikringsbeviset","Valgbar egenandel; faktisk valg står i forsikringsbeviset","full_terms","dyr.veterinar.egenandel.fast","CUSTOMER_SPECIFIC_REFERENCE","PRODUCT_MODE_ONLY_PRESENTATION","PRODUCT_MODE_ONLY"
"Hund","Hund:Tryg/Behandling::If/Super","Veterinærbehandling","Veterinærbehandling – overføring av ubrukt forsikringssum","unknown","included","Ikke dokumentert i kataloggrunnlaget","10 000 kr ubrukt sum overføres automatisk; samlet oppspart sum kan ikke overstige det dobbelte av valgt forsikringssum","full_terms","dyr.veterinar.rollover","CUSTOMER_SPECIFIC_REFERENCE","PRODUCT_MODE_ONLY_PRESENTATION","PRODUCT_MODE_ONLY"
"Hund","Hund:Tryg/Behandling::If/Super","Tann","Tannsykdom – grense","optional","unknown","Tilgjengelig som tillegg (Ekstra) – 30 000 kr per sykdom eller ulykkesskade og per forsikringsår","Ikke dokumentert i kataloggrunnlaget","full_terms","dyr.tannsykdom.grense","SAME_CONCEPT_DIFFERENT_STRUCTURE","CANONICAL_SEMANTICS","LIKELY_SHARED"
"Hund","Hund:Tryg/Behandling::If/Super","Rehabilitering","Rehabilitering – grense","optional","unknown","Tilgjengelig som tillegg (Ekstra) – 10 000 kr per sykdom eller ulykkesskade","Ikke dokumentert i kataloggrunnlaget","full_terms","dyr.rehabilitering.grense","SAME_CONCEPT_DIFFERENT_STRUCTURE","CANONICAL_SEMANTICS","LIKELY_SHARED"
"Hund","Hund:Tryg/Behandling::If/Super","Liv, død og tap","Liv, død og tap – forsvinning","optional","unknown","Tilgjengelig som tillegg (Hund død) – Inkludert i livsdekningen","Ikke dokumentert i kataloggrunnlaget","full_terms","dyr.liv.forsvinning","SAME_CONCEPT_DIFFERENT_STRUCTURE","CANONICAL_SEMANTICS","LIKELY_SHARED"
"Hund","Hund:Tryg/Behandling::If/Super","Liv, død og tap","Liv, død og tap – valgbar livsforsikringssum","unknown","optional","Ikke dokumentert i kataloggrunnlaget","Tilgjengelig som tillegg (Liv) – Forsikringssum velges og står i forsikringsbeviset","full_terms","dyr.liv.sum.valgbar","CUSTOMER_SPECIFIC_REFERENCE","PRODUCT_MODE_ONLY_PRESENTATION","PRODUCT_MODE_ONLY"
"Hund","Hund:Tryg/Behandling::If/Super","Liv, død og tap","Liv, død og tap – aldersreduksjon starter","unknown","optional","Ikke dokumentert i kataloggrunnlaget","Tilgjengelig som tillegg (Liv) – Startalder varierer etter dokumentert rasegruppe","full_terms","dyr.liv.reduksjon.start","SAME_CONCEPT_DIFFERENT_STRUCTURE","CANONICAL_SEMANTICS","LIKELY_SHARED"
"Hund","Hund:Tryg/Behandling::If/Super","Liv, død og tap","Liv, død og tap – årlig reduksjon","unknown","optional","Ikke dokumentert i kataloggrunnlaget","Tilgjengelig som tillegg (Liv) – 20 % av siste forsikringsårs forsikringssum per fornyelse","full_terms","dyr.liv.reduksjon.sats","SAME_CONCEPT_DIFFERENT_STRUCTURE","CANONICAL_SEMANTICS","LIKELY_SHARED"
"Hund","Hund:If/Super::Tryg/Behandling","Veterinærbehandling","Veterinærbehandling – valgbar forsikringssum","included","included","Valgbar forsikringssum; faktisk valg står i forsikringsbeviset","Kundens valgte sum fremgår av forsikringsbeviset","full_terms","dyr.veterinar.sum.valgbar","CUSTOMER_SPECIFIC_REFERENCE","PRODUCT_MODE_ONLY_PRESENTATION","PRODUCT_MODE_ONLY"
"Hund","Hund:If/Super::Tryg/Behandling","Veterinærbehandling","Veterinærbehandling – valgbar forsikringssum","included","included","Valgbar forsikringssum; faktisk valg står i forsikringsbeviset","Kundens valgte sum fremgår av forsikringsbeviset","ipid","dyr.veterinar.sum.valgbar","CUSTOMER_SPECIFIC_REFERENCE","PRODUCT_MODE_ONLY_PRESENTATION","PRODUCT_MODE_ONLY"
"Hund","Hund:If/Super::Tryg/Behandling","Veterinærbehandling","Veterinærbehandling – fast egenandel","included","included","Valgbar egenandel; faktisk valg står i forsikringsbeviset","Fremgår av forsikringsbeviset","full_terms","dyr.veterinar.egenandel.fast","CUSTOMER_SPECIFIC_REFERENCE","PRODUCT_MODE_ONLY_PRESENTATION","PRODUCT_MODE_ONLY"
"Hund","Hund:If/Super::Tryg/Behandling","Veterinærbehandling","Veterinærbehandling – fast egenandel","included","included","Valgbar egenandel; faktisk valg står i forsikringsbeviset","Fremgår av forsikringsbeviset","ipid","dyr.veterinar.egenandel.fast","CUSTOMER_SPECIFIC_REFERENCE","PRODUCT_MODE_ONLY_PRESENTATION","PRODUCT_MODE_ONLY"
"Hund","Hund:If/Super::Tryg/Behandling","Veterinærbehandling","Veterinærbehandling – overføring av ubrukt forsikringssum","included","unknown","10 000 kr ubrukt sum overføres automatisk; samlet oppspart sum kan ikke overstige det dobbelte av valgt forsikringssum","Ikke dokumentert i kataloggrunnlaget","full_terms","dyr.veterinar.rollover","CUSTOMER_SPECIFIC_REFERENCE","PRODUCT_MODE_ONLY_PRESENTATION","PRODUCT_MODE_ONLY"
"Hund","Hund:If/Super::Tryg/Behandling","Tann","Tannsykdom – grense","unknown","optional","Ikke dokumentert i kataloggrunnlaget","Tilgjengelig som tillegg (Ekstra) – 30 000 kr per sykdom eller ulykkesskade og per forsikringsår","full_terms","dyr.tannsykdom.grense","SAME_CONCEPT_DIFFERENT_STRUCTURE","CANONICAL_SEMANTICS","LIKELY_SHARED"
"Hund","Hund:If/Super::Tryg/Behandling","Rehabilitering","Rehabilitering – grense","unknown","optional","Ikke dokumentert i kataloggrunnlaget","Tilgjengelig som tillegg (Ekstra) – 10 000 kr per sykdom eller ulykkesskade","full_terms","dyr.rehabilitering.grense","SAME_CONCEPT_DIFFERENT_STRUCTURE","CANONICAL_SEMANTICS","LIKELY_SHARED"
"Hund","Hund:If/Super::Tryg/Behandling","Liv, død og tap","Liv, død og tap – valgbar livsforsikringssum","optional","unknown","Tilgjengelig som tillegg (Liv) – Forsikringssum velges og står i forsikringsbeviset","Ikke dokumentert i kataloggrunnlaget","full_terms","dyr.liv.sum.valgbar","CUSTOMER_SPECIFIC_REFERENCE","PRODUCT_MODE_ONLY_PRESENTATION","PRODUCT_MODE_ONLY"
"Hund","Hund:If/Super::Tryg/Behandling","Liv, død og tap","Liv, død og tap – aldersreduksjon starter","optional","unknown","Tilgjengelig som tillegg (Liv) – Startalder varierer etter dokumentert rasegruppe","Ikke dokumentert i kataloggrunnlaget","full_terms","dyr.liv.reduksjon.start","SAME_CONCEPT_DIFFERENT_STRUCTURE","CANONICAL_SEMANTICS","LIKELY_SHARED"
"Hund","Hund:If/Super::Tryg/Behandling","Liv, død og tap","Liv, død og tap – årlig reduksjon","optional","unknown","Tilgjengelig som tillegg (Liv) – 20 % av siste forsikringsårs forsikringssum per fornyelse","Ikke dokumentert i kataloggrunnlaget","full_terms","dyr.liv.reduksjon.sats","SAME_CONCEPT_DIFFERENT_STRUCTURE","CANONICAL_SEMANTICS","LIKELY_SHARED"
"Hund","Hund:If/Super::Tryg/Behandling","Liv, død og tap","Liv, død og tap – forsvinning","unknown","optional","Ikke dokumentert i kataloggrunnlaget","Tilgjengelig som tillegg (Hund død) – Inkludert i livsdekningen","full_terms","dyr.liv.forsvinning","SAME_CONCEPT_DIFFERENT_STRUCTURE","CANONICAL_SEMANTICS","LIKELY_SHARED"
"Hund","Hund:Tryg/Behandling::Gjensidige/Behandling","Veterinærbehandling","Veterinærbehandling – valgbar forsikringssum","included","included","Kundens valgte sum fremgår av forsikringsbeviset","Valgt forsikringssum fremgår av forsikringsbeviset","ipid","dyr.veterinar.sum.valgbar","CUSTOMER_SPECIFIC_REFERENCE","PRODUCT_MODE_ONLY_PRESENTATION","PRODUCT_MODE_ONLY"
"Hund","Hund:Tryg/Behandling::Gjensidige/Behandling","Veterinærbehandling","Veterinærbehandling – valgbar forsikringssum","included","included","Kundens valgte sum fremgår av forsikringsbeviset","Valgt forsikringssum fremgår av forsikringsbeviset","ipid","dyr.veterinar.sum.valgbar","CUSTOMER_SPECIFIC_REFERENCE","PRODUCT_MODE_ONLY_PRESENTATION","PRODUCT_MODE_ONLY"
"Hund","Hund:Tryg/Behandling::Gjensidige/Behandling","Veterinærbehandling","Veterinærbehandling – fast egenandel","included","included","Fremgår av forsikringsbeviset","Fremgår av forsikringsbeviset","ipid","dyr.veterinar.egenandel.fast","CUSTOMER_SPECIFIC_REFERENCE","PRODUCT_MODE_ONLY_PRESENTATION","PRODUCT_MODE_ONLY"
"Hund","Hund:Tryg/Behandling::Gjensidige/Behandling","Veterinærbehandling","Veterinærbehandling – fast egenandel","included","included","Fremgår av forsikringsbeviset","Fremgår av forsikringsbeviset","ipid","dyr.veterinar.egenandel.fast","CUSTOMER_SPECIFIC_REFERENCE","PRODUCT_MODE_ONLY_PRESENTATION","PRODUCT_MODE_ONLY"
"Hund","Hund:Tryg/Behandling::Gjensidige/Behandling","Rehabilitering","Rehabilitering","optional","unknown","Tilgjengelig som tillegg (Ekstra) – Valgfritt tillegg","Ikke dokumentert i kataloggrunnlaget","full_terms","dyr.rehabilitering.dekning","SAME_CONCEPT_DIFFERENT_STRUCTURE","CANONICAL_SEMANTICS","LIKELY_SHARED"
"Hund","Hund:Tryg/Behandling::Gjensidige/Behandling","Liv, død og tap","Liv, død og tap – forsvinning","optional","unknown","Tilgjengelig som tillegg (Hund død) – Inkludert i livsdekningen","Ikke dokumentert i kataloggrunnlaget","full_terms","dyr.liv.forsvinning","SAME_CONCEPT_DIFFERENT_STRUCTURE","CANONICAL_SEMANTICS","LIKELY_SHARED"
"Hund","Hund:Tryg/Behandling::Gjensidige/Behandling","Liv, død og tap","Liv, død og tap – opphørsalder","optional","unknown","Tilgjengelig som tillegg (Hund død) – Kan beholdes til hunden fyller 12 år","Ikke dokumentert i kataloggrunnlaget","full_terms","dyr.liv.opphor","SAME_CONCEPT_DIFFERENT_STRUCTURE","CANONICAL_SEMANTICS","LIKELY_SHARED"
"Hund","Hund:Tryg/Behandling::Storebrand/Veterinær og Dødsfall","Veterinærbehandling","Veterinærbehandling – valgbar forsikringssum","included","included","Kundens valgte sum fremgår av forsikringsbeviset","Valgt forsikringssum per forsikringsår fremgår av forsikringsbeviset","ipid","dyr.veterinar.sum.valgbar","CUSTOMER_SPECIFIC_REFERENCE","PRODUCT_MODE_ONLY_PRESENTATION","PRODUCT_MODE_ONLY"
"Hund","Hund:Tryg/Behandling::Storebrand/Veterinær og Dødsfall","Veterinærbehandling","Veterinærbehandling – valgbar forsikringssum","included","included","Kundens valgte sum fremgår av forsikringsbeviset","Valgt forsikringssum per forsikringsår fremgår av forsikringsbeviset","full_terms","dyr.veterinar.sum.valgbar","CUSTOMER_SPECIFIC_REFERENCE","PRODUCT_MODE_ONLY_PRESENTATION","PRODUCT_MODE_ONLY"
"Hund","Hund:Tryg/Behandling::Storebrand/Veterinær og Dødsfall","Veterinærbehandling","Veterinærbehandling – fast egenandel","included","included","Fremgår av forsikringsbeviset","2 500 kr per skadetilfelle","ipid","dyr.veterinar.egenandel.fast","CUSTOMER_SPECIFIC_REFERENCE","PRODUCT_MODE_ONLY_PRESENTATION","PRODUCT_MODE_ONLY"
"Hund","Hund:Tryg/Behandling::Storebrand/Veterinær og Dødsfall","Liv, død og tap","Liv, død og tap – forsvinning","optional","unknown","Tilgjengelig som tillegg (Hund død) – Inkludert i livsdekningen","Ikke dokumentert i kataloggrunnlaget","full_terms","dyr.liv.forsvinning","SAME_CONCEPT_DIFFERENT_STRUCTURE","CANONICAL_SEMANTICS","LIKELY_SHARED"
"Hund","Hund:Tryg/Behandling::Storebrand/Veterinær og Dødsfall","Liv, død og tap","Liv, død og tap – valgbar livsforsikringssum","unknown","included","Ikke dokumentert i kataloggrunnlaget","Valgt forsikringssum fremgår av forsikringsbeviset","full_terms","dyr.liv.sum.valgbar","CUSTOMER_SPECIFIC_REFERENCE","PRODUCT_MODE_ONLY_PRESENTATION","PRODUCT_MODE_ONLY"
"Hund","Hund:Tryg/Behandling::Storebrand/Veterinær og Dødsfall","Liv, død og tap","Liv, død og tap – aldersreduksjon starter","unknown","included","Ikke dokumentert i kataloggrunnlaget","Fra 8 år","full_terms","dyr.liv.reduksjon.start","SAME_CONCEPT_DIFFERENT_STRUCTURE","CANONICAL_SEMANTICS","LIKELY_SHARED"
"Hund","Hund:Tryg/Behandling::Storebrand/Veterinær og Dødsfall","Liv, død og tap","Liv, død og tap – årlig reduksjon","unknown","included","Ikke dokumentert i kataloggrunnlaget","90 % ved 8 år, 75 % ved 9 år og 60 % ved 10 år","full_terms","dyr.liv.reduksjon.sats","SAME_CONCEPT_DIFFERENT_STRUCTURE","CANONICAL_SEMANTICS","LIKELY_SHARED"
"Hund","Hund:Tryg/Behandling::Fremtind/Veterinær","Veterinærbehandling","Veterinærbehandling – valgbar forsikringssum","included","included","Kundens valgte sum fremgår av forsikringsbeviset","Valgt forsikringssum gjelder per forsikringsår","ipid","dyr.veterinar.sum.valgbar","CUSTOMER_SPECIFIC_REFERENCE","PRODUCT_MODE_ONLY_PRESENTATION","PRODUCT_MODE_ONLY"
"Hund","Hund:Tryg/Behandling::Fremtind/Veterinær","Veterinærbehandling","Veterinærbehandling – valgbar forsikringssum","included","included","Kundens valgte sum fremgår av forsikringsbeviset","Valgt forsikringssum gjelder per forsikringsår","full_terms","dyr.veterinar.sum.valgbar","CUSTOMER_SPECIFIC_REFERENCE","PRODUCT_MODE_ONLY_PRESENTATION","PRODUCT_MODE_ONLY"
"Hund","Hund:Tryg/Behandling::Fremtind/Veterinær","Veterinærbehandling","Veterinærbehandling – fast egenandel","included","included","Fremgår av forsikringsbeviset","Valg mellom 1 300, 2 000 eller 3 500 kr","ipid","dyr.veterinar.egenandel.fast","CUSTOMER_SPECIFIC_REFERENCE","PRODUCT_MODE_ONLY_PRESENTATION","PRODUCT_MODE_ONLY"
"Hund","Hund:Tryg/Behandling::Fremtind/Veterinær","Veterinærbehandling","Veterinærbehandling – egenandelsperiode","unknown","included","Ikke dokumentert i kataloggrunnlaget","135 dager","full_terms","dyr.veterinar.egenandel.periode","SAME_CONCEPT_DIFFERENT_STRUCTURE","CANONICAL_SEMANTICS","LIKELY_SHARED"
"Hund","Hund:Tryg/Behandling::Fremtind/Veterinær","Medisin og diagnostikk","Medisiner","included","unknown","✓ Inkludert – Inkludert","Ikke dokumentert i kataloggrunnlaget","ipid","dyr.medisin.dekning","SAME_CONCEPT_DIFFERENT_STRUCTURE","CANONICAL_SEMANTICS","LIKELY_SHARED"
"Hund","Hund:Tryg/Behandling::Fremtind/Veterinær","Medisin og diagnostikk","Diagnostikk – grense","unknown","included","Ikke dokumentert i kataloggrunnlaget","MR/CT innen valgt forsikringssum","full_terms","dyr.diagnostikk.grense","CUSTOMER_SPECIFIC_REFERENCE","PRODUCT_MODE_ONLY_PRESENTATION","PRODUCT_MODE_ONLY"
"Hund","Hund:Tryg/Behandling::Fremtind/Veterinær","Medisin og diagnostikk","Diagnostikk","unknown","optional","Ikke dokumentert i kataloggrunnlaget","Tilgjengelig som tillegg (Topp veterinærutgifter) – Valgfri utvidelse","full_terms","dyr.diagnostikk.dekning","SAME_CONCEPT_DIFFERENT_STRUCTURE","CANONICAL_SEMANTICS","LIKELY_SHARED"
"Hund","Hund:Tryg/Behandling::Fremtind/Veterinær","Tann","Tannsykdom – grense","optional","unknown","Tilgjengelig som tillegg (Ekstra) – 30 000 kr per sykdom eller ulykkesskade og per forsikringsår","Ikke dokumentert i kataloggrunnlaget","full_terms","dyr.tannsykdom.grense","SAME_CONCEPT_DIFFERENT_STRUCTURE","CANONICAL_SEMANTICS","LIKELY_SHARED"
"Hund","Hund:Tryg/Behandling::Fremtind/Veterinær","Rehabilitering","Rehabilitering – grense","optional","unknown","Tilgjengelig som tillegg (Ekstra) – 10 000 kr per sykdom eller ulykkesskade","Ikke dokumentert i kataloggrunnlaget","full_terms","dyr.rehabilitering.grense","SAME_CONCEPT_DIFFERENT_STRUCTURE","CANONICAL_SEMANTICS","LIKELY_SHARED"
"Hund","Hund:Tryg/Behandling::Fremtind/Veterinær","Liv, død og tap","Liv, død og tap – tyveri","unknown","optional","Ikke dokumentert i kataloggrunnlaget","Tilgjengelig som tillegg (Død, tap og tyveri) – Inkludert når livsdekningen er valgt","full_terms","dyr.liv.tyveri","SAME_CONCEPT_DIFFERENT_STRUCTURE","CANONICAL_SEMANTICS","LIKELY_SHARED"
"Hund","Hund:Tryg/Behandling::Fremtind/Veterinær","Liv, død og tap","Liv, død og tap – aldersreduksjon starter","unknown","optional","Ikke dokumentert i kataloggrunnlaget","Tilgjengelig som tillegg (Død, tap og tyveri) – 5 eller 7 år, avhengig av dokumentert rasegruppe","full_terms","dyr.liv.reduksjon.start","SAME_CONCEPT_DIFFERENT_STRUCTURE","CANONICAL_SEMANTICS","LIKELY_SHARED"
"Hund","Hund:Tryg/Behandling::Fremtind/Veterinær","Liv, død og tap","Liv, død og tap – årlig reduksjon","unknown","optional","Ikke dokumentert i kataloggrunnlaget","Tilgjengelig som tillegg (Død, tap og tyveri) – 20 % per år","full_terms","dyr.liv.reduksjon.sats","SAME_CONCEPT_DIFFERENT_STRUCTURE","CANONICAL_SEMANTICS","LIKELY_SHARED"
"Hund","Hund:Tryg/Behandling::Frende/Veterinær","Veterinærbehandling","Veterinærbehandling – valgbar forsikringssum","included","included","Kundens valgte sum fremgår av forsikringsbeviset","Per skadetilfelle og samlet per forsikringsår; faktisk sum står i forsikringsbeviset","ipid","dyr.veterinar.sum.valgbar","CUSTOMER_SPECIFIC_REFERENCE","PRODUCT_MODE_ONLY_PRESENTATION","PRODUCT_MODE_ONLY"
"Hund","Hund:Tryg/Behandling::Frende/Veterinær","Veterinærbehandling","Veterinærbehandling – valgbar forsikringssum","included","included","Kundens valgte sum fremgår av forsikringsbeviset","Per skadetilfelle og samlet per forsikringsår; faktisk sum står i forsikringsbeviset","full_terms","dyr.veterinar.sum.valgbar","CUSTOMER_SPECIFIC_REFERENCE","PRODUCT_MODE_ONLY_PRESENTATION","PRODUCT_MODE_ONLY"
"Hund","Hund:Tryg/Behandling::Frende/Veterinær","Veterinærbehandling","Veterinærbehandling – fast egenandel","included","included","Fremgår av forsikringsbeviset","Minst 1 000 kr per skadetilfelle","ipid","dyr.veterinar.egenandel.fast","CUSTOMER_SPECIFIC_REFERENCE","PRODUCT_MODE_ONLY_PRESENTATION","PRODUCT_MODE_ONLY"
"Hund","Hund:Tryg/Behandling::Frende/Veterinær","Veterinærbehandling","Veterinærbehandling – prosentandel","unknown","included","Ikke dokumentert i kataloggrunnlaget","25 % av skaden","full_terms","dyr.veterinar.egenandel.prosent","SAME_CONCEPT_DIFFERENT_STRUCTURE","CANONICAL_SEMANTICS","LIKELY_SHARED"
"Hund","Hund:Tryg/Behandling::Frende/Veterinær","Medisin og diagnostikk","Medisiner","included","optional","✓ Inkludert – Inkludert","Tilgjengelig som tillegg (Medisin) – Valgfri dekning når oppført i forsikringsbeviset","full_terms","dyr.medisin.dekning","CUSTOMER_SPECIFIC_REFERENCE","PRODUCT_MODE_ONLY_PRESENTATION","PRODUCT_MODE_ONLY"
"Hund","Hund:Tryg/Behandling::Frende/Veterinær","Tann","Tannsykdom","optional","optional","Tilgjengelig som tillegg (Ekstra) – Valgfritt tillegg","Tilgjengelig som tillegg (Tann) – Valgfri dekning når oppført i forsikringsbeviset","full_terms","dyr.tannsykdom.dekning","CUSTOMER_SPECIFIC_REFERENCE","PRODUCT_MODE_ONLY_PRESENTATION","PRODUCT_MODE_ONLY"
"Hund","Hund:Tryg/Behandling::Frende/Veterinær","Liv, død og tap","Liv, død og tap","optional","optional","Tilgjengelig som tillegg (Hund død) – Valgfri separat dekning","Tilgjengelig som tillegg (Tap) – Valgfri dekning når oppført i forsikringsbeviset","full_terms","dyr.liv.dekning","CUSTOMER_SPECIFIC_REFERENCE","PRODUCT_MODE_ONLY_PRESENTATION","PRODUCT_MODE_ONLY"
"Hund","Hund:If/Super::Frende/Veterinær","Veterinærbehandling","Veterinærbehandling – valgbar forsikringssum","included","included","Valgbar forsikringssum; faktisk valg står i forsikringsbeviset","Per skadetilfelle og samlet per forsikringsår; faktisk sum står i forsikringsbeviset","full_terms","dyr.veterinar.sum.valgbar","CUSTOMER_SPECIFIC_REFERENCE","PRODUCT_MODE_ONLY_PRESENTATION","PRODUCT_MODE_ONLY"
"Hund","Hund:If/Super::Frende/Veterinær","Veterinærbehandling","Veterinærbehandling – valgbar forsikringssum","included","included","Valgbar forsikringssum; faktisk valg står i forsikringsbeviset","Per skadetilfelle og samlet per forsikringsår; faktisk sum står i forsikringsbeviset","full_terms","dyr.veterinar.sum.valgbar","CUSTOMER_SPECIFIC_REFERENCE","PRODUCT_MODE_ONLY_PRESENTATION","PRODUCT_MODE_ONLY"
"Hund","Hund:If/Super::Frende/Veterinær","Veterinærbehandling","Veterinærbehandling – fast egenandel","included","included","Valgbar egenandel; faktisk valg står i forsikringsbeviset","Minst 1 000 kr per skadetilfelle","full_terms","dyr.veterinar.egenandel.fast","CUSTOMER_SPECIFIC_REFERENCE","PRODUCT_MODE_ONLY_PRESENTATION","PRODUCT_MODE_ONLY"
"Hund","Hund:If/Super::Frende/Veterinær","Veterinærbehandling","Veterinærbehandling – overføring av ubrukt forsikringssum","included","unknown","10 000 kr ubrukt sum overføres automatisk; samlet oppspart sum kan ikke overstige det dobbelte av valgt forsikringssum","Ikke dokumentert i kataloggrunnlaget","full_terms","dyr.veterinar.rollover","CUSTOMER_SPECIFIC_REFERENCE","PRODUCT_MODE_ONLY_PRESENTATION","PRODUCT_MODE_ONLY"
"Hund","Hund:If/Super::Frende/Veterinær","Veterinærbehandling","Veterinærbehandling – prosentandel","unknown","included","Ikke dokumentert i kataloggrunnlaget","25 % av skaden","full_terms","dyr.veterinar.egenandel.prosent","SAME_CONCEPT_DIFFERENT_STRUCTURE","CANONICAL_SEMANTICS","LIKELY_SHARED"
"Hund","Hund:If/Super::Frende/Veterinær","Medisin og diagnostikk","Medisiner","included","optional","✓ Inkludert – Inkludert","Tilgjengelig som tillegg (Medisin) – Valgfri dekning når oppført i forsikringsbeviset","full_terms","dyr.medisin.dekning","CUSTOMER_SPECIFIC_REFERENCE","PRODUCT_MODE_ONLY_PRESENTATION","PRODUCT_MODE_ONLY"
"Hund","Hund:If/Super::Frende/Veterinær","Tann","Tannsykdom","included","optional","✓ Inkludert – Inkludert innen valgt veterinærsum","Tilgjengelig som tillegg (Tann) – Valgfri dekning når oppført i forsikringsbeviset","full_terms","dyr.tannsykdom.dekning","CUSTOMER_SPECIFIC_REFERENCE","PRODUCT_MODE_ONLY_PRESENTATION","PRODUCT_MODE_ONLY"
"Hund","Hund:If/Super::Frende/Veterinær","Tann","Tannsykdom – grense","unknown","optional","Ikke dokumentert i kataloggrunnlaget","Tilgjengelig som tillegg (Tann) – Inntil 20 000 kr per skadetilfelle og forsikringsår","full_terms","dyr.tannsykdom.grense","SAME_CONCEPT_DIFFERENT_STRUCTURE","CANONICAL_SEMANTICS","LIKELY_SHARED"
"Hund","Hund:If/Super::Frende/Veterinær","Allergi, sykdom og fødsel","Allergi og atopi","included","unknown","✓ Inkludert – Inkludert innen valgt veterinærsum","Ikke dokumentert i kataloggrunnlaget","full_terms","dyr.allergi.dekning","SAME_CONCEPT_DIFFERENT_STRUCTURE","CANONICAL_SEMANTICS","LIKELY_SHARED"
"Hund","Hund:If/Super::Frende/Veterinær","Allergi, sykdom og fødsel","Allergi og atopi – grense","unknown","included","Ikke dokumentert i kataloggrunnlaget","Inntil 15 000 kr","full_terms","dyr.allergi.grense","SAME_CONCEPT_DIFFERENT_STRUCTURE","CANONICAL_SEMANTICS","LIKELY_SHARED"
"Hund","Hund:If/Super::Frende/Veterinær","Liv, død og tap","Liv, død og tap","optional","optional","Tilgjengelig som tillegg (Liv) – Valgfri separat dekning","Tilgjengelig som tillegg (Tap) – Valgfri dekning når oppført i forsikringsbeviset","full_terms","dyr.liv.dekning","CUSTOMER_SPECIFIC_REFERENCE","PRODUCT_MODE_ONLY_PRESENTATION","PRODUCT_MODE_ONLY"
"Hund","Hund:If/Super::Frende/Veterinær","Liv, død og tap","Liv, død og tap – valgbar livsforsikringssum","optional","unknown","Tilgjengelig som tillegg (Liv) – Forsikringssum velges og står i forsikringsbeviset","Ikke dokumentert i kataloggrunnlaget","full_terms","dyr.liv.sum.valgbar","CUSTOMER_SPECIFIC_REFERENCE","PRODUCT_MODE_ONLY_PRESENTATION","PRODUCT_MODE_ONLY"
"Hund","Hund:If/Super::Frende/Veterinær","Liv, død og tap","Liv, død og tap – aldersreduksjon starter","optional","unknown","Tilgjengelig som tillegg (Liv) – Startalder varierer etter dokumentert rasegruppe","Ikke dokumentert i kataloggrunnlaget","full_terms","dyr.liv.reduksjon.start","SAME_CONCEPT_DIFFERENT_STRUCTURE","CANONICAL_SEMANTICS","LIKELY_SHARED"
"Hund","Hund:If/Super::Frende/Veterinær","Liv, død og tap","Liv, død og tap – årlig reduksjon","optional","unknown","Tilgjengelig som tillegg (Liv) – 20 % av siste forsikringsårs forsikringssum per fornyelse","Ikke dokumentert i kataloggrunnlaget","full_terms","dyr.liv.reduksjon.sats","SAME_CONCEPT_DIFFERENT_STRUCTURE","CANONICAL_SEMANTICS","LIKELY_SHARED"
"Hund","Hund:If/Super::Frende/Veterinær","Liv, død og tap","Liv, død og tap – forsvinning","unknown","optional","Ikke dokumentert i kataloggrunnlaget","Tilgjengelig som tillegg (Tap) – Inkludert i valgt Tap-dekning","full_terms","dyr.liv.forsvinning","SAME_CONCEPT_DIFFERENT_STRUCTURE","CANONICAL_SEMANTICS","LIKELY_SHARED"
"Hund","Hund:Gjensidige/Behandling::Storebrand/Veterinær og Dødsfall","Veterinærbehandling","Veterinærbehandling – valgbar forsikringssum","included","included","Valgt forsikringssum fremgår av forsikringsbeviset","Valgt forsikringssum per forsikringsår fremgår av forsikringsbeviset","ipid","dyr.veterinar.sum.valgbar","CUSTOMER_SPECIFIC_REFERENCE","PRODUCT_MODE_ONLY_PRESENTATION","PRODUCT_MODE_ONLY"
"Hund","Hund:Gjensidige/Behandling::Storebrand/Veterinær og Dødsfall","Veterinærbehandling","Veterinærbehandling – valgbar forsikringssum","included","included","Valgt forsikringssum fremgår av forsikringsbeviset","Valgt forsikringssum per forsikringsår fremgår av forsikringsbeviset","full_terms","dyr.veterinar.sum.valgbar","CUSTOMER_SPECIFIC_REFERENCE","PRODUCT_MODE_ONLY_PRESENTATION","PRODUCT_MODE_ONLY"
"Hund","Hund:Gjensidige/Behandling::Storebrand/Veterinær og Dødsfall","Veterinærbehandling","Veterinærbehandling – fast egenandel","included","included","Fremgår av forsikringsbeviset","2 500 kr per skadetilfelle","ipid","dyr.veterinar.egenandel.fast","CUSTOMER_SPECIFIC_REFERENCE","PRODUCT_MODE_ONLY_PRESENTATION","PRODUCT_MODE_ONLY"
"Hund","Hund:Gjensidige/Behandling::Storebrand/Veterinær og Dødsfall","Liv, død og tap","Liv, død og tap – valgbar livsforsikringssum","unknown","included","Ikke dokumentert i kataloggrunnlaget","Valgt forsikringssum fremgår av forsikringsbeviset","full_terms","dyr.liv.sum.valgbar","CUSTOMER_SPECIFIC_REFERENCE","PRODUCT_MODE_ONLY_PRESENTATION","PRODUCT_MODE_ONLY"
"Hund","Hund:Gjensidige/Behandling::Storebrand/Veterinær og Dødsfall","Liv, død og tap","Liv, død og tap – aldersreduksjon starter","unknown","included","Ikke dokumentert i kataloggrunnlaget","Fra 8 år","full_terms","dyr.liv.reduksjon.start","SAME_CONCEPT_DIFFERENT_STRUCTURE","CANONICAL_SEMANTICS","LIKELY_SHARED"
"Hund","Hund:Gjensidige/Behandling::Storebrand/Veterinær og Dødsfall","Liv, død og tap","Liv, død og tap – årlig reduksjon","unknown","included","Ikke dokumentert i kataloggrunnlaget","90 % ved 8 år, 75 % ved 9 år og 60 % ved 10 år","full_terms","dyr.liv.reduksjon.sats","SAME_CONCEPT_DIFFERENT_STRUCTURE","CANONICAL_SEMANTICS","LIKELY_SHARED"
"Hund","Hund:Gjensidige/Behandling::Storebrand/Veterinær og Dødsfall","Liv, død og tap","Liv, død og tap – opphørsalder","unknown","included","Ikke dokumentert i kataloggrunnlaget","Første forfall etter fylte 10 år","full_terms","dyr.liv.opphor","SAME_CONCEPT_DIFFERENT_STRUCTURE","CANONICAL_SEMANTICS","LIKELY_SHARED"
"Hund","Hund:Gjensidige/Behandling::Storebrand/Veterinær og Dødsfall","Bruksverdi","Bruksverdi – grense","unknown","included","Ikke dokumentert i kataloggrunnlaget","Maksimalt 50 % av hundens forsikringssum for død","full_terms","hund.bruksverdi.grense","SAME_CONCEPT_DIFFERENT_STRUCTURE","CANONICAL_SEMANTICS","LIKELY_SHARED"
"Hund","Hund:Fremtind/Veterinær::If/Super","Veterinærbehandling","Veterinærbehandling – valgbar forsikringssum","included","included","Valgt forsikringssum gjelder per forsikringsår","Valgbar forsikringssum; faktisk valg står i forsikringsbeviset","full_terms","dyr.veterinar.sum.valgbar","CUSTOMER_SPECIFIC_REFERENCE","PRODUCT_MODE_ONLY_PRESENTATION","PRODUCT_MODE_ONLY"
"Hund","Hund:Fremtind/Veterinær::If/Super","Veterinærbehandling","Veterinærbehandling – valgbar forsikringssum","included","included","Valgt forsikringssum gjelder per forsikringsår","Valgbar forsikringssum; faktisk valg står i forsikringsbeviset","full_terms","dyr.veterinar.sum.valgbar","CUSTOMER_SPECIFIC_REFERENCE","PRODUCT_MODE_ONLY_PRESENTATION","PRODUCT_MODE_ONLY"
"Hund","Hund:Fremtind/Veterinær::If/Super","Veterinærbehandling","Veterinærbehandling – fast egenandel","included","included","Valg mellom 1 300, 2 000 eller 3 500 kr","Valgbar egenandel; faktisk valg står i forsikringsbeviset","full_terms","dyr.veterinar.egenandel.fast","CUSTOMER_SPECIFIC_REFERENCE","PRODUCT_MODE_ONLY_PRESENTATION","PRODUCT_MODE_ONLY"
"Hund","Hund:Fremtind/Veterinær::If/Super","Veterinærbehandling","Veterinærbehandling – egenandelsperiode","included","unknown","135 dager","Ikke dokumentert i kataloggrunnlaget","full_terms","dyr.veterinar.egenandel.periode","SAME_CONCEPT_DIFFERENT_STRUCTURE","CANONICAL_SEMANTICS","LIKELY_SHARED"
"Hund","Hund:Fremtind/Veterinær::If/Super","Veterinærbehandling","Veterinærbehandling – overføring av ubrukt forsikringssum","unknown","included","Ikke dokumentert i kataloggrunnlaget","10 000 kr ubrukt sum overføres automatisk; samlet oppspart sum kan ikke overstige det dobbelte av valgt forsikringssum","full_terms","dyr.veterinar.rollover","CUSTOMER_SPECIFIC_REFERENCE","PRODUCT_MODE_ONLY_PRESENTATION","PRODUCT_MODE_ONLY"
"Hund","Hund:Fremtind/Veterinær::If/Super","Medisin og diagnostikk","Diagnostikk – grense","included","unknown","MR/CT innen valgt forsikringssum","Ikke dokumentert i kataloggrunnlaget","full_terms","dyr.diagnostikk.grense","CUSTOMER_SPECIFIC_REFERENCE","PRODUCT_MODE_ONLY_PRESENTATION","PRODUCT_MODE_ONLY"
"Hund","Hund:Fremtind/Veterinær::If/Super","Medisin og diagnostikk","Diagnostikk","optional","unknown","Tilgjengelig som tillegg (Topp veterinærutgifter) – Valgfri utvidelse","Ikke dokumentert i kataloggrunnlaget","full_terms","dyr.diagnostikk.dekning","SAME_CONCEPT_DIFFERENT_STRUCTURE","CANONICAL_SEMANTICS","LIKELY_SHARED"
"Hund","Hund:Fremtind/Veterinær::If/Super","Medisin og diagnostikk","Medisiner","unknown","included","Ikke dokumentert i kataloggrunnlaget","✓ Inkludert – Inkludert","full_terms","dyr.medisin.dekning","SAME_CONCEPT_DIFFERENT_STRUCTURE","CANONICAL_SEMANTICS","LIKELY_SHARED"
"Hund","Hund:Fremtind/Veterinær::If/Super","Liv, død og tap","Liv, død og tap – forsvinning","optional","unknown","Tilgjengelig som tillegg (Død, tap og tyveri) – Inkludert når livsdekningen er valgt","Ikke dokumentert i kataloggrunnlaget","full_terms","dyr.liv.forsvinning","SAME_CONCEPT_DIFFERENT_STRUCTURE","CANONICAL_SEMANTICS","LIKELY_SHARED"
"Hund","Hund:Fremtind/Veterinær::If/Super","Liv, død og tap","Liv, død og tap – tyveri","optional","unknown","Tilgjengelig som tillegg (Død, tap og tyveri) – Inkludert når livsdekningen er valgt","Ikke dokumentert i kataloggrunnlaget","full_terms","dyr.liv.tyveri","SAME_CONCEPT_DIFFERENT_STRUCTURE","CANONICAL_SEMANTICS","LIKELY_SHARED"
"Hund","Hund:Fremtind/Veterinær::If/Super","Liv, død og tap","Liv, død og tap – valgbar livsforsikringssum","unknown","optional","Ikke dokumentert i kataloggrunnlaget","Tilgjengelig som tillegg (Liv) – Forsikringssum velges og står i forsikringsbeviset","full_terms","dyr.liv.sum.valgbar","CUSTOMER_SPECIFIC_REFERENCE","PRODUCT_MODE_ONLY_PRESENTATION","PRODUCT_MODE_ONLY"
"Hund","Hund:If/Basis::If/Super","Veterinærbehandling","Veterinærbehandling – valgbar forsikringssum","included","included","Valgbar forsikringssum; faktisk valg står i forsikringsbeviset","Valgbar forsikringssum; faktisk valg står i forsikringsbeviset","full_terms","dyr.veterinar.sum.valgbar","CUSTOMER_SPECIFIC_REFERENCE","PRODUCT_MODE_ONLY_PRESENTATION","PRODUCT_MODE_ONLY"
"Hund","Hund:If/Basis::If/Super","Veterinærbehandling","Veterinærbehandling – valgbar forsikringssum","included","included","Valgbar forsikringssum; faktisk valg står i forsikringsbeviset","Valgbar forsikringssum; faktisk valg står i forsikringsbeviset","full_terms","dyr.veterinar.sum.valgbar","CUSTOMER_SPECIFIC_REFERENCE","PRODUCT_MODE_ONLY_PRESENTATION","PRODUCT_MODE_ONLY"
"Hund","Hund:If/Basis::If/Super","Veterinærbehandling","Veterinærbehandling – fast egenandel","included","included","Valgbar egenandel; faktisk valg står i forsikringsbeviset","Valgbar egenandel; faktisk valg står i forsikringsbeviset","full_terms","dyr.veterinar.egenandel.fast","CUSTOMER_SPECIFIC_REFERENCE","PRODUCT_MODE_ONLY_PRESENTATION","PRODUCT_MODE_ONLY"
"Hund","Hund:If/Basis::If/Super","Veterinærbehandling","Veterinærbehandling – fast egenandel","included","included","Valgbar egenandel; faktisk valg står i forsikringsbeviset","Valgbar egenandel; faktisk valg står i forsikringsbeviset","full_terms","dyr.veterinar.egenandel.fast","CUSTOMER_SPECIFIC_REFERENCE","PRODUCT_MODE_ONLY_PRESENTATION","PRODUCT_MODE_ONLY"
"Hund","Hund:If/Basis::If/Super","Veterinærbehandling","Veterinærbehandling – overføring av ubrukt forsikringssum","unknown","included","Ikke dokumentert i kataloggrunnlaget","10 000 kr ubrukt sum overføres automatisk; samlet oppspart sum kan ikke overstige det dobbelte av valgt forsikringssum","full_terms","dyr.veterinar.rollover","CUSTOMER_SPECIFIC_REFERENCE","PRODUCT_MODE_ONLY_PRESENTATION","PRODUCT_MODE_ONLY"
"Hund","Hund:If/Basis::If/Super","Liv, død og tap","Liv, død og tap – valgbar livsforsikringssum","optional","optional","Tilgjengelig som tillegg (Liv) – Forsikringssum velges og står i forsikringsbeviset","Tilgjengelig som tillegg (Liv) – Forsikringssum velges og står i forsikringsbeviset","full_terms","dyr.liv.sum.valgbar","CUSTOMER_SPECIFIC_REFERENCE","PRODUCT_MODE_ONLY_PRESENTATION","PRODUCT_MODE_ONLY"
"Hund","Hund:If/Basis::If/Super","Liv, død og tap","Liv, død og tap – valgbar livsforsikringssum","optional","optional","Tilgjengelig som tillegg (Liv) – Forsikringssum velges og står i forsikringsbeviset","Tilgjengelig som tillegg (Liv) – Forsikringssum velges og står i forsikringsbeviset","full_terms","dyr.liv.sum.valgbar","CUSTOMER_SPECIFIC_REFERENCE","PRODUCT_MODE_ONLY_PRESENTATION","PRODUCT_MODE_ONLY"
"Hund","Hund:Storebrand/Veterinær::Storebrand/Veterinær og Dødsfall","Veterinærbehandling","Veterinærbehandling – valgbar forsikringssum","included","included","Valgt forsikringssum per forsikringsår fremgår av forsikringsbeviset","Valgt forsikringssum per forsikringsår fremgår av forsikringsbeviset","full_terms","dyr.veterinar.sum.valgbar","CUSTOMER_SPECIFIC_REFERENCE","PRODUCT_MODE_ONLY_PRESENTATION","PRODUCT_MODE_ONLY"
"Hund","Hund:Storebrand/Veterinær::Storebrand/Veterinær og Dødsfall","Veterinærbehandling","Veterinærbehandling – valgbar forsikringssum","included","included","Valgt forsikringssum per forsikringsår fremgår av forsikringsbeviset","Valgt forsikringssum per forsikringsår fremgår av forsikringsbeviset","full_terms","dyr.veterinar.sum.valgbar","CUSTOMER_SPECIFIC_REFERENCE","PRODUCT_MODE_ONLY_PRESENTATION","PRODUCT_MODE_ONLY"
"Hund","Hund:Storebrand/Veterinær::Storebrand/Veterinær og Dødsfall","Liv, død og tap","Liv, død og tap – valgbar livsforsikringssum","unknown","included","Ikke dokumentert i kataloggrunnlaget","Valgt forsikringssum fremgår av forsikringsbeviset","full_terms","dyr.liv.sum.valgbar","CUSTOMER_SPECIFIC_REFERENCE","PRODUCT_MODE_ONLY_PRESENTATION","PRODUCT_MODE_ONLY"
"Hund","Hund:Tryg/Behandling::Tryg/Behandling","Veterinærbehandling","Veterinærbehandling – valgbar forsikringssum","included","included","Kundens valgte sum fremgår av forsikringsbeviset","Kundens valgte sum fremgår av forsikringsbeviset","ipid","dyr.veterinar.sum.valgbar","CUSTOMER_SPECIFIC_REFERENCE","PRODUCT_MODE_ONLY_PRESENTATION","PRODUCT_MODE_ONLY"
"Hund","Hund:Tryg/Behandling::Tryg/Behandling","Veterinærbehandling","Veterinærbehandling – valgbar forsikringssum","included","included","Kundens valgte sum fremgår av forsikringsbeviset","Kundens valgte sum fremgår av forsikringsbeviset","ipid","dyr.veterinar.sum.valgbar","CUSTOMER_SPECIFIC_REFERENCE","PRODUCT_MODE_ONLY_PRESENTATION","PRODUCT_MODE_ONLY"
"Hund","Hund:Tryg/Behandling::Tryg/Behandling","Veterinærbehandling","Veterinærbehandling – fast egenandel","included","included","Fremgår av forsikringsbeviset","Fremgår av forsikringsbeviset","ipid","dyr.veterinar.egenandel.fast","CUSTOMER_SPECIFIC_REFERENCE","PRODUCT_MODE_ONLY_PRESENTATION","PRODUCT_MODE_ONLY"
"Hund","Hund:Tryg/Behandling::Tryg/Behandling","Veterinærbehandling","Veterinærbehandling – fast egenandel","included","included","Fremgår av forsikringsbeviset","Fremgår av forsikringsbeviset","ipid","dyr.veterinar.egenandel.fast","CUSTOMER_SPECIFIC_REFERENCE","PRODUCT_MODE_ONLY_PRESENTATION","PRODUCT_MODE_ONLY"
"Katt","Katt:Tryg/Behandling::If/Super","Veterinærbehandling","Veterinærbehandling – valgbar forsikringssum","included","included","Kundens valgte sum fremgår av forsikringsbeviset","Valgbar forsikringssum; faktisk valg står i forsikringsbeviset","ipid","dyr.veterinar.sum.valgbar","CUSTOMER_SPECIFIC_REFERENCE","PRODUCT_MODE_ONLY_PRESENTATION","PRODUCT_MODE_ONLY"
"Katt","Katt:Tryg/Behandling::If/Super","Veterinærbehandling","Veterinærbehandling – valgbar forsikringssum","included","included","Kundens valgte sum fremgår av forsikringsbeviset","Valgbar forsikringssum; faktisk valg står i forsikringsbeviset","full_terms","dyr.veterinar.sum.valgbar","CUSTOMER_SPECIFIC_REFERENCE","PRODUCT_MODE_ONLY_PRESENTATION","PRODUCT_MODE_ONLY"
"Katt","Katt:Tryg/Behandling::If/Super","Veterinærbehandling","Veterinærbehandling – fast egenandel","included","included","Fremgår av forsikringsbeviset","Valgbar egenandel; faktisk valg står i forsikringsbeviset","ipid","dyr.veterinar.egenandel.fast","CUSTOMER_SPECIFIC_REFERENCE","PRODUCT_MODE_ONLY_PRESENTATION","PRODUCT_MODE_ONLY"
"Katt","Katt:Tryg/Behandling::If/Super","Veterinærbehandling","Veterinærbehandling – fast egenandel","included","included","Fremgår av forsikringsbeviset","Valgbar egenandel; faktisk valg står i forsikringsbeviset","full_terms","dyr.veterinar.egenandel.fast","CUSTOMER_SPECIFIC_REFERENCE","PRODUCT_MODE_ONLY_PRESENTATION","PRODUCT_MODE_ONLY"
"Katt","Katt:Tryg/Behandling::If/Super","Veterinærbehandling","Veterinærbehandling – overføring av ubrukt forsikringssum","unknown","included","Ikke dokumentert i kataloggrunnlaget","10 000 kr ubrukt sum overføres automatisk; samlet oppspart sum kan ikke overstige det dobbelte av valgt forsikringssum","full_terms","dyr.veterinar.rollover","CUSTOMER_SPECIFIC_REFERENCE","PRODUCT_MODE_ONLY_PRESENTATION","PRODUCT_MODE_ONLY"
"Katt","Katt:Tryg/Behandling::If/Super","Tann","Tannsykdom – grense","optional","unknown","Tilgjengelig som tillegg (Ekstra) – 30 000 kr per sykdom eller ulykkesskade og per forsikringsår","Ikke dokumentert i kataloggrunnlaget","full_terms","dyr.tannsykdom.grense","SAME_CONCEPT_DIFFERENT_STRUCTURE","CANONICAL_SEMANTICS","LIKELY_SHARED"
"Katt","Katt:Tryg/Behandling::If/Super","Rehabilitering","Rehabilitering – grense","optional","unknown","Tilgjengelig som tillegg (Ekstra) – 10 000 kr per sykdom eller ulykkesskade","Ikke dokumentert i kataloggrunnlaget","full_terms","dyr.rehabilitering.grense","SAME_CONCEPT_DIFFERENT_STRUCTURE","CANONICAL_SEMANTICS","LIKELY_SHARED"
"Katt","Katt:Tryg/Behandling::If/Super","Liv, død og tap","Liv, død og tap – forsvinning","optional","unknown","Tilgjengelig som tillegg (Rasekatt død) – Inkludert i livsdekningen","Ikke dokumentert i kataloggrunnlaget","full_terms","dyr.liv.forsvinning","SAME_CONCEPT_DIFFERENT_STRUCTURE","CANONICAL_SEMANTICS","LIKELY_SHARED"
"Katt","Katt:Tryg/Behandling::If/Super","Liv, død og tap","Liv, død og tap – valgbar livsforsikringssum","unknown","optional","Ikke dokumentert i kataloggrunnlaget","Tilgjengelig som tillegg (Liv) – Forsikringssum velges og står i forsikringsbeviset","full_terms","dyr.liv.sum.valgbar","CUSTOMER_SPECIFIC_REFERENCE","PRODUCT_MODE_ONLY_PRESENTATION","PRODUCT_MODE_ONLY"
"Katt","Katt:Tryg/Behandling::If/Super","Liv, død og tap","Liv, død og tap – aldersreduksjon starter","unknown","optional","Ikke dokumentert i kataloggrunnlaget","Tilgjengelig som tillegg (Liv) – Fra 10 år","full_terms","dyr.liv.reduksjon.start","SAME_CONCEPT_DIFFERENT_STRUCTURE","CANONICAL_SEMANTICS","LIKELY_SHARED"
"Katt","Katt:Tryg/Behandling::If/Super","Liv, død og tap","Liv, død og tap – årlig reduksjon","unknown","optional","Ikke dokumentert i kataloggrunnlaget","Tilgjengelig som tillegg (Liv) – 20 % av siste forsikringsårs forsikringssum per fornyelse","full_terms","dyr.liv.reduksjon.sats","SAME_CONCEPT_DIFFERENT_STRUCTURE","CANONICAL_SEMANTICS","LIKELY_SHARED"
"Katt","Katt:If/Super::Tryg/Behandling","Veterinærbehandling","Veterinærbehandling – valgbar forsikringssum","included","included","Valgbar forsikringssum; faktisk valg står i forsikringsbeviset","Kundens valgte sum fremgår av forsikringsbeviset","full_terms","dyr.veterinar.sum.valgbar","CUSTOMER_SPECIFIC_REFERENCE","PRODUCT_MODE_ONLY_PRESENTATION","PRODUCT_MODE_ONLY"
"Katt","Katt:If/Super::Tryg/Behandling","Veterinærbehandling","Veterinærbehandling – valgbar forsikringssum","included","included","Valgbar forsikringssum; faktisk valg står i forsikringsbeviset","Kundens valgte sum fremgår av forsikringsbeviset","ipid","dyr.veterinar.sum.valgbar","CUSTOMER_SPECIFIC_REFERENCE","PRODUCT_MODE_ONLY_PRESENTATION","PRODUCT_MODE_ONLY"
"Katt","Katt:If/Super::Tryg/Behandling","Veterinærbehandling","Veterinærbehandling – fast egenandel","included","included","Valgbar egenandel; faktisk valg står i forsikringsbeviset","Fremgår av forsikringsbeviset","full_terms","dyr.veterinar.egenandel.fast","CUSTOMER_SPECIFIC_REFERENCE","PRODUCT_MODE_ONLY_PRESENTATION","PRODUCT_MODE_ONLY"
"Katt","Katt:If/Super::Tryg/Behandling","Veterinærbehandling","Veterinærbehandling – fast egenandel","included","included","Valgbar egenandel; faktisk valg står i forsikringsbeviset","Fremgår av forsikringsbeviset","ipid","dyr.veterinar.egenandel.fast","CUSTOMER_SPECIFIC_REFERENCE","PRODUCT_MODE_ONLY_PRESENTATION","PRODUCT_MODE_ONLY"
"Katt","Katt:If/Super::Tryg/Behandling","Veterinærbehandling","Veterinærbehandling – overføring av ubrukt forsikringssum","included","unknown","10 000 kr ubrukt sum overføres automatisk; samlet oppspart sum kan ikke overstige det dobbelte av valgt forsikringssum","Ikke dokumentert i kataloggrunnlaget","full_terms","dyr.veterinar.rollover","CUSTOMER_SPECIFIC_REFERENCE","PRODUCT_MODE_ONLY_PRESENTATION","PRODUCT_MODE_ONLY"
"Katt","Katt:If/Super::Tryg/Behandling","Tann","Tannsykdom – grense","unknown","optional","Ikke dokumentert i kataloggrunnlaget","Tilgjengelig som tillegg (Ekstra) – 30 000 kr per sykdom eller ulykkesskade og per forsikringsår","full_terms","dyr.tannsykdom.grense","SAME_CONCEPT_DIFFERENT_STRUCTURE","CANONICAL_SEMANTICS","LIKELY_SHARED"
"Katt","Katt:If/Super::Tryg/Behandling","Rehabilitering","Rehabilitering – grense","unknown","optional","Ikke dokumentert i kataloggrunnlaget","Tilgjengelig som tillegg (Ekstra) – 10 000 kr per sykdom eller ulykkesskade","full_terms","dyr.rehabilitering.grense","SAME_CONCEPT_DIFFERENT_STRUCTURE","CANONICAL_SEMANTICS","LIKELY_SHARED"
"Katt","Katt:If/Super::Tryg/Behandling","Liv, død og tap","Liv, død og tap – valgbar livsforsikringssum","optional","unknown","Tilgjengelig som tillegg (Liv) – Forsikringssum velges og står i forsikringsbeviset","Ikke dokumentert i kataloggrunnlaget","full_terms","dyr.liv.sum.valgbar","CUSTOMER_SPECIFIC_REFERENCE","PRODUCT_MODE_ONLY_PRESENTATION","PRODUCT_MODE_ONLY"
"Katt","Katt:If/Super::Tryg/Behandling","Liv, død og tap","Liv, død og tap – aldersreduksjon starter","optional","unknown","Tilgjengelig som tillegg (Liv) – Fra 10 år","Ikke dokumentert i kataloggrunnlaget","full_terms","dyr.liv.reduksjon.start","SAME_CONCEPT_DIFFERENT_STRUCTURE","CANONICAL_SEMANTICS","LIKELY_SHARED"
"Katt","Katt:If/Super::Tryg/Behandling","Liv, død og tap","Liv, død og tap – årlig reduksjon","optional","unknown","Tilgjengelig som tillegg (Liv) – 20 % av siste forsikringsårs forsikringssum per fornyelse","Ikke dokumentert i kataloggrunnlaget","full_terms","dyr.liv.reduksjon.sats","SAME_CONCEPT_DIFFERENT_STRUCTURE","CANONICAL_SEMANTICS","LIKELY_SHARED"
"Katt","Katt:If/Super::Tryg/Behandling","Liv, død og tap","Liv, død og tap – forsvinning","unknown","optional","Ikke dokumentert i kataloggrunnlaget","Tilgjengelig som tillegg (Rasekatt død) – Inkludert i livsdekningen","full_terms","dyr.liv.forsvinning","SAME_CONCEPT_DIFFERENT_STRUCTURE","CANONICAL_SEMANTICS","LIKELY_SHARED"
"Katt","Katt:Tryg/Behandling::Gjensidige/Behandling","Veterinærbehandling","Veterinærbehandling – valgbar forsikringssum","included","included","Kundens valgte sum fremgår av forsikringsbeviset","Valgt forsikringssum fremgår av forsikringsbeviset","ipid","dyr.veterinar.sum.valgbar","CUSTOMER_SPECIFIC_REFERENCE","PRODUCT_MODE_ONLY_PRESENTATION","PRODUCT_MODE_ONLY"
"Katt","Katt:Tryg/Behandling::Gjensidige/Behandling","Veterinærbehandling","Veterinærbehandling – valgbar forsikringssum","included","included","Kundens valgte sum fremgår av forsikringsbeviset","Valgt forsikringssum fremgår av forsikringsbeviset","ipid","dyr.veterinar.sum.valgbar","CUSTOMER_SPECIFIC_REFERENCE","PRODUCT_MODE_ONLY_PRESENTATION","PRODUCT_MODE_ONLY"
"Katt","Katt:Tryg/Behandling::Gjensidige/Behandling","Veterinærbehandling","Veterinærbehandling – fast egenandel","included","included","Fremgår av forsikringsbeviset","Fremgår av forsikringsbeviset","ipid","dyr.veterinar.egenandel.fast","CUSTOMER_SPECIFIC_REFERENCE","PRODUCT_MODE_ONLY_PRESENTATION","PRODUCT_MODE_ONLY"
"Katt","Katt:Tryg/Behandling::Gjensidige/Behandling","Veterinærbehandling","Veterinærbehandling – fast egenandel","included","included","Fremgår av forsikringsbeviset","Fremgår av forsikringsbeviset","ipid","dyr.veterinar.egenandel.fast","CUSTOMER_SPECIFIC_REFERENCE","PRODUCT_MODE_ONLY_PRESENTATION","PRODUCT_MODE_ONLY"
"Katt","Katt:Tryg/Behandling::Gjensidige/Behandling","Liv, død og tap","Liv, død og tap – forsvinning","optional","unknown","Tilgjengelig som tillegg (Rasekatt død) – Inkludert i livsdekningen","Ikke dokumentert i kataloggrunnlaget","full_terms","dyr.liv.forsvinning","SAME_CONCEPT_DIFFERENT_STRUCTURE","CANONICAL_SEMANTICS","LIKELY_SHARED"
"Katt","Katt:Tryg/Behandling::Gjensidige/Behandling","Liv, død og tap","Liv, død og tap – opphørsalder","optional","unknown","Tilgjengelig som tillegg (Rasekatt død) – Kan beholdes til katten fyller 12 år","Ikke dokumentert i kataloggrunnlaget","full_terms","dyr.liv.opphor","SAME_CONCEPT_DIFFERENT_STRUCTURE","CANONICAL_SEMANTICS","LIKELY_SHARED"
"Katt","Katt:Tryg/Behandling::Storebrand/Veterinær og Dødsfall","Veterinærbehandling","Veterinærbehandling – valgbar forsikringssum","included","included","Kundens valgte sum fremgår av forsikringsbeviset","Valgt forsikringssum per forsikringsår fremgår av forsikringsbeviset","ipid","dyr.veterinar.sum.valgbar","CUSTOMER_SPECIFIC_REFERENCE","PRODUCT_MODE_ONLY_PRESENTATION","PRODUCT_MODE_ONLY"
"Katt","Katt:Tryg/Behandling::Storebrand/Veterinær og Dødsfall","Veterinærbehandling","Veterinærbehandling – valgbar forsikringssum","included","included","Kundens valgte sum fremgår av forsikringsbeviset","Valgt forsikringssum per forsikringsår fremgår av forsikringsbeviset","full_terms","dyr.veterinar.sum.valgbar","CUSTOMER_SPECIFIC_REFERENCE","PRODUCT_MODE_ONLY_PRESENTATION","PRODUCT_MODE_ONLY"
"Katt","Katt:Tryg/Behandling::Storebrand/Veterinær og Dødsfall","Veterinærbehandling","Veterinærbehandling – fast egenandel","included","included","Fremgår av forsikringsbeviset","2 500 kr per skadetilfelle","ipid","dyr.veterinar.egenandel.fast","CUSTOMER_SPECIFIC_REFERENCE","PRODUCT_MODE_ONLY_PRESENTATION","PRODUCT_MODE_ONLY"
"Katt","Katt:Tryg/Behandling::Storebrand/Veterinær og Dødsfall","Liv, død og tap","Liv, død og tap – forsvinning","optional","unknown","Tilgjengelig som tillegg (Rasekatt død) – Inkludert i livsdekningen","Ikke dokumentert i kataloggrunnlaget","full_terms","dyr.liv.forsvinning","SAME_CONCEPT_DIFFERENT_STRUCTURE","CANONICAL_SEMANTICS","LIKELY_SHARED"
"Katt","Katt:Tryg/Behandling::Storebrand/Veterinær og Dødsfall","Liv, død og tap","Liv, død og tap – valgbar livsforsikringssum","unknown","included","Ikke dokumentert i kataloggrunnlaget","Valgt forsikringssum fremgår av forsikringsbeviset","full_terms","dyr.liv.sum.valgbar","CUSTOMER_SPECIFIC_REFERENCE","PRODUCT_MODE_ONLY_PRESENTATION","PRODUCT_MODE_ONLY"
"Katt","Katt:Tryg/Behandling::Storebrand/Veterinær og Dødsfall","Liv, død og tap","Liv, død og tap – aldersreduksjon starter","unknown","included","Ikke dokumentert i kataloggrunnlaget","Fra 8 år","full_terms","dyr.liv.reduksjon.start","SAME_CONCEPT_DIFFERENT_STRUCTURE","CANONICAL_SEMANTICS","LIKELY_SHARED"
"Katt","Katt:Tryg/Behandling::Storebrand/Veterinær og Dødsfall","Liv, død og tap","Liv, død og tap – årlig reduksjon","unknown","included","Ikke dokumentert i kataloggrunnlaget","90 % ved 8 år, 75 % ved 9 år og 60 % ved 10 år","full_terms","dyr.liv.reduksjon.sats","SAME_CONCEPT_DIFFERENT_STRUCTURE","CANONICAL_SEMANTICS","LIKELY_SHARED"
"Katt","Katt:Tryg/Behandling::Fremtind/Veterinær","Veterinærbehandling","Veterinærbehandling – valgbar forsikringssum","included","included","Kundens valgte sum fremgår av forsikringsbeviset","Valgt forsikringssum gjelder per forsikringsår","ipid","dyr.veterinar.sum.valgbar","CUSTOMER_SPECIFIC_REFERENCE","PRODUCT_MODE_ONLY_PRESENTATION","PRODUCT_MODE_ONLY"
"Katt","Katt:Tryg/Behandling::Fremtind/Veterinær","Veterinærbehandling","Veterinærbehandling – valgbar forsikringssum","included","included","Kundens valgte sum fremgår av forsikringsbeviset","Valgt forsikringssum gjelder per forsikringsår","full_terms","dyr.veterinar.sum.valgbar","CUSTOMER_SPECIFIC_REFERENCE","PRODUCT_MODE_ONLY_PRESENTATION","PRODUCT_MODE_ONLY"
"Katt","Katt:Tryg/Behandling::Fremtind/Veterinær","Veterinærbehandling","Veterinærbehandling – fast egenandel","included","included","Fremgår av forsikringsbeviset","Valg mellom 1 300, 2 000 eller 4 000 kr","ipid","dyr.veterinar.egenandel.fast","CUSTOMER_SPECIFIC_REFERENCE","PRODUCT_MODE_ONLY_PRESENTATION","PRODUCT_MODE_ONLY"
"Katt","Katt:Tryg/Behandling::Fremtind/Veterinær","Veterinærbehandling","Veterinærbehandling – egenandelsperiode","unknown","included","Ikke dokumentert i kataloggrunnlaget","135 dager","full_terms","dyr.veterinar.egenandel.periode","SAME_CONCEPT_DIFFERENT_STRUCTURE","CANONICAL_SEMANTICS","LIKELY_SHARED"
"Katt","Katt:Tryg/Behandling::Fremtind/Veterinær","Medisin og diagnostikk","Medisiner","included","unknown","✓ Inkludert – Inkludert","Ikke dokumentert i kataloggrunnlaget","ipid","dyr.medisin.dekning","SAME_CONCEPT_DIFFERENT_STRUCTURE","CANONICAL_SEMANTICS","LIKELY_SHARED"
"Katt","Katt:Tryg/Behandling::Fremtind/Veterinær","Medisin og diagnostikk","Diagnostikk – grense","unknown","included","Ikke dokumentert i kataloggrunnlaget","MR/CT samlet inntil 15 000 kr per forsikringsår","full_terms","dyr.diagnostikk.grense","SAME_CONCEPT_DIFFERENT_STRUCTURE","CANONICAL_SEMANTICS","LIKELY_SHARED"
"Katt","Katt:Tryg/Behandling::Fremtind/Veterinær","Liv, død og tap","Liv, død og tap – tyveri","unknown","optional","Ikke dokumentert i kataloggrunnlaget","Tilgjengelig som tillegg (Død, tap og tyveri) – Inkludert når livsdekningen er valgt","full_terms","dyr.liv.tyveri","SAME_CONCEPT_DIFFERENT_STRUCTURE","CANONICAL_SEMANTICS","LIKELY_SHARED"
"Katt","Katt:Tryg/Behandling::Fremtind/Veterinær","Liv, død og tap","Liv, død og tap – aldersreduksjon starter","unknown","optional","Ikke dokumentert i kataloggrunnlaget","Tilgjengelig som tillegg (Død, tap og tyveri) – Etter fylte 7 år","full_terms","dyr.liv.reduksjon.start","SAME_CONCEPT_DIFFERENT_STRUCTURE","CANONICAL_SEMANTICS","LIKELY_SHARED"
"Katt","Katt:Tryg/Behandling::Fremtind/Veterinær","Liv, død og tap","Liv, død og tap – årlig reduksjon","unknown","optional","Ikke dokumentert i kataloggrunnlaget","Tilgjengelig som tillegg (Død, tap og tyveri) – 20 % per år","full_terms","dyr.liv.reduksjon.sats","SAME_CONCEPT_DIFFERENT_STRUCTURE","CANONICAL_SEMANTICS","LIKELY_SHARED"
"Katt","Katt:Tryg/Behandling::Frende/Veterinær","Veterinærbehandling","Veterinærbehandling – valgbar forsikringssum","included","included","Kundens valgte sum fremgår av forsikringsbeviset","Per skadetilfelle og samlet per forsikringsår; faktisk sum står i forsikringsbeviset","ipid","dyr.veterinar.sum.valgbar","CUSTOMER_SPECIFIC_REFERENCE","PRODUCT_MODE_ONLY_PRESENTATION","PRODUCT_MODE_ONLY"
"Katt","Katt:Tryg/Behandling::Frende/Veterinær","Veterinærbehandling","Veterinærbehandling – valgbar forsikringssum","included","included","Kundens valgte sum fremgår av forsikringsbeviset","Per skadetilfelle og samlet per forsikringsår; faktisk sum står i forsikringsbeviset","full_terms","dyr.veterinar.sum.valgbar","CUSTOMER_SPECIFIC_REFERENCE","PRODUCT_MODE_ONLY_PRESENTATION","PRODUCT_MODE_ONLY"
"Katt","Katt:Tryg/Behandling::Frende/Veterinær","Veterinærbehandling","Veterinærbehandling – fast egenandel","included","included","Fremgår av forsikringsbeviset","Minst 1 000 kr per skadetilfelle","ipid","dyr.veterinar.egenandel.fast","CUSTOMER_SPECIFIC_REFERENCE","PRODUCT_MODE_ONLY_PRESENTATION","PRODUCT_MODE_ONLY"
"Katt","Katt:Tryg/Behandling::Frende/Veterinær","Veterinærbehandling","Veterinærbehandling – prosentandel","unknown","included","Ikke dokumentert i kataloggrunnlaget","25 % av skaden","full_terms","dyr.veterinar.egenandel.prosent","SAME_CONCEPT_DIFFERENT_STRUCTURE","CANONICAL_SEMANTICS","LIKELY_SHARED"
"Katt","Katt:Tryg/Behandling::Frende/Veterinær","Medisin og diagnostikk","Medisiner","included","optional","✓ Inkludert – Inkludert","Tilgjengelig som tillegg (Medisin) – Valgfri dekning når oppført i forsikringsbeviset","full_terms","dyr.medisin.dekning","CUSTOMER_SPECIFIC_REFERENCE","PRODUCT_MODE_ONLY_PRESENTATION","PRODUCT_MODE_ONLY"
"Katt","Katt:Tryg/Behandling::Frende/Veterinær","Liv, død og tap","Liv, død og tap","optional","optional","Tilgjengelig som tillegg (Rasekatt død) – Valgfri separat dekning","Tilgjengelig som tillegg (Tap) – Valgfri dekning når oppført i forsikringsbeviset","full_terms","dyr.liv.dekning","CUSTOMER_SPECIFIC_REFERENCE","PRODUCT_MODE_ONLY_PRESENTATION","PRODUCT_MODE_ONLY"
"Katt","Katt:If/Super::Frende/Veterinær","Veterinærbehandling","Veterinærbehandling – valgbar forsikringssum","included","included","Valgbar forsikringssum; faktisk valg står i forsikringsbeviset","Per skadetilfelle og samlet per forsikringsår; faktisk sum står i forsikringsbeviset","full_terms","dyr.veterinar.sum.valgbar","CUSTOMER_SPECIFIC_REFERENCE","PRODUCT_MODE_ONLY_PRESENTATION","PRODUCT_MODE_ONLY"
"Katt","Katt:If/Super::Frende/Veterinær","Veterinærbehandling","Veterinærbehandling – valgbar forsikringssum","included","included","Valgbar forsikringssum; faktisk valg står i forsikringsbeviset","Per skadetilfelle og samlet per forsikringsår; faktisk sum står i forsikringsbeviset","full_terms","dyr.veterinar.sum.valgbar","CUSTOMER_SPECIFIC_REFERENCE","PRODUCT_MODE_ONLY_PRESENTATION","PRODUCT_MODE_ONLY"
"Katt","Katt:If/Super::Frende/Veterinær","Veterinærbehandling","Veterinærbehandling – fast egenandel","included","included","Valgbar egenandel; faktisk valg står i forsikringsbeviset","Minst 1 000 kr per skadetilfelle","full_terms","dyr.veterinar.egenandel.fast","CUSTOMER_SPECIFIC_REFERENCE","PRODUCT_MODE_ONLY_PRESENTATION","PRODUCT_MODE_ONLY"
"Katt","Katt:If/Super::Frende/Veterinær","Veterinærbehandling","Veterinærbehandling – overføring av ubrukt forsikringssum","included","unknown","10 000 kr ubrukt sum overføres automatisk; samlet oppspart sum kan ikke overstige det dobbelte av valgt forsikringssum","Ikke dokumentert i kataloggrunnlaget","full_terms","dyr.veterinar.rollover","CUSTOMER_SPECIFIC_REFERENCE","PRODUCT_MODE_ONLY_PRESENTATION","PRODUCT_MODE_ONLY"
"Katt","Katt:If/Super::Frende/Veterinær","Veterinærbehandling","Veterinærbehandling – prosentandel","unknown","included","Ikke dokumentert i kataloggrunnlaget","25 % av skaden","full_terms","dyr.veterinar.egenandel.prosent","SAME_CONCEPT_DIFFERENT_STRUCTURE","CANONICAL_SEMANTICS","LIKELY_SHARED"
"Katt","Katt:If/Super::Frende/Veterinær","Medisin og diagnostikk","Medisiner","included","optional","✓ Inkludert – Inkludert","Tilgjengelig som tillegg (Medisin) – Valgfri dekning når oppført i forsikringsbeviset","full_terms","dyr.medisin.dekning","CUSTOMER_SPECIFIC_REFERENCE","PRODUCT_MODE_ONLY_PRESENTATION","PRODUCT_MODE_ONLY"
"Katt","Katt:If/Super::Frende/Veterinær","Allergi, sykdom og fødsel","Allergi og atopi","included","unknown","✓ Inkludert – Inkludert innen valgt veterinærsum","Ikke dokumentert i kataloggrunnlaget","full_terms","dyr.allergi.dekning","SAME_CONCEPT_DIFFERENT_STRUCTURE","CANONICAL_SEMANTICS","LIKELY_SHARED"
"Katt","Katt:If/Super::Frende/Veterinær","Allergi, sykdom og fødsel","Allergi og atopi – grense","unknown","included","Ikke dokumentert i kataloggrunnlaget","Inntil 15 000 kr","full_terms","dyr.allergi.grense","SAME_CONCEPT_DIFFERENT_STRUCTURE","CANONICAL_SEMANTICS","LIKELY_SHARED"
"Katt","Katt:If/Super::Frende/Veterinær","Liv, død og tap","Liv, død og tap","optional","optional","Tilgjengelig som tillegg (Liv) – Valgfri separat dekning","Tilgjengelig som tillegg (Tap) – Valgfri dekning når oppført i forsikringsbeviset","full_terms","dyr.liv.dekning","CUSTOMER_SPECIFIC_REFERENCE","PRODUCT_MODE_ONLY_PRESENTATION","PRODUCT_MODE_ONLY"
"Katt","Katt:If/Super::Frende/Veterinær","Liv, død og tap","Liv, død og tap – valgbar livsforsikringssum","optional","unknown","Tilgjengelig som tillegg (Liv) – Forsikringssum velges og står i forsikringsbeviset","Ikke dokumentert i kataloggrunnlaget","full_terms","dyr.liv.sum.valgbar","CUSTOMER_SPECIFIC_REFERENCE","PRODUCT_MODE_ONLY_PRESENTATION","PRODUCT_MODE_ONLY"
"Katt","Katt:If/Super::Frende/Veterinær","Liv, død og tap","Liv, død og tap – aldersreduksjon starter","optional","unknown","Tilgjengelig som tillegg (Liv) – Fra 10 år","Ikke dokumentert i kataloggrunnlaget","full_terms","dyr.liv.reduksjon.start","SAME_CONCEPT_DIFFERENT_STRUCTURE","CANONICAL_SEMANTICS","LIKELY_SHARED"
"Katt","Katt:If/Super::Frende/Veterinær","Liv, død og tap","Liv, død og tap – årlig reduksjon","optional","unknown","Tilgjengelig som tillegg (Liv) – 20 % av siste forsikringsårs forsikringssum per fornyelse","Ikke dokumentert i kataloggrunnlaget","full_terms","dyr.liv.reduksjon.sats","SAME_CONCEPT_DIFFERENT_STRUCTURE","CANONICAL_SEMANTICS","LIKELY_SHARED"
"Katt","Katt:If/Super::Frende/Veterinær","Liv, død og tap","Liv, død og tap – forsvinning","unknown","optional","Ikke dokumentert i kataloggrunnlaget","Tilgjengelig som tillegg (Tap) – Inkludert i valgt Tap-dekning","full_terms","dyr.liv.forsvinning","SAME_CONCEPT_DIFFERENT_STRUCTURE","CANONICAL_SEMANTICS","LIKELY_SHARED"
"Katt","Katt:Gjensidige/Behandling::Storebrand/Veterinær og Dødsfall","Veterinærbehandling","Veterinærbehandling – valgbar forsikringssum","included","included","Valgt forsikringssum fremgår av forsikringsbeviset","Valgt forsikringssum per forsikringsår fremgår av forsikringsbeviset","ipid","dyr.veterinar.sum.valgbar","CUSTOMER_SPECIFIC_REFERENCE","PRODUCT_MODE_ONLY_PRESENTATION","PRODUCT_MODE_ONLY"
"Katt","Katt:Gjensidige/Behandling::Storebrand/Veterinær og Dødsfall","Veterinærbehandling","Veterinærbehandling – valgbar forsikringssum","included","included","Valgt forsikringssum fremgår av forsikringsbeviset","Valgt forsikringssum per forsikringsår fremgår av forsikringsbeviset","full_terms","dyr.veterinar.sum.valgbar","CUSTOMER_SPECIFIC_REFERENCE","PRODUCT_MODE_ONLY_PRESENTATION","PRODUCT_MODE_ONLY"
"Katt","Katt:Gjensidige/Behandling::Storebrand/Veterinær og Dødsfall","Veterinærbehandling","Veterinærbehandling – fast egenandel","included","included","Fremgår av forsikringsbeviset","2 500 kr per skadetilfelle","ipid","dyr.veterinar.egenandel.fast","CUSTOMER_SPECIFIC_REFERENCE","PRODUCT_MODE_ONLY_PRESENTATION","PRODUCT_MODE_ONLY"
"Katt","Katt:Gjensidige/Behandling::Storebrand/Veterinær og Dødsfall","Liv, død og tap","Liv, død og tap – valgbar livsforsikringssum","unknown","included","Ikke dokumentert i kataloggrunnlaget","Valgt forsikringssum fremgår av forsikringsbeviset","full_terms","dyr.liv.sum.valgbar","CUSTOMER_SPECIFIC_REFERENCE","PRODUCT_MODE_ONLY_PRESENTATION","PRODUCT_MODE_ONLY"
"Katt","Katt:Gjensidige/Behandling::Storebrand/Veterinær og Dødsfall","Liv, død og tap","Liv, død og tap – aldersreduksjon starter","unknown","included","Ikke dokumentert i kataloggrunnlaget","Fra 8 år","full_terms","dyr.liv.reduksjon.start","SAME_CONCEPT_DIFFERENT_STRUCTURE","CANONICAL_SEMANTICS","LIKELY_SHARED"
"Katt","Katt:Gjensidige/Behandling::Storebrand/Veterinær og Dødsfall","Liv, død og tap","Liv, død og tap – årlig reduksjon","unknown","included","Ikke dokumentert i kataloggrunnlaget","90 % ved 8 år, 75 % ved 9 år og 60 % ved 10 år","full_terms","dyr.liv.reduksjon.sats","SAME_CONCEPT_DIFFERENT_STRUCTURE","CANONICAL_SEMANTICS","LIKELY_SHARED"
"Katt","Katt:Gjensidige/Behandling::Storebrand/Veterinær og Dødsfall","Liv, død og tap","Liv, død og tap – opphørsalder","unknown","included","Ikke dokumentert i kataloggrunnlaget","Første forfall etter fylte 10 år","full_terms","dyr.liv.opphor","SAME_CONCEPT_DIFFERENT_STRUCTURE","CANONICAL_SEMANTICS","LIKELY_SHARED"
"Katt","Katt:Fremtind/Veterinær::If/Super","Veterinærbehandling","Veterinærbehandling – valgbar forsikringssum","included","included","Valgt forsikringssum gjelder per forsikringsår","Valgbar forsikringssum; faktisk valg står i forsikringsbeviset","full_terms","dyr.veterinar.sum.valgbar","CUSTOMER_SPECIFIC_REFERENCE","PRODUCT_MODE_ONLY_PRESENTATION","PRODUCT_MODE_ONLY"
"Katt","Katt:Fremtind/Veterinær::If/Super","Veterinærbehandling","Veterinærbehandling – valgbar forsikringssum","included","included","Valgt forsikringssum gjelder per forsikringsår","Valgbar forsikringssum; faktisk valg står i forsikringsbeviset","full_terms","dyr.veterinar.sum.valgbar","CUSTOMER_SPECIFIC_REFERENCE","PRODUCT_MODE_ONLY_PRESENTATION","PRODUCT_MODE_ONLY"
"Katt","Katt:Fremtind/Veterinær::If/Super","Veterinærbehandling","Veterinærbehandling – fast egenandel","included","included","Valg mellom 1 300, 2 000 eller 4 000 kr","Valgbar egenandel; faktisk valg står i forsikringsbeviset","full_terms","dyr.veterinar.egenandel.fast","CUSTOMER_SPECIFIC_REFERENCE","PRODUCT_MODE_ONLY_PRESENTATION","PRODUCT_MODE_ONLY"
"Katt","Katt:Fremtind/Veterinær::If/Super","Veterinærbehandling","Veterinærbehandling – egenandelsperiode","included","unknown","135 dager","Ikke dokumentert i kataloggrunnlaget","full_terms","dyr.veterinar.egenandel.periode","SAME_CONCEPT_DIFFERENT_STRUCTURE","CANONICAL_SEMANTICS","LIKELY_SHARED"
"Katt","Katt:Fremtind/Veterinær::If/Super","Veterinærbehandling","Veterinærbehandling – overføring av ubrukt forsikringssum","unknown","included","Ikke dokumentert i kataloggrunnlaget","10 000 kr ubrukt sum overføres automatisk; samlet oppspart sum kan ikke overstige det dobbelte av valgt forsikringssum","full_terms","dyr.veterinar.rollover","CUSTOMER_SPECIFIC_REFERENCE","PRODUCT_MODE_ONLY_PRESENTATION","PRODUCT_MODE_ONLY"
"Katt","Katt:Fremtind/Veterinær::If/Super","Medisin og diagnostikk","Diagnostikk – grense","included","unknown","MR/CT samlet inntil 15 000 kr per forsikringsår","Ikke dokumentert i kataloggrunnlaget","full_terms","dyr.diagnostikk.grense","SAME_CONCEPT_DIFFERENT_STRUCTURE","CANONICAL_SEMANTICS","LIKELY_SHARED"
"Katt","Katt:Fremtind/Veterinær::If/Super","Medisin og diagnostikk","Medisiner","unknown","included","Ikke dokumentert i kataloggrunnlaget","✓ Inkludert – Inkludert","full_terms","dyr.medisin.dekning","SAME_CONCEPT_DIFFERENT_STRUCTURE","CANONICAL_SEMANTICS","LIKELY_SHARED"
"Katt","Katt:Fremtind/Veterinær::If/Super","Liv, død og tap","Liv, død og tap – forsvinning","optional","unknown","Tilgjengelig som tillegg (Død, tap og tyveri) – Inkludert når livsdekningen er valgt","Ikke dokumentert i kataloggrunnlaget","full_terms","dyr.liv.forsvinning","SAME_CONCEPT_DIFFERENT_STRUCTURE","CANONICAL_SEMANTICS","LIKELY_SHARED"
"Katt","Katt:Fremtind/Veterinær::If/Super","Liv, død og tap","Liv, død og tap – tyveri","optional","unknown","Tilgjengelig som tillegg (Død, tap og tyveri) – Inkludert når livsdekningen er valgt","Ikke dokumentert i kataloggrunnlaget","full_terms","dyr.liv.tyveri","SAME_CONCEPT_DIFFERENT_STRUCTURE","CANONICAL_SEMANTICS","LIKELY_SHARED"
"Katt","Katt:Fremtind/Veterinær::If/Super","Liv, død og tap","Liv, død og tap – valgbar livsforsikringssum","unknown","optional","Ikke dokumentert i kataloggrunnlaget","Tilgjengelig som tillegg (Liv) – Forsikringssum velges og står i forsikringsbeviset","full_terms","dyr.liv.sum.valgbar","CUSTOMER_SPECIFIC_REFERENCE","PRODUCT_MODE_ONLY_PRESENTATION","PRODUCT_MODE_ONLY"
"Katt","Katt:If/Basis::If/Super","Veterinærbehandling","Veterinærbehandling – valgbar forsikringssum","included","included","Valgbar forsikringssum; faktisk valg står i forsikringsbeviset","Valgbar forsikringssum; faktisk valg står i forsikringsbeviset","full_terms","dyr.veterinar.sum.valgbar","CUSTOMER_SPECIFIC_REFERENCE","PRODUCT_MODE_ONLY_PRESENTATION","PRODUCT_MODE_ONLY"
"Katt","Katt:If/Basis::If/Super","Veterinærbehandling","Veterinærbehandling – valgbar forsikringssum","included","included","Valgbar forsikringssum; faktisk valg står i forsikringsbeviset","Valgbar forsikringssum; faktisk valg står i forsikringsbeviset","full_terms","dyr.veterinar.sum.valgbar","CUSTOMER_SPECIFIC_REFERENCE","PRODUCT_MODE_ONLY_PRESENTATION","PRODUCT_MODE_ONLY"
"Katt","Katt:If/Basis::If/Super","Veterinærbehandling","Veterinærbehandling – fast egenandel","included","included","Valgbar egenandel; faktisk valg står i forsikringsbeviset","Valgbar egenandel; faktisk valg står i forsikringsbeviset","full_terms","dyr.veterinar.egenandel.fast","CUSTOMER_SPECIFIC_REFERENCE","PRODUCT_MODE_ONLY_PRESENTATION","PRODUCT_MODE_ONLY"
"Katt","Katt:If/Basis::If/Super","Veterinærbehandling","Veterinærbehandling – fast egenandel","included","included","Valgbar egenandel; faktisk valg står i forsikringsbeviset","Valgbar egenandel; faktisk valg står i forsikringsbeviset","full_terms","dyr.veterinar.egenandel.fast","CUSTOMER_SPECIFIC_REFERENCE","PRODUCT_MODE_ONLY_PRESENTATION","PRODUCT_MODE_ONLY"
"Katt","Katt:If/Basis::If/Super","Veterinærbehandling","Veterinærbehandling – overføring av ubrukt forsikringssum","unknown","included","Ikke dokumentert i kataloggrunnlaget","10 000 kr ubrukt sum overføres automatisk; samlet oppspart sum kan ikke overstige det dobbelte av valgt forsikringssum","full_terms","dyr.veterinar.rollover","CUSTOMER_SPECIFIC_REFERENCE","PRODUCT_MODE_ONLY_PRESENTATION","PRODUCT_MODE_ONLY"
"Katt","Katt:If/Basis::If/Super","Liv, død og tap","Liv, død og tap – valgbar livsforsikringssum","optional","optional","Tilgjengelig som tillegg (Liv) – Forsikringssum velges og står i forsikringsbeviset","Tilgjengelig som tillegg (Liv) – Forsikringssum velges og står i forsikringsbeviset","full_terms","dyr.liv.sum.valgbar","CUSTOMER_SPECIFIC_REFERENCE","PRODUCT_MODE_ONLY_PRESENTATION","PRODUCT_MODE_ONLY"
"Katt","Katt:If/Basis::If/Super","Liv, død og tap","Liv, død og tap – valgbar livsforsikringssum","optional","optional","Tilgjengelig som tillegg (Liv) – Forsikringssum velges og står i forsikringsbeviset","Tilgjengelig som tillegg (Liv) – Forsikringssum velges og står i forsikringsbeviset","full_terms","dyr.liv.sum.valgbar","CUSTOMER_SPECIFIC_REFERENCE","PRODUCT_MODE_ONLY_PRESENTATION","PRODUCT_MODE_ONLY"
"Katt","Katt:Storebrand/Veterinær::Storebrand/Veterinær og Dødsfall","Veterinærbehandling","Veterinærbehandling – valgbar forsikringssum","included","included","Valgt forsikringssum per forsikringsår fremgår av forsikringsbeviset","Valgt forsikringssum per forsikringsår fremgår av forsikringsbeviset","full_terms","dyr.veterinar.sum.valgbar","CUSTOMER_SPECIFIC_REFERENCE","PRODUCT_MODE_ONLY_PRESENTATION","PRODUCT_MODE_ONLY"
"Katt","Katt:Storebrand/Veterinær::Storebrand/Veterinær og Dødsfall","Veterinærbehandling","Veterinærbehandling – valgbar forsikringssum","included","included","Valgt forsikringssum per forsikringsår fremgår av forsikringsbeviset","Valgt forsikringssum per forsikringsår fremgår av forsikringsbeviset","full_terms","dyr.veterinar.sum.valgbar","CUSTOMER_SPECIFIC_REFERENCE","PRODUCT_MODE_ONLY_PRESENTATION","PRODUCT_MODE_ONLY"
"Katt","Katt:Storebrand/Veterinær::Storebrand/Veterinær og Dødsfall","Liv, død og tap","Liv, død og tap – valgbar livsforsikringssum","unknown","included","Ikke dokumentert i kataloggrunnlaget","Valgt forsikringssum fremgår av forsikringsbeviset","full_terms","dyr.liv.sum.valgbar","CUSTOMER_SPECIFIC_REFERENCE","PRODUCT_MODE_ONLY_PRESENTATION","PRODUCT_MODE_ONLY"
"Katt","Katt:Tryg/Behandling::Tryg/Behandling","Veterinærbehandling","Veterinærbehandling – valgbar forsikringssum","included","included","Kundens valgte sum fremgår av forsikringsbeviset","Kundens valgte sum fremgår av forsikringsbeviset","ipid","dyr.veterinar.sum.valgbar","CUSTOMER_SPECIFIC_REFERENCE","PRODUCT_MODE_ONLY_PRESENTATION","PRODUCT_MODE_ONLY"
"Katt","Katt:Tryg/Behandling::Tryg/Behandling","Veterinærbehandling","Veterinærbehandling – valgbar forsikringssum","included","included","Kundens valgte sum fremgår av forsikringsbeviset","Kundens valgte sum fremgår av forsikringsbeviset","ipid","dyr.veterinar.sum.valgbar","CUSTOMER_SPECIFIC_REFERENCE","PRODUCT_MODE_ONLY_PRESENTATION","PRODUCT_MODE_ONLY"
"Katt","Katt:Tryg/Behandling::Tryg/Behandling","Veterinærbehandling","Veterinærbehandling – fast egenandel","included","included","Fremgår av forsikringsbeviset","Fremgår av forsikringsbeviset","ipid","dyr.veterinar.egenandel.fast","CUSTOMER_SPECIFIC_REFERENCE","PRODUCT_MODE_ONLY_PRESENTATION","PRODUCT_MODE_ONLY"
"Katt","Katt:Tryg/Behandling::Tryg/Behandling","Veterinærbehandling","Veterinærbehandling – fast egenandel","included","included","Fremgår av forsikringsbeviset","Fremgår av forsikringsbeviset","ipid","dyr.veterinar.egenandel.fast","CUSTOMER_SPECIFIC_REFERENCE","PRODUCT_MODE_ONLY_PRESENTATION","PRODUCT_MODE_ONLY"
